City,User_Category,Mobility_Profile,Hour_Interval,Peak_Status,Season,Avg_Stress,N_Records,Std_Stress,Confidence
Bordeaux,bus,High Stress,00:00 - 01:00,Night,Summer,3.0,1,0.0,0.1
Bordeaux,bus,High Stress,00:00 - 01:00,Night,Winter,2.0,1,0.0,0.1
Bordeaux,bus,High Stress,01:00 - 02:00,Night,Summer,3.0,1,0.0,0.1
Bordeaux,bus,High Stress,02:00 - 03:00,Night,Summer,3.0,2,1.4142135623730951,0.2
Bordeaux,bus,High Stress,03:00 - 04:00,Night,Spring,3.0,1,0.0,0.1
Bordeaux,bus,High Stress,04:00 - 05:00,Night,Autumn,3.0,2,1.4142135623730951,0.2
Bordeaux,bus,High Stress,06:00 - 07:00,Night,Summer,2.3333333333333335,3,1.1547005383792517,0.3
Bordeaux,bus,High Stress,07:00 - 08:00,Peak,Spring,1.6666666666666667,3,0.5773502691896257,0.3
Bordeaux,bus,High Stress,07:00 - 08:00,Peak,Winter,1.0,1,0.0,0.1
Bordeaux,bus,High Stress,08:00 - 09:00,Peak,Spring,2.0,1,0.0,0.1
Bordeaux,bus,High Stress,08:00 - 09:00,Peak,Summer,2.0,1,0.0,0.1
Bordeaux,bus,High Stress,09:00 - 10:00,Peak,Autumn,2.0,1,0.0,0.1
Bordeaux,bus,High Stress,09:00 - 10:00,Peak,Spring,2.0,1,0.0,0.1
Bordeaux,bus,High Stress,09:00 - 10:00,Peak,Summer,2.0,2,0.0,0.2
Bordeaux,bus,High Stress,09:00 - 10:00,Peak,Winter,2.0,2,0.0,0.2
Bordeaux,bus,High Stress,10:00 - 11:00,Off-Peak,Spring,2.0,1,0.0,0.1
Bordeaux,bus,High Stress,10:00 - 11:00,Off-Peak,Winter,2.5,2,2.1213203435596424,0.2
Bordeaux,bus,High Stress,11:00 - 12:00,Off-Peak,Spring,3.0,1,0.0,0.1
Bordeaux,bus,High Stress,11:00 - 12:00,Off-Peak,Summer,2.5,2,2.1213203435596424,0.2
Bordeaux,bus,High Stress,12:00 - 13:00,Off-Peak,Autumn,4.0,1,0.0,0.1
Bordeaux,bus,High Stress,12:00 - 13:00,Off-Peak,Spring,3.0,2,0.0,0.2
Bordeaux,bus,High Stress,12:00 - 13:00,Off-Peak,Winter,3.0,1,0.0,0.1
Bordeaux,bus,High Stress,13:00 - 14:00,Off-Peak,Summer,3.0,1,0.0,0.1
Bordeaux,bus,High Stress,14:00 - 15:00,Off-Peak,Autumn,3.6666666666666665,3,0.5773502691896258,0.3
Bordeaux,bus,High Stress,14:00 - 15:00,Off-Peak,Spring,2.0,1,0.0,0.1
Bordeaux,bus,High Stress,15:00 - 16:00,Off-Peak,Summer,3.0,2,0.0,0.2
Bordeaux,bus,High Stress,16:00 - 17:00,Off-Peak,Autumn,1.0,1,0.0,0.1
Bordeaux,bus,High Stress,16:00 - 17:00,Off-Peak,Summer,,0,0.0,0.0
Bordeaux,bus,High Stress,17:00 - 18:00,Peak,Autumn,2.6666666666666665,3,1.1547005383792515,0.3
Bordeaux,bus,High Stress,17:00 - 18:00,Peak,Winter,4.0,1,0.0,0.1
Bordeaux,bus,High Stress,18:00 - 19:00,Peak,Autumn,3.0,1,0.0,0.1
Bordeaux,bus,High Stress,18:00 - 19:00,Peak,Spring,4.0,1,0.0,0.1
Bordeaux,bus,High Stress,18:00 - 19:00,Peak,Summer,4.0,1,0.0,0.1
Bordeaux,bus,High Stress,19:00 - 20:00,Peak,Autumn,2.0,1,0.0,0.1
Bordeaux,bus,High Stress,19:00 - 20:00,Peak,Spring,4.0,2,1.4142135623730951,0.2
Bordeaux,bus,High Stress,20:00 - 21:00,Night,Autumn,4.0,1,0.0,0.1
Bordeaux,bus,High Stress,20:00 - 21:00,Night,Spring,4.0,1,0.0,0.1
Bordeaux,bus,High Stress,20:00 - 21:00,Night,Winter,3.0,1,0.0,0.1
Bordeaux,bus,High Stress,21:00 - 22:00,Night,Autumn,2.0,1,0.0,0.1
Bordeaux,bus,High Stress,21:00 - 22:00,Night,Spring,3.0,1,0.0,0.1
Bordeaux,bus,High Stress,21:00 - 22:00,Night,Summer,3.0,2,0.0,0.2
Bordeaux,bus,High Stress,22:00 - 23:00,Night,Autumn,3.0,1,0.0,0.1
Bordeaux,bus,High Stress,23:00 - 24:00,Night,Autumn,1.0,1,0.0,0.1
Bordeaux,bus,High Stress,23:00 - 24:00,Night,Spring,2.0,2,1.4142135623730951,0.2
Bordeaux,bus,High Stress,23:00 - 24:00,Night,Winter,3.0,1,0.0,0.1
Bordeaux,bus,Low Stress,00:00 - 01:00,Night,Autumn,3.0,1,0.0,0.1
Bordeaux,bus,Low Stress,00:00 - 01:00,Night,Spring,2.0,2,1.4142135623730951,0.2
Bordeaux,bus,Low Stress,00:00 - 01:00,Night,Summer,2.0,7,1.1547005383792515,0.7
Bordeaux,bus,Low Stress,00:00 - 01:00,Night,Winter,2.6666666666666665,6,1.2110601416389966,0.6
Bordeaux,bus,Low Stress,01:00 - 02:00,Night,Autumn,3.3333333333333335,3,0.5773502691896257,0.3
Bordeaux,bus,Low Stress,01:00 - 02:00,Night,Spring,,0,0.0,0.0
Bordeaux,bus,Low Stress,01:00 - 02:00,Night,Winter,2.0,1,0.0,0.1
Bordeaux,bus,Low Stress,02:00 - 03:00,Night,Autumn,3.0,2,0.0,0.2
Bordeaux,bus,Low Stress,02:00 - 03:00,Night,Spring,2.5,2,0.7071067811865476,0.2
Bordeaux,bus,Low Stress,02:00 - 03:00,Night,Summer,3.0,2,0.0,0.2
Bordeaux,bus,Low Stress,03:00 - 04:00,Night,Autumn,2.3333333333333335,3,0.5773502691896258,0.3
Bordeaux,bus,Low Stress,03:00 - 04:00,Night,Spring,2.0,3,0.0,0.3
Bordeaux,bus,Low Stress,03:00 - 04:00,Night,Summer,3.3333333333333335,3,0.5773502691896257,0.3
Bordeaux,bus,Low Stress,04:00 - 05:00,Night,Autumn,2.5,2,0.7071067811865476,0.2
Bordeaux,bus,Low Stress,04:00 - 05:00,Night,Spring,3.25,4,0.49999999999999994,0.4
Bordeaux,bus,Low Stress,04:00 - 05:00,Night,Summer,3.3333333333333335,3,1.1547005383792515,0.3
Bordeaux,bus,Low Stress,04:00 - 05:00,Night,Winter,3.5,2,0.7071067811865476,0.2
Bordeaux,bus,Low Stress,05:00 - 06:00,Night,Autumn,3.0,1,0.0,0.1
Bordeaux,bus,Low Stress,05:00 - 06:00,Night,Summer,2.6666666666666665,3,0.5773502691896257,0.3
Bordeaux,bus,Low Stress,05:00 - 06:00,Night,Winter,2.0,1,0.0,0.1
Bordeaux,bus,Low Stress,06:00 - 07:00,Night,Autumn,2.8,5,1.0954451150103324,0.5
Bordeaux,bus,Low Stress,06:00 - 07:00,Night,Spring,3.4,5,1.140175425099138,0.5
Bordeaux,bus,Low Stress,06:00 - 07:00,Night,Winter,2.6666666666666665,3,1.5275252316519465,0.3
Bordeaux,bus,Low Stress,07:00 - 08:00,Peak,Autumn,2.0,5,1.224744871391589,0.5
Bordeaux,bus,Low Stress,07:00 - 08:00,Peak,Spring,2.0,2,1.4142135623730951,0.2
Bordeaux,bus,Low Stress,07:00 - 08:00,Peak,Summer,1.8333333333333333,6,0.983192080250175,0.6
Bordeaux,bus,Low Stress,07:00 - 08:00,Peak,Winter,2.0,1,0.0,0.1
Bordeaux,bus,Low Stress,08:00 - 09:00,Peak,Autumn,3.5,2,0.7071067811865476,0.2
Bordeaux,bus,Low Stress,08:00 - 09:00,Peak,Spring,4.0,1,0.0,0.1
Bordeaux,bus,Low Stress,08:00 - 09:00,Peak,Summer,3.2,5,1.0954451150103321,0.5
Bordeaux,bus,Low Stress,08:00 - 09:00,Peak,Winter,,0,0.0,0.0
Bordeaux,bus,Low Stress,09:00 - 10:00,Peak,Autumn,2.0,1,0.0,0.1
Bordeaux,bus,Low Stress,09:00 - 10:00,Peak,Spring,2.75,4,1.2583057392117916,0.4
Bordeaux,bus,Low Stress,09:00 - 10:00,Peak,Summer,2.25,4,0.5,0.4
Bordeaux,bus,Low Stress,09:00 - 10:00,Peak,Winter,4.5,2,0.7071067811865476,0.2
Bordeaux,bus,Low Stress,10:00 - 11:00,Off-Peak,Autumn,2.0,2,0.0,0.2
Bordeaux,bus,Low Stress,10:00 - 11:00,Off-Peak,Spring,3.0,4,0.816496580927726,0.4
Bordeaux,bus,Low Stress,10:00 - 11:00,Off-Peak,Summer,1.0,1,0.0,0.1
Bordeaux,bus,Low Stress,10:00 - 11:00,Off-Peak,Winter,2.0,3,1.0,0.3
Bordeaux,bus,Low Stress,11:00 - 12:00,Off-Peak,Autumn,2.5,4,1.2909944487358056,0.4
Bordeaux,bus,Low Stress,11:00 - 12:00,Off-Peak,Spring,2.5,4,1.2909944487358056,0.4
Bordeaux,bus,Low Stress,11:00 - 12:00,Off-Peak,Summer,3.6666666666666665,3,1.5275252316519468,0.3
Bordeaux,bus,Low Stress,11:00 - 12:00,Off-Peak,Winter,2.0,4,0.816496580927726,0.4
Bordeaux,bus,Low Stress,12:00 - 13:00,Off-Peak,Autumn,2.0,4,0.816496580927726,0.4
Bordeaux,bus,Low Stress,12:00 - 13:00,Off-Peak,Spring,2.75,4,0.9574271077563381,0.4
Bordeaux,bus,Low Stress,12:00 - 13:00,Off-Peak,Summer,2.0,1,0.0,0.1
Bordeaux,bus,Low Stress,12:00 - 13:00,Off-Peak,Winter,3.0,2,0.0,0.2
Bordeaux,bus,Low Stress,13:00 - 14:00,Off-Peak,Autumn,1.0,1,0.0,0.1
Bordeaux,bus,Low Stress,13:00 - 14:00,Off-Peak,Spring,2.6666666666666665,3,1.1547005383792517,0.3
Bordeaux,bus,Low Stress,13:00 - 14:00,Off-Peak,Summer,2.5,2,0.7071067811865476,0.2
Bordeaux,bus,Low Stress,13:00 - 14:00,Off-Peak,Winter,2.0,3,1.7320508075688772,0.3
Bordeaux,bus,Low Stress,14:00 - 15:00,Off-Peak,Autumn,2.4,5,0.8944271909999159,0.5
Bordeaux,bus,Low Stress,14:00 - 15:00,Off-Peak,Spring,2.6666666666666665,3,1.5275252316519468,0.3
Bordeaux,bus,Low Stress,14:00 - 15:00,Off-Peak,Summer,3.0,1,0.0,0.1
Bordeaux,bus,Low Stress,14:00 - 15:00,Off-Peak,Winter,2.0,1,0.0,0.1
Bordeaux,bus,Low Stress,15:00 - 16:00,Off-Peak,Autumn,3.0,1,0.0,0.1
Bordeaux,bus,Low Stress,15:00 - 16:00,Off-Peak,Spring,2.4285714285714284,7,1.1338934190276817,0.7
Bordeaux,bus,Low Stress,15:00 - 16:00,Off-Peak,Summer,2.5,2,2.1213203435596424,0.2
Bordeaux,bus,Low Stress,15:00 - 16:00,Off-Peak,Winter,3.0,4,0.816496580927726,0.4
Bordeaux,bus,Low Stress,16:00 - 17:00,Off-Peak,Autumn,3.25,4,1.2583057392117916,0.4
Bordeaux,bus,Low Stress,16:00 - 17:00,Off-Peak,Spring,3.5,4,1.2909944487358054,0.4
Bordeaux,bus,Low Stress,16:00 - 17:00,Off-Peak,Summer,2.5,2,2.1213203435596424,0.2
Bordeaux,bus,Low Stress,16:00 - 17:00,Off-Peak,Winter,2.5,4,0.5773502691896257,0.4
Bordeaux,bus,Low Stress,17:00 - 18:00,Peak,Autumn,2.0,3,0.0,0.3
Bordeaux,bus,Low Stress,17:00 - 18:00,Peak,Spring,2.5,2,0.7071067811865476,0.2
Bordeaux,bus,Low Stress,17:00 - 18:00,Peak,Summer,1.0,1,0.0,0.1
Bordeaux,bus,Low Stress,17:00 - 18:00,Peak,Winter,1.0,1,0.0,0.1
Bordeaux,bus,Low Stress,18:00 - 19:00,Peak,Autumn,1.0,1,0.0,0.1
Bordeaux,bus,Low Stress,18:00 - 19:00,Peak,Spring,2.3333333333333335,3,0.5773502691896258,0.3
Bordeaux,bus,Low Stress,18:00 - 19:00,Peak,Summer,2.3333333333333335,3,0.5773502691896257,0.3
Bordeaux,bus,Low Stress,18:00 - 19:00,Peak,Winter,,0,0.0,0.0
Bordeaux,bus,Low Stress,19:00 - 20:00,Peak,Autumn,3.0,5,0.0,0.5
Bordeaux,bus,Low Stress,19:00 - 20:00,Peak,Spring,1.5,2,0.7071067811865476,0.2
Bordeaux,bus,Low Stress,19:00 - 20:00,Peak,Summer,1.75,4,0.9574271077563381,0.4
Bordeaux,bus,Low Stress,19:00 - 20:00,Peak,Winter,3.2,5,0.447213595499958,0.5
Bordeaux,bus,Low Stress,20:00 - 21:00,Night,Autumn,2.8,5,0.8366600265340756,0.5
Bordeaux,bus,Low Stress,20:00 - 21:00,Night,Spring,2.75,4,0.5,0.4
Bordeaux,bus,Low Stress,20:00 - 21:00,Night,Summer,1.5,2,0.7071067811865476,0.2
Bordeaux,bus,Low Stress,20:00 - 21:00,Night,Winter,2.0,1,0.0,0.1
Bordeaux,bus,Low Stress,21:00 - 22:00,Night,Autumn,1.0,1,0.0,0.1
Bordeaux,bus,Low Stress,21:00 - 22:00,Night,Spring,2.25,4,0.9574271077563381,0.4
Bordeaux,bus,Low Stress,21:00 - 22:00,Night,Summer,3.0,2,1.4142135623730951,0.2
Bordeaux,bus,Low Stress,21:00 - 22:00,Night,Winter,3.0,2,1.4142135623730951,0.2
Bordeaux,bus,Low Stress,22:00 - 23:00,Night,Autumn,4.0,1,0.0,0.1
Bordeaux,bus,Low Stress,22:00 - 23:00,Night,Spring,2.5,2,0.7071067811865476,0.2
Bordeaux,bus,Low Stress,22:00 - 23:00,Night,Summer,2.6666666666666665,3,0.5773502691896257,0.3
Bordeaux,bus,Low Stress,22:00 - 23:00,Night,Winter,3.5,2,2.1213203435596424,0.2
Bordeaux,bus,Low Stress,23:00 - 24:00,Night,Autumn,3.6666666666666665,3,1.5275252316519468,0.3
Bordeaux,bus,Low Stress,23:00 - 24:00,Night,Spring,2.3333333333333335,3,1.5275252316519465,0.3
Bordeaux,bus,Low Stress,23:00 - 24:00,Night,Summer,3.0,1,0.0,0.1
Bordeaux,bus,Low Stress,23:00 - 24:00,Night,Winter,2.4,5,1.1401754250991378,0.5
Bordeaux,métro,High Stress,00:00 - 01:00,Night,Summer,2.0,1,0.0,0.1
Bordeaux,métro,High Stress,00:00 - 01:00,Night,Winter,3.0,1,0.0,0.1
Bordeaux,métro,High Stress,02:00 - 03:00,Night,Spring,2.5,2,0.7071067811865476,0.2
Bordeaux,métro,High Stress,02:00 - 03:00,Night,Winter,2.0,1,0.0,0.1
Bordeaux,métro,High Stress,03:00 - 04:00,Night,Winter,3.0,2,0.0,0.2
Bordeaux,métro,High Stress,04:00 - 05:00,Night,Spring,2.0,1,0.0,0.1
Bordeaux,métro,High Stress,04:00 - 05:00,Night,Summer,3.0,1,0.0,0.1
Bordeaux,métro,High Stress,04:00 - 05:00,Night,Winter,4.0,2,0.0,0.2
Bordeaux,métro,High Stress,05:00 - 06:00,Night,Spring,3.0,1,0.0,0.1
Bordeaux,métro,High Stress,05:00 - 06:00,Night,Summer,1.0,1,0.0,0.1
Bordeaux,métro,High Stress,06:00 - 07:00,Night,Autumn,2.0,1,0.0,0.1
Bordeaux,métro,High Stress,06:00 - 07:00,Night,Spring,2.0,1,0.0,0.1
Bordeaux,métro,High Stress,06:00 - 07:00,Night,Winter,3.0,1,0.0,0.1
Bordeaux,métro,High Stress,07:00 - 08:00,Peak,Summer,2.0,1,0.0,0.1
Bordeaux,métro,High Stress,08:00 - 09:00,Peak,Summer,3.0,1,0.0,0.1
Bordeaux,métro,High Stress,09:00 - 10:00,Peak,Spring,1.0,1,0.0,0.1
Bordeaux,métro,High Stress,09:00 - 10:00,Peak,Summer,2.0,1,0.0,0.1
Bordeaux,métro,High Stress,10:00 - 11:00,Off-Peak,Summer,4.0,1,0.0,0.1
Bordeaux,métro,High Stress,11:00 - 12:00,Off-Peak,Autumn,3.0,2,0.0,0.2
Bordeaux,métro,High Stress,11:00 - 12:00,Off-Peak,Summer,2.0,1,0.0,0.1
Bordeaux,métro,High Stress,11:00 - 12:00,Off-Peak,Winter,2.0,1,0.0,0.1
Bordeaux,métro,High Stress,12:00 - 13:00,Off-Peak,Autumn,4.0,1,0.0,0.1
Bordeaux,métro,High Stress,12:00 - 13:00,Off-Peak,Spring,1.0,1,0.0,0.1
Bordeaux,métro,High Stress,12:00 - 13:00,Off-Peak,Summer,2.0,1,0.0,0.1
Bordeaux,métro,High Stress,13:00 - 14:00,Off-Peak,Spring,2.0,2,1.4142135623730951,0.2
Bordeaux,métro,High Stress,13:00 - 14:00,Off-Peak,Winter,3.0,1,0.0,0.1
Bordeaux,métro,High Stress,15:00 - 16:00,Off-Peak,Spring,2.0,2,1.4142135623730951,0.2
Bordeaux,métro,High Stress,15:00 - 16:00,Off-Peak,Summer,1.5,2,0.7071067811865476,0.2
Bordeaux,métro,High Stress,16:00 - 17:00,Off-Peak,Autumn,1.0,1,0.0,0.1
Bordeaux,métro,High Stress,16:00 - 17:00,Off-Peak,Spring,,0,0.0,0.0
Bordeaux,métro,High Stress,16:00 - 17:00,Off-Peak,Summer,1.0,1,0.0,0.1
Bordeaux,métro,High Stress,17:00 - 18:00,Peak,Spring,3.0,1,0.0,0.1
Bordeaux,métro,High Stress,18:00 - 19:00,Peak,Autumn,2.0,1,0.0,0.1
Bordeaux,métro,High Stress,18:00 - 19:00,Peak,Spring,2.75,4,0.9574271077563381,0.4
Bordeaux,métro,High Stress,18:00 - 19:00,Peak,Summer,3.0,1,0.0,0.1
Bordeaux,métro,High Stress,18:00 - 19:00,Peak,Winter,3.5,2,2.1213203435596424,0.2
Bordeaux,métro,High Stress,19:00 - 20:00,Peak,Summer,3.0,1,0.0,0.1
Bordeaux,métro,High Stress,19:00 - 20:00,Peak,Winter,2.0,1,0.0,0.1
Bordeaux,métro,High Stress,20:00 - 21:00,Night,Autumn,3.0,1,0.0,0.1
Bordeaux,métro,High Stress,20:00 - 21:00,Night,Spring,2.0,1,0.0,0.1
Bordeaux,métro,High Stress,21:00 - 22:00,Night,Autumn,3.0,5,0.7071067811865476,0.5
Bordeaux,métro,High Stress,21:00 - 22:00,Night,Spring,1.0,1,0.0,0.1
Bordeaux,métro,High Stress,21:00 - 22:00,Night,Summer,3.5,2,0.7071067811865476,0.2
Bordeaux,métro,Low Stress,00:00 - 01:00,Night,Autumn,2.3333333333333335,3,1.5275252316519468,0.3
Bordeaux,métro,Low Stress,00:00 - 01:00,Night,Spring,2.3333333333333335,3,0.5773502691896257,0.3
Bordeaux,métro,Low Stress,00:00 - 01:00,Night,Summer,2.0,2,0.0,0.2
Bordeaux,métro,Low Stress,00:00 - 01:00,Night,Winter,3.5,2,0.7071067811865476,0.2
Bordeaux,métro,Low Stress,01:00 - 02:00,Night,Autumn,3.0,1,0.0,0.1
Bordeaux,métro,Low Stress,01:00 - 02:00,Night,Spring,2.0,4,0.816496580927726,0.4
Bordeaux,métro,Low Stress,01:00 - 02:00,Night,Summer,2.6666666666666665,3,1.5275252316519465,0.3
Bordeaux,métro,Low Stress,01:00 - 02:00,Night,Winter,2.3333333333333335,3,1.1547005383792515,0.3
Bordeaux,métro,Low Stress,02:00 - 03:00,Night,Autumn,2.3333333333333335,3,0.5773502691896258,0.3
Bordeaux,métro,Low Stress,02:00 - 03:00,Night,Spring,2.0,2,1.4142135623730951,0.2
Bordeaux,métro,Low Stress,02:00 - 03:00,Night,Summer,,0,0.0,0.0
Bordeaux,métro,Low Stress,02:00 - 03:00,Night,Winter,3.0,1,0.0,0.1
Bordeaux,métro,Low Stress,03:00 - 04:00,Night,Autumn,2.75,4,0.49999999999999994,0.4
Bordeaux,métro,Low Stress,03:00 - 04:00,Night,Spring,2.0,4,0.816496580927726,0.4
Bordeaux,métro,Low Stress,03:00 - 04:00,Night,Summer,2.6,5,1.1401754250991378,0.5
Bordeaux,métro,Low Stress,03:00 - 04:00,Night,Winter,1.0,1,0.0,0.1
Bordeaux,métro,Low Stress,04:00 - 05:00,Night,Autumn,2.5,6,0.5477225575051662,0.6
Bordeaux,métro,Low Stress,04:00 - 05:00,Night,Spring,2.6666666666666665,3,1.1547005383792517,0.3
Bordeaux,métro,Low Stress,04:00 - 05:00,Night,Summer,2.8,5,0.8366600265340756,0.5
Bordeaux,métro,Low Stress,04:00 - 05:00,Night,Winter,2.0,1,0.0,0.1
Bordeaux,métro,Low Stress,05:00 - 06:00,Night,Autumn,3.0,1,0.0,0.1
Bordeaux,métro,Low Stress,05:00 - 06:00,Night,Spring,2.5,2,0.7071067811865476,0.2
Bordeaux,métro,Low Stress,05:00 - 06:00,Night,Winter,2.5,2,0.7071067811865476,0.2
Bordeaux,métro,Low Stress,06:00 - 07:00,Night,Autumn,2.0,1,0.0,0.1
Bordeaux,métro,Low Stress,06:00 - 07:00,Night,Spring,4.0,1,0.0,0.1
Bordeaux,métro,Low Stress,06:00 - 07:00,Night,Summer,2.6666666666666665,3,1.1547005383792515,0.3
Bordeaux,métro,Low Stress,06:00 - 07:00,Night,Winter,2.3333333333333335,3,1.5275252316519468,0.3
Bordeaux,métro,Low Stress,07:00 - 08:00,Peak,Autumn,4.0,1,0.0,0.1
Bordeaux,métro,Low Stress,07:00 - 08:00,Peak,Spring,2.0,1,0.0,0.1
Bordeaux,métro,Low Stress,07:00 - 08:00,Peak,Summer,2.5,4,1.0,0.4
Bordeaux,métro,Low Stress,07:00 - 08:00,Peak,Winter,2.3333333333333335,3,0.5773502691896258,0.3
Bordeaux,métro,Low Stress,08:00 - 09:00,Peak,Spring,2.0,1,0.0,0.1
Bordeaux,métro,Low Stress,08:00 - 09:00,Peak,Summer,2.25,4,0.9574271077563381,0.4
Bordeaux,métro,Low Stress,08:00 - 09:00,Peak,Winter,3.0,2,1.4142135623730951,0.2
Bordeaux,métro,Low Stress,09:00 - 10:00,Peak,Autumn,1.6666666666666667,3,1.1547005383792517,0.3
Bordeaux,métro,Low Stress,09:00 - 10:00,Peak,Spring,3.3333333333333335,3,0.5773502691896258,0.3
Bordeaux,métro,Low Stress,09:00 - 10:00,Peak,Summer,2.0,1,0.0,0.1
Bordeaux,métro,Low Stress,09:00 - 10:00,Peak,Winter,2.0,1,0.0,0.1
Bordeaux,métro,Low Stress,10:00 - 11:00,Off-Peak,Autumn,3.0,1,0.0,0.1
Bordeaux,métro,Low Stress,10:00 - 11:00,Off-Peak,Spring,2.5,2,0.7071067811865476,0.2
Bordeaux,métro,Low Stress,10:00 - 11:00,Off-Peak,Summer,2.25,4,0.9574271077563381,0.4
Bordeaux,métro,Low Stress,10:00 - 11:00,Off-Peak,Winter,3.0,1,0.0,0.1
Bordeaux,métro,Low Stress,11:00 - 12:00,Off-Peak,Autumn,3.0,4,0.816496580927726,0.4
Bordeaux,métro,Low Stress,11:00 - 12:00,Off-Peak,Summer,3.0,4,0.0,0.4
Bordeaux,métro,Low Stress,11:00 - 12:00,Off-Peak,Winter,2.0,1,0.0,0.1
Bordeaux,métro,Low Stress,12:00 - 13:00,Off-Peak,Autumn,3.5,2,0.7071067811865476,0.2
Bordeaux,métro,Low Stress,12:00 - 13:00,Off-Peak,Spring,3.0,2,1.4142135623730951,0.2
Bordeaux,métro,Low Stress,12:00 - 13:00,Off-Peak,Summer,2.5,2,0.7071067811865476,0.2
Bordeaux,métro,Low Stress,12:00 - 13:00,Off-Peak,Winter,3.0,2,0.0,0.2
Bordeaux,métro,Low Stress,13:00 - 14:00,Off-Peak,Autumn,2.25,4,0.957427107756338,0.4
Bordeaux,métro,Low Stress,13:00 - 14:00,Off-Peak,Spring,3.0,3,1.0,0.3
Bordeaux,métro,Low Stress,13:00 - 14:00,Off-Peak,Summer,2.0,2,1.4142135623730951,0.2
Bordeaux,métro,Low Stress,13:00 - 14:00,Off-Peak,Winter,2.0,2,0.0,0.2
Bordeaux,métro,Low Stress,14:00 - 15:00,Off-Peak,Autumn,2.3333333333333335,3,1.5275252316519465,0.3
Bordeaux,métro,Low Stress,14:00 - 15:00,Off-Peak,Spring,2.2,5,1.3038404810405297,0.5
Bordeaux,métro,Low Stress,14:00 - 15:00,Off-Peak,Summer,3.0,2,0.0,0.2
Bordeaux,métro,Low Stress,14:00 - 15:00,Off-Peak,Winter,3.75,4,0.9574271077563381,0.4
Bordeaux,métro,Low Stress,15:00 - 16:00,Off-Peak,Autumn,2.5,2,2.1213203435596424,0.2
Bordeaux,métro,Low Stress,15:00 - 16:00,Off-Peak,Spring,3.25,4,0.5,0.4
Bordeaux,métro,Low Stress,15:00 - 16:00,Off-Peak,Summer,2.3333333333333335,3,1.5275252316519468,0.3
Bordeaux,métro,Low Stress,15:00 - 16:00,Off-Peak,Winter,2.0,2,0.0,0.2
Bordeaux,métro,Low Stress,16:00 - 17:00,Off-Peak,Summer,1.3333333333333333,3,0.5773502691896257,0.3
Bordeaux,métro,Low Stress,16:00 - 17:00,Off-Peak,Winter,1.0,1,0.0,0.1
Bordeaux,métro,Low Stress,17:00 - 18:00,Peak,Autumn,1.0,2,0.0,0.2
Bordeaux,métro,Low Stress,17:00 - 18:00,Peak,Spring,1.0,1,0.0,0.1
Bordeaux,métro,Low Stress,18:00 - 19:00,Peak,Autumn,2.5,2,0.7071067811865476,0.2
Bordeaux,métro,Low Stress,18:00 - 19:00,Peak,Spring,2.6,5,1.3416407864998738,0.5
Bordeaux,métro,Low Stress,18:00 - 19:00,Peak,Summer,2.5,4,0.5773502691896257,0.4
Bordeaux,métro,Low Stress,18:00 - 19:00,Peak,Winter,2.0,3,1.0,0.3
Bordeaux,métro,Low Stress,19:00 - 20:00,Peak,Autumn,3.0,1,0.0,0.1
Bordeaux,métro,Low Stress,19:00 - 20:00,Peak,Spring,2.3333333333333335,3,1.1547005383792517,0.3
Bordeaux,métro,Low Stress,19:00 - 20:00,Peak,Summer,2.5,4,1.2909944487358056,0.4
Bordeaux,métro,Low Stress,19:00 - 20:00,Peak,Winter,3.5,2,0.7071067811865476,0.2
Bordeaux,métro,Low Stress,20:00 - 21:00,Night,Autumn,2.0,6,0.8944271909999159,0.6
Bordeaux,métro,Low Stress,20:00 - 21:00,Night,Summer,2.5,4,1.0,0.4
Bordeaux,métro,Low Stress,20:00 - 21:00,Night,Winter,2.0,3,1.0,0.3
Bordeaux,métro,Low Stress,21:00 - 22:00,Night,Autumn,2.2,5,1.0954451150103324,0.5
Bordeaux,métro,Low Stress,21:00 - 22:00,Night,Spring,2.5,2,2.1213203435596424,0.2
Bordeaux,métro,Low Stress,21:00 - 22:00,Night,Summer,2.75,4,1.2583057392117918,0.4
Bordeaux,métro,Low Stress,21:00 - 22:00,Night,Winter,2.0,1,0.0,0.1
Bordeaux,métro,Low Stress,22:00 - 23:00,Night,Autumn,2.75,4,1.707825127659933,0.4
Bordeaux,métro,Low Stress,22:00 - 23:00,Night,Summer,1.0,1,0.0,0.1
Bordeaux,métro,Low Stress,22:00 - 23:00,Night,Winter,2.0,1,0.0,0.1
Bordeaux,métro,Low Stress,23:00 - 24:00,Night,Autumn,3.0,2,1.4142135623730951,0.2
Bordeaux,métro,Low Stress,23:00 - 24:00,Night,Spring,2.0,1,0.0,0.1
Bordeaux,métro,Low Stress,23:00 - 24:00,Night,Summer,2.25,4,1.8929694486000912,0.4
Bordeaux,métro,Low Stress,23:00 - 24:00,Night,Winter,2.5,2,0.7071067811865476,0.2
Bordeaux,tram,High Stress,01:00 - 02:00,Night,Winter,2.0,1,0.0,0.1
Bordeaux,tram,High Stress,05:00 - 06:00,Night,Autumn,2.0,1,0.0,0.1
Bordeaux,tram,High Stress,08:00 - 09:00,Peak,Autumn,3.0,1,0.0,0.1
Bordeaux,tram,High Stress,08:00 - 09:00,Peak,Summer,1.0,1,0.0,0.1
Bordeaux,tram,High Stress,09:00 - 10:00,Peak,Summer,4.0,1,0.0,0.1
Bordeaux,tram,High Stress,10:00 - 11:00,Off-Peak,Winter,2.0,2,1.4142135623730951,0.2
Bordeaux,tram,High Stress,11:00 - 12:00,Off-Peak,Autumn,4.0,1,0.0,0.1
Bordeaux,tram,High Stress,11:00 - 12:00,Off-Peak,Winter,3.0,1,0.0,0.1
Bordeaux,tram,High Stress,13:00 - 14:00,Off-Peak,Autumn,2.0,1,0.0,0.1
Bordeaux,tram,High Stress,13:00 - 14:00,Off-Peak,Winter,3.0,1,0.0,0.1
Bordeaux,tram,High Stress,14:00 - 15:00,Off-Peak,Autumn,4.0,1,0.0,0.1
Bordeaux,tram,High Stress,14:00 - 15:00,Off-Peak,Spring,1.5,2,0.7071067811865476,0.2
Bordeaux,tram,High Stress,14:00 - 15:00,Off-Peak,Summer,4.0,1,0.0,0.1
Bordeaux,tram,High Stress,14:00 - 15:00,Off-Peak,Winter,1.0,1,0.0,0.1
Bordeaux,tram,High Stress,18:00 - 19:00,Peak,Autumn,2.0,1,0.0,0.1
Bordeaux,tram,High Stress,21:00 - 22:00,Night,Spring,2.0,1,0.0,0.1
Bordeaux,tram,High Stress,21:00 - 22:00,Night,Summer,2.0,1,0.0,0.1
Bordeaux,tram,High Stress,22:00 - 23:00,Night,Autumn,4.0,1,0.0,0.1
Bordeaux,tram,High Stress,23:00 - 24:00,Night,Spring,3.0,1,0.0,0.1
Bordeaux,tram,High Stress,23:00 - 24:00,Night,Summer,2.0,1,0.0,0.1
Bordeaux,tram,High Stress,23:00 - 24:00,Night,Winter,3.0,1,0.0,0.1
Bordeaux,tram,Low Stress,00:00 - 01:00,Night,Spring,3.0,1,0.0,0.1
Bordeaux,tram,Low Stress,00:00 - 01:00,Night,Summer,2.0,1,0.0,0.1
Bordeaux,tram,Low Stress,00:00 - 01:00,Night,Winter,3.0,4,0.816496580927726,0.4
Bordeaux,tram,Low Stress,01:00 - 02:00,Night,Autumn,1.0,1,0.0,0.1
Bordeaux,tram,Low Stress,01:00 - 02:00,Night,Summer,3.0,4,0.816496580927726,0.4
Bordeaux,tram,Low Stress,02:00 - 03:00,Night,Autumn,4.0,2,0.0,0.2
Bordeaux,tram,Low Stress,02:00 - 03:00,Night,Spring,1.5,4,0.5773502691896257,0.4
Bordeaux,tram,Low Stress,02:00 - 03:00,Night,Summer,1.6666666666666667,3,0.5773502691896258,0.3
Bordeaux,tram,Low Stress,03:00 - 04:00,Night,Spring,1.75,4,0.5,0.4
Bordeaux,tram,Low Stress,03:00 - 04:00,Night,Summer,3.0,2,0.0,0.2
Bordeaux,tram,Low Stress,03:00 - 04:00,Night,Winter,2.5,2,0.7071067811865476,0.2
Bordeaux,tram,Low Stress,04:00 - 05:00,Night,Spring,4.5,2,0.7071067811865476,0.2
Bordeaux,tram,Low Stress,04:00 - 05:00,Night,Summer,1.0,1,0.0,0.1
Bordeaux,tram,Low Stress,04:00 - 05:00,Night,Winter,1.0,1,0.0,0.1
Bordeaux,tram,Low Stress,05:00 - 06:00,Night,Spring,1.0,1,0.0,0.1
Bordeaux,tram,Low Stress,05:00 - 06:00,Night,Summer,3.0,1,0.0,0.1
Bordeaux,tram,Low Stress,05:00 - 06:00,Night,Winter,4.0,1,0.0,0.1
Bordeaux,tram,Low Stress,06:00 - 07:00,Night,Autumn,3.0,1,0.0,0.1
Bordeaux,tram,Low Stress,06:00 - 07:00,Night,Summer,3.0,2,1.4142135623730951,0.2
Bordeaux,tram,Low Stress,06:00 - 07:00,Night,Winter,1.0,1,0.0,0.1
Bordeaux,tram,Low Stress,07:00 - 08:00,Peak,Autumn,1.0,1,0.0,0.1
Bordeaux,tram,Low Stress,07:00 - 08:00,Peak,Spring,1.0,1,0.0,0.1
Bordeaux,tram,Low Stress,07:00 - 08:00,Peak,Summer,3.0,1,0.0,0.1
Bordeaux,tram,Low Stress,08:00 - 09:00,Peak,Autumn,2.0,1,0.0,0.1
Bordeaux,tram,Low Stress,08:00 - 09:00,Peak,Spring,3.0,1,0.0,0.1
Bordeaux,tram,Low Stress,08:00 - 09:00,Peak,Summer,3.0,1,0.0,0.1
Bordeaux,tram,Low Stress,08:00 - 09:00,Peak,Winter,2.0,2,0.0,0.2
Bordeaux,tram,Low Stress,09:00 - 10:00,Peak,Autumn,1.0,2,0.0,0.2
Bordeaux,tram,Low Stress,09:00 - 10:00,Peak,Spring,2.25,4,0.9574271077563381,0.4
Bordeaux,tram,Low Stress,09:00 - 10:00,Peak,Summer,3.25,4,0.5,0.4
Bordeaux,tram,Low Stress,09:00 - 10:00,Peak,Winter,2.6666666666666665,3,0.5773502691896258,0.3
Bordeaux,tram,Low Stress,10:00 - 11:00,Off-Peak,Spring,2.5,2,0.7071067811865476,0.2
Bordeaux,tram,Low Stress,10:00 - 11:00,Off-Peak,Summer,3.0,3,1.7320508075688772,0.3
Bordeaux,tram,Low Stress,10:00 - 11:00,Off-Peak,Winter,2.3333333333333335,3,1.5275252316519468,0.3
Bordeaux,tram,Low Stress,11:00 - 12:00,Off-Peak,Spring,3.0,1,0.0,0.1
Bordeaux,tram,Low Stress,11:00 - 12:00,Off-Peak,Summer,2.0,4,0.816496580927726,0.4
Bordeaux,tram,Low Stress,11:00 - 12:00,Off-Peak,Winter,2.0,2,1.4142135623730951,0.2
Bordeaux,tram,Low Stress,12:00 - 13:00,Off-Peak,Autumn,2.0,4,0.816496580927726,0.4
Bordeaux,tram,Low Stress,12:00 - 13:00,Off-Peak,Spring,3.0,3,0.0,0.3
Bordeaux,tram,Low Stress,12:00 - 13:00,Off-Peak,Summer,2.0,2,0.0,0.2
Bordeaux,tram,Low Stress,12:00 - 13:00,Off-Peak,Winter,2.6666666666666665,3,0.5773502691896258,0.3
Bordeaux,tram,Low Stress,13:00 - 14:00,Off-Peak,Autumn,2.0,2,0.0,0.2
Bordeaux,tram,Low Stress,13:00 - 14:00,Off-Peak,Spring,3.0,2,0.0,0.2
Bordeaux,tram,Low Stress,13:00 - 14:00,Off-Peak,Summer,3.0,1,0.0,0.1
Bordeaux,tram,Low Stress,13:00 - 14:00,Off-Peak,Winter,5.0,1,0.0,0.1
Bordeaux,tram,Low Stress,14:00 - 15:00,Off-Peak,Autumn,3.4,5,0.8944271909999159,0.5
Bordeaux,tram,Low Stress,14:00 - 15:00,Off-Peak,Summer,2.0,3,1.0,0.3
Bordeaux,tram,Low Stress,14:00 - 15:00,Off-Peak,Winter,2.0,1,0.0,0.1
Bordeaux,tram,Low Stress,15:00 - 16:00,Off-Peak,Autumn,2.0,2,0.0,0.2
Bordeaux,tram,Low Stress,15:00 - 16:00,Off-Peak,Spring,4.0,1,0.0,0.1
Bordeaux,tram,Low Stress,15:00 - 16:00,Off-Peak,Summer,2.5,2,2.1213203435596424,0.2
Bordeaux,tram,Low Stress,15:00 - 16:00,Off-Peak,Winter,2.0,2,0.0,0.2
Bordeaux,tram,Low Stress,16:00 - 17:00,Off-Peak,Spring,2.5,2,0.7071067811865476,0.2
Bordeaux,tram,Low Stress,16:00 - 17:00,Off-Peak,Summer,3.0,2,0.0,0.2
Bordeaux,tram,Low Stress,16:00 - 17:00,Off-Peak,Winter,,0,0.0,0.0
Bordeaux,tram,Low Stress,17:00 - 18:00,Peak,Spring,2.3333333333333335,3,1.1547005383792517,0.3
Bordeaux,tram,Low Stress,17:00 - 18:00,Peak,Summer,1.0,1,0.0,0.1
Bordeaux,tram,Low Stress,17:00 - 18:00,Peak,Winter,4.0,1,0.0,0.1
Bordeaux,tram,Low Stress,18:00 - 19:00,Peak,Summer,2.5,2,0.7071067811865476,0.2
Bordeaux,tram,Low Stress,19:00 - 20:00,Peak,Autumn,2.0,1,0.0,0.1
Bordeaux,tram,Low Stress,19:00 - 20:00,Peak,Spring,2.0,1,0.0,0.1
Bordeaux,tram,Low Stress,19:00 - 20:00,Peak,Summer,2.0,3,1.0,0.3
Bordeaux,tram,Low Stress,20:00 - 21:00,Night,Autumn,2.0,1,0.0,0.1
Bordeaux,tram,Low Stress,20:00 - 21:00,Night,Spring,,0,0.0,0.0
Bordeaux,tram,Low Stress,20:00 - 21:00,Night,Summer,3.3333333333333335,3,1.1547005383792517,0.3
Bordeaux,tram,Low Stress,20:00 - 21:00,Night,Winter,2.0,1,0.0,0.1
Bordeaux,tram,Low Stress,21:00 - 22:00,Night,Summer,3.0,1,0.0,0.1
Bordeaux,tram,Low Stress,21:00 - 22:00,Night,Winter,4.0,1,0.0,0.1
Bordeaux,tram,Low Stress,22:00 - 23:00,Night,Autumn,2.0,2,1.4142135623730951,0.2
Bordeaux,tram,Low Stress,22:00 - 23:00,Night,Spring,3.0,2,0.0,0.2
Bordeaux,tram,Low Stress,22:00 - 23:00,Night,Summer,2.0,1,0.0,0.1
Bordeaux,tram,Low Stress,23:00 - 24:00,Night,Autumn,2.0,6,1.0954451150103321,0.6
Bordeaux,tram,Low Stress,23:00 - 24:00,Night,Spring,2.0,2,1.4142135623730951,0.2
Bordeaux,tram,Low Stress,23:00 - 24:00,Night,Summer,2.5,2,2.1213203435596424,0.2
Bordeaux,tram,Low Stress,23:00 - 24:00,Night,Winter,3.0,2,1.4142135623730951,0.2
Bordeaux,voiture,High Stress,02:00 - 03:00,Night,Spring,1.0,1,0.0,0.1
Bordeaux,voiture,High Stress,02:00 - 03:00,Night,Winter,5.0,1,0.0,0.1
Bordeaux,voiture,High Stress,03:00 - 04:00,Night,Autumn,3.0,1,0.0,0.1
Bordeaux,voiture,High Stress,03:00 - 04:00,Night,Spring,2.0,1,0.0,0.1
Bordeaux,voiture,High Stress,03:00 - 04:00,Night,Summer,2.0,1,0.0,0.1
Bordeaux,voiture,High Stress,03:00 - 04:00,Night,Winter,3.0,1,0.0,0.1
Bordeaux,voiture,High Stress,04:00 - 05:00,Night,Autumn,2.0,1,0.0,0.1
Bordeaux,voiture,High Stress,04:00 - 05:00,Night,Spring,3.0,1,0.0,0.1
Bordeaux,voiture,High Stress,04:00 - 05:00,Night,Summer,3.0,1,0.0,0.1
Bordeaux,voiture,High Stress,05:00 - 06:00,Night,Spring,1.0,2,0.0,0.2
Bordeaux,voiture,High Stress,05:00 - 06:00,Night,Summer,2.6666666666666665,3,1.5275252316519465,0.3
Bordeaux,voiture,High Stress,06:00 - 07:00,Night,Winter,2.0,1,0.0,0.1
Bordeaux,voiture,High Stress,07:00 - 08:00,Peak,Spring,1.0,1,0.0,0.1
Bordeaux,voiture,High Stress,07:00 - 08:00,Peak,Winter,3.0,1,0.0,0.1
Bordeaux,voiture,High Stress,08:00 - 09:00,Peak,Autumn,2.5,2,0.7071067811865476,0.2
Bordeaux,voiture,High Stress,08:00 - 09:00,Peak,Winter,2.0,1,0.0,0.1
Bordeaux,voiture,High Stress,09:00 - 10:00,Peak,Autumn,2.3333333333333335,3,1.5275252316519465,0.3
Bordeaux,voiture,High Stress,10:00 - 11:00,Off-Peak,Autumn,3.0,1,0.0,0.1
Bordeaux,voiture,High Stress,10:00 - 11:00,Off-Peak,Summer,2.0,1,0.0,0.1
Bordeaux,voiture,High Stress,11:00 - 12:00,Off-Peak,Winter,1.0,1,0.0,0.1
Bordeaux,voiture,High Stress,12:00 - 13:00,Off-Peak,Winter,3.5,2,0.7071067811865476,0.2
Bordeaux,voiture,High Stress,13:00 - 14:00,Off-Peak,Winter,2.0,2,1.4142135623730951,0.2
Bordeaux,voiture,High Stress,15:00 - 16:00,Off-Peak,Winter,3.0,1,0.0,0.1
Bordeaux,voiture,High Stress,16:00 - 17:00,Off-Peak,Spring,1.0,1,0.0,0.1
Bordeaux,voiture,High Stress,16:00 - 17:00,Off-Peak,Winter,3.0,1,0.0,0.1
Bordeaux,voiture,High Stress,17:00 - 18:00,Peak,Spring,2.0,1,0.0,0.1
Bordeaux,voiture,High Stress,17:00 - 18:00,Peak,Winter,2.6666666666666665,3,1.5275252316519468,0.3
Bordeaux,voiture,High Stress,19:00 - 20:00,Peak,Spring,2.0,1,0.0,0.1
Bordeaux,voiture,High Stress,19:00 - 20:00,Peak,Winter,1.0,1,0.0,0.1
Bordeaux,voiture,High Stress,21:00 - 22:00,Night,Winter,4.0,1,0.0,0.1
Bordeaux,voiture,High Stress,22:00 - 23:00,Night,Winter,4.0,1,0.0,0.1
Bordeaux,voiture,High Stress,23:00 - 24:00,Night,Autumn,3.0,2,1.4142135623730951,0.2
Bordeaux,voiture,High Stress,23:00 - 24:00,Night,Spring,2.0,1,0.0,0.1
Bordeaux,voiture,Low Stress,00:00 - 01:00,Night,Autumn,4.0,1,0.0,0.1
Bordeaux,voiture,Low Stress,00:00 - 01:00,Night,Summer,2.5,2,0.7071067811865476,0.2
Bordeaux,voiture,Low Stress,00:00 - 01:00,Night,Winter,2.0,1,0.0,0.1
Bordeaux,voiture,Low Stress,01:00 - 02:00,Night,Autumn,3.0,3,0.0,0.3
Bordeaux,voiture,Low Stress,01:00 - 02:00,Night,Spring,1.5,4,0.5773502691896257,0.4
Bordeaux,voiture,Low Stress,01:00 - 02:00,Night,Winter,1.0,1,0.0,0.1
Bordeaux,voiture,Low Stress,02:00 - 03:00,Night,Autumn,2.5,2,0.7071067811865476,0.2
Bordeaux,voiture,Low Stress,02:00 - 03:00,Night,Spring,4.0,1,0.0,0.1
Bordeaux,voiture,Low Stress,02:00 - 03:00,Night,Summer,2.0,1,0.0,0.1
Bordeaux,voiture,Low Stress,02:00 - 03:00,Night,Winter,2.5,2,0.7071067811865476,0.2
Bordeaux,voiture,Low Stress,03:00 - 04:00,Night,Autumn,2.0,2,0.0,0.2
Bordeaux,voiture,Low Stress,03:00 - 04:00,Night,Spring,1.5,2,0.7071067811865476,0.2
Bordeaux,voiture,Low Stress,03:00 - 04:00,Night,Summer,2.0,2,0.0,0.2
Bordeaux,voiture,Low Stress,04:00 - 05:00,Night,Autumn,3.0,3,0.0,0.3
Bordeaux,voiture,Low Stress,04:00 - 05:00,Night,Spring,2.6666666666666665,3,0.5773502691896257,0.3
Bordeaux,voiture,Low Stress,04:00 - 05:00,Night,Summer,2.5,2,2.1213203435596424,0.2
Bordeaux,voiture,Low Stress,04:00 - 05:00,Night,Winter,2.6666666666666665,3,0.5773502691896257,0.3
Bordeaux,voiture,Low Stress,05:00 - 06:00,Night,Autumn,2.75,4,1.707825127659933,0.4
Bordeaux,voiture,Low Stress,05:00 - 06:00,Night,Spring,3.0,2,0.0,0.2
Bordeaux,voiture,Low Stress,06:00 - 07:00,Night,Autumn,3.0,2,1.4142135623730951,0.2
Bordeaux,voiture,Low Stress,06:00 - 07:00,Night,Summer,3.0,1,0.0,0.1
Bordeaux,voiture,Low Stress,06:00 - 07:00,Night,Winter,3.0,1,0.0,0.1
Bordeaux,voiture,Low Stress,07:00 - 08:00,Peak,Autumn,3.0,1,0.0,0.1
Bordeaux,voiture,Low Stress,07:00 - 08:00,Peak,Spring,1.5,2,0.7071067811865476,0.2
Bordeaux,voiture,Low Stress,07:00 - 08:00,Peak,Summer,2.5,2,2.1213203435596424,0.2
Bordeaux,voiture,Low Stress,08:00 - 09:00,Peak,Autumn,1.0,1,0.0,0.1
Bordeaux,voiture,Low Stress,08:00 - 09:00,Peak,Spring,1.5,2,0.7071067811865476,0.2
Bordeaux,voiture,Low Stress,08:00 - 09:00,Peak,Summer,2.3333333333333335,3,0.5773502691896257,0.3
Bordeaux,voiture,Low Stress,08:00 - 09:00,Peak,Winter,1.5,2,0.7071067811865476,0.2
Bordeaux,voiture,Low Stress,09:00 - 10:00,Peak,Autumn,3.0,2,0.0,0.2
Bordeaux,voiture,Low Stress,09:00 - 10:00,Peak,Spring,2.6,5,0.8944271909999159,0.5
Bordeaux,voiture,Low Stress,09:00 - 10:00,Peak,Summer,2.5,2,0.7071067811865476,0.2
Bordeaux,voiture,Low Stress,10:00 - 11:00,Off-Peak,Autumn,2.0,1,0.0,0.1
Bordeaux,voiture,Low Stress,10:00 - 11:00,Off-Peak,Spring,2.0,1,0.0,0.1
Bordeaux,voiture,Low Stress,10:00 - 11:00,Off-Peak,Summer,1.0,1,0.0,0.1
Bordeaux,voiture,Low Stress,10:00 - 11:00,Off-Peak,Winter,3.0,1,0.0,0.1
Bordeaux,voiture,Low Stress,11:00 - 12:00,Off-Peak,Autumn,1.0,1,0.0,0.1
Bordeaux,voiture,Low Stress,11:00 - 12:00,Off-Peak,Spring,3.3333333333333335,3,0.5773502691896257,0.3
Bordeaux,voiture,Low Stress,11:00 - 12:00,Off-Peak,Winter,2.0,2,0.0,0.2
Bordeaux,voiture,Low Stress,12:00 - 13:00,Off-Peak,Autumn,3.0,2,1.4142135623730951,0.2
Bordeaux,voiture,Low Stress,12:00 - 13:00,Off-Peak,Spring,2.3333333333333335,3,1.5275252316519468,0.3
Bordeaux,voiture,Low Stress,12:00 - 13:00,Off-Peak,Summer,2.5,2,0.7071067811865476,0.2
Bordeaux,voiture,Low Stress,12:00 - 13:00,Off-Peak,Winter,3.3333333333333335,3,2.0816659994661326,0.3
Bordeaux,voiture,Low Stress,13:00 - 14:00,Off-Peak,Spring,2.3333333333333335,3,0.5773502691896257,0.3
Bordeaux,voiture,Low Stress,13:00 - 14:00,Off-Peak,Summer,3.0,1,0.0,0.1
Bordeaux,voiture,Low Stress,14:00 - 15:00,Off-Peak,Autumn,2.0,1,0.0,0.1
Bordeaux,voiture,Low Stress,14:00 - 15:00,Off-Peak,Spring,4.0,1,0.0,0.1
Bordeaux,voiture,Low Stress,14:00 - 15:00,Off-Peak,Summer,2.5,2,0.7071067811865476,0.2
Bordeaux,voiture,Low Stress,14:00 - 15:00,Off-Peak,Winter,3.0,2,0.0,0.2
Bordeaux,voiture,Low Stress,15:00 - 16:00,Off-Peak,Summer,2.0,1,0.0,0.1
Bordeaux,voiture,Low Stress,15:00 - 16:00,Off-Peak,Winter,2.0,2,0.0,0.2
Bordeaux,voiture,Low Stress,16:00 - 17:00,Off-Peak,Autumn,2.3333333333333335,3,1.1547005383792515,0.3
Bordeaux,voiture,Low Stress,16:00 - 17:00,Off-Peak,Summer,1.0,1,0.0,0.1
Bordeaux,voiture,Low Stress,17:00 - 18:00,Peak,Autumn,3.0,1,0.0,0.1
Bordeaux,voiture,Low Stress,17:00 - 18:00,Peak,Summer,3.0,2,2.8284271247461903,0.2
Bordeaux,voiture,Low Stress,17:00 - 18:00,Peak,Winter,3.0,1,0.0,0.1
Bordeaux,voiture,Low Stress,18:00 - 19:00,Peak,Autumn,3.0,2,0.0,0.2
Bordeaux,voiture,Low Stress,18:00 - 19:00,Peak,Spring,2.0,1,0.0,0.1
Bordeaux,voiture,Low Stress,18:00 - 19:00,Peak,Summer,2.0,2,0.0,0.2
Bordeaux,voiture,Low Stress,18:00 - 19:00,Peak,Winter,2.0,3,1.7320508075688772,0.3
Bordeaux,voiture,Low Stress,19:00 - 20:00,Peak,Autumn,2.5,2,0.7071067811865476,0.2
Bordeaux,voiture,Low Stress,19:00 - 20:00,Peak,Spring,2.5,2,2.1213203435596424,0.2
Bordeaux,voiture,Low Stress,19:00 - 20:00,Peak,Summer,3.0,3,1.0,0.3
Bordeaux,voiture,Low Stress,19:00 - 20:00,Peak,Winter,2.0,2,0.0,0.2
Bordeaux,voiture,Low Stress,20:00 - 21:00,Night,Autumn,2.0,4,1.4142135623730951,0.4
Bordeaux,voiture,Low Stress,20:00 - 21:00,Night,Spring,3.0,3,0.0,0.3
Bordeaux,voiture,Low Stress,20:00 - 21:00,Night,Winter,2.6666666666666665,3,0.5773502691896258,0.3
Bordeaux,voiture,Low Stress,21:00 - 22:00,Night,Autumn,4.0,1,0.0,0.1
Bordeaux,voiture,Low Stress,21:00 - 22:00,Night,Spring,2.3333333333333335,3,1.1547005383792515,0.3
Bordeaux,voiture,Low Stress,21:00 - 22:00,Night,Summer,3.0,2,1.4142135623730951,0.2
Bordeaux,voiture,Low Stress,22:00 - 23:00,Night,Autumn,1.5,2,0.7071067811865476,0.2
Bordeaux,voiture,Low Stress,22:00 - 23:00,Night,Spring,3.0,2,0.0,0.2
Bordeaux,voiture,Low Stress,22:00 - 23:00,Night,Summer,2.6666666666666665,3,0.5773502691896257,0.3
Bordeaux,voiture,Low Stress,23:00 - 24:00,Night,Autumn,2.2,5,0.8366600265340756,0.5
Bordeaux,voiture,Low Stress,23:00 - 24:00,Night,Spring,2.3333333333333335,3,0.5773502691896258,0.3
Bordeaux,voiture,Low Stress,23:00 - 24:00,Night,Summer,1.5,2,0.7071067811865476,0.2
Bordeaux,voiture,Low Stress,23:00 - 24:00,Night,Winter,2.4,5,0.8944271909999159,0.5
Bordeaux,vélo,High Stress,01:00 - 02:00,Night,Autumn,3.0,3,1.0,0.3
Bordeaux,vélo,High Stress,02:00 - 03:00,Night,Spring,5.0,1,0.0,0.1
Bordeaux,vélo,High Stress,02:00 - 03:00,Night,Winter,2.0,1,0.0,0.1
Bordeaux,vélo,High Stress,03:00 - 04:00,Night,Autumn,1.0,1,0.0,0.1
Bordeaux,vélo,High Stress,03:00 - 04:00,Night,Winter,1.0,1,0.0,0.1
Bordeaux,vélo,High Stress,04:00 - 05:00,Night,Autumn,3.0,1,0.0,0.1
Bordeaux,vélo,High Stress,06:00 - 07:00,Night,Autumn,3.0,1,0.0,0.1
Bordeaux,vélo,High Stress,06:00 - 07:00,Night,Summer,2.0,1,0.0,0.1
Bordeaux,vélo,High Stress,12:00 - 13:00,Off-Peak,Spring,2.5,2,0.7071067811865476,0.2
Bordeaux,vélo,High Stress,12:00 - 13:00,Off-Peak,Summer,1.0,1,0.0,0.1
Bordeaux,vélo,High Stress,12:00 - 13:00,Off-Peak,Winter,4.0,1,0.0,0.1
Bordeaux,vélo,High Stress,13:00 - 14:00,Off-Peak,Winter,2.5,2,0.7071067811865476,0.2
Bordeaux,vélo,High Stress,14:00 - 15:00,Off-Peak,Summer,3.0,1,0.0,0.1
Bordeaux,vélo,High Stress,15:00 - 16:00,Off-Peak,Autumn,2.5,2,0.7071067811865476,0.2
Bordeaux,vélo,High Stress,15:00 - 16:00,Off-Peak,Spring,3.0,1,0.0,0.1
Bordeaux,vélo,High Stress,15:00 - 16:00,Off-Peak,Summer,3.0,1,0.0,0.1
Bordeaux,vélo,High Stress,16:00 - 17:00,Off-Peak,Autumn,2.0,1,0.0,0.1
Bordeaux,vélo,High Stress,16:00 - 17:00,Off-Peak,Summer,2.0,1,0.0,0.1
Bordeaux,vélo,High Stress,19:00 - 20:00,Peak,Spring,1.0,1,0.0,0.1
Bordeaux,vélo,High Stress,19:00 - 20:00,Peak,Winter,2.0,1,0.0,0.1
Bordeaux,vélo,High Stress,20:00 - 21:00,Night,Autumn,2.0,2,0.0,0.2
Bordeaux,vélo,High Stress,20:00 - 21:00,Night,Winter,3.0,1,0.0,0.1
Bordeaux,vélo,High Stress,21:00 - 22:00,Night,Autumn,2.0,1,0.0,0.1
Bordeaux,vélo,High Stress,21:00 - 22:00,Night,Spring,1.5,2,0.7071067811865476,0.2
Bordeaux,vélo,High Stress,22:00 - 23:00,Night,Winter,1.5,2,0.7071067811865476,0.2
Bordeaux,vélo,High Stress,23:00 - 24:00,Night,Winter,3.0,1,0.0,0.1
Bordeaux,vélo,Low Stress,00:00 - 01:00,Night,Spring,3.0,1,0.0,0.1
Bordeaux,vélo,Low Stress,00:00 - 01:00,Night,Summer,1.5,2,0.7071067811865476,0.2
Bordeaux,vélo,Low Stress,01:00 - 02:00,Night,Autumn,2.5,2,0.7071067811865476,0.2
Bordeaux,vélo,Low Stress,01:00 - 02:00,Night,Winter,1.5,2,0.7071067811865476,0.2
Bordeaux,vélo,Low Stress,02:00 - 03:00,Night,Autumn,2.0,2,0.0,0.2
Bordeaux,vélo,Low Stress,02:00 - 03:00,Night,Spring,4.0,1,0.0,0.1
Bordeaux,vélo,Low Stress,03:00 - 04:00,Night,Spring,2.0,1,0.0,0.1
Bordeaux,vélo,Low Stress,04:00 - 05:00,Night,Autumn,4.0,1,0.0,0.1
Bordeaux,vélo,Low Stress,04:00 - 05:00,Night,Spring,4.0,1,0.0,0.1
Bordeaux,vélo,Low Stress,05:00 - 06:00,Night,Spring,3.0,2,0.0,0.2
Bordeaux,vélo,Low Stress,06:00 - 07:00,Night,Autumn,3.0,1,0.0,0.1
Bordeaux,vélo,Low Stress,06:00 - 07:00,Night,Spring,1.0,1,0.0,0.1
Bordeaux,vélo,Low Stress,06:00 - 07:00,Night,Summer,3.5,2,0.7071067811865476,0.2
Bordeaux,vélo,Low Stress,06:00 - 07:00,Night,Winter,2.0,4,0.816496580927726,0.4
Bordeaux,vélo,Low Stress,07:00 - 08:00,Peak,Autumn,2.0,1,0.0,0.1
Bordeaux,vélo,Low Stress,07:00 - 08:00,Peak,Spring,1.0,1,0.0,0.1
Bordeaux,vélo,Low Stress,07:00 - 08:00,Peak,Summer,2.0,1,0.0,0.1
Bordeaux,vélo,Low Stress,07:00 - 08:00,Peak,Winter,3.0,1,0.0,0.1
Bordeaux,vélo,Low Stress,08:00 - 09:00,Peak,Autumn,,0,0.0,0.0
Bordeaux,vélo,Low Stress,08:00 - 09:00,Peak,Spring,4.0,1,0.0,0.1
Bordeaux,vélo,Low Stress,08:00 - 09:00,Peak,Summer,3.0,1,0.0,0.1
Bordeaux,vélo,Low Stress,08:00 - 09:00,Peak,Winter,2.0,1,0.0,0.1
Bordeaux,vélo,Low Stress,09:00 - 10:00,Peak,Autumn,2.6666666666666665,3,1.5275252316519468,0.3
Bordeaux,vélo,Low Stress,09:00 - 10:00,Peak,Summer,3.0,1,0.0,0.1
Bordeaux,vélo,Low Stress,09:00 - 10:00,Peak,Winter,2.5,2,0.7071067811865476,0.2
Bordeaux,vélo,Low Stress,10:00 - 11:00,Off-Peak,Spring,3.0,2,1.4142135623730951,0.2
Bordeaux,vélo,Low Stress,10:00 - 11:00,Off-Peak,Summer,3.0,1,0.0,0.1
Bordeaux,vélo,Low Stress,11:00 - 12:00,Off-Peak,Autumn,2.5,2,0.7071067811865476,0.2
Bordeaux,vélo,Low Stress,11:00 - 12:00,Off-Peak,Spring,3.0,1,0.0,0.1
Bordeaux,vélo,Low Stress,12:00 - 13:00,Off-Peak,Spring,2.6666666666666665,3,1.1547005383792515,0.3
Bordeaux,vélo,Low Stress,13:00 - 14:00,Off-Peak,Autumn,3.0,1,0.0,0.1
Bordeaux,vélo,Low Stress,13:00 - 14:00,Off-Peak,Spring,3.5,2,0.7071067811865476,0.2
Bordeaux,vélo,Low Stress,13:00 - 14:00,Off-Peak,Summer,3.0,2,0.0,0.2
Bordeaux,vélo,Low Stress,14:00 - 15:00,Off-Peak,Summer,3.5,2,2.1213203435596424,0.2
Bordeaux,vélo,Low Stress,15:00 - 16:00,Off-Peak,Autumn,2.0,1,0.0,0.1
Bordeaux,vélo,Low Stress,15:00 - 16:00,Off-Peak,Spring,2.0,1,0.0,0.1
Bordeaux,vélo,Low Stress,15:00 - 16:00,Off-Peak,Summer,2.5,2,0.7071067811865476,0.2
Bordeaux,vélo,Low Stress,15:00 - 16:00,Off-Peak,Winter,1.0,1,0.0,0.1
Bordeaux,vélo,Low Stress,16:00 - 17:00,Off-Peak,Spring,2.0,3,1.0,0.3
Bordeaux,vélo,Low Stress,16:00 - 17:00,Off-Peak,Summer,3.0,1,0.0,0.1
Bordeaux,vélo,Low Stress,16:00 - 17:00,Off-Peak,Winter,2.0,1,0.0,0.1
Bordeaux,vélo,Low Stress,17:00 - 18:00,Peak,Autumn,1.0,1,0.0,0.1
Bordeaux,vélo,Low Stress,17:00 - 18:00,Peak,Summer,2.0,1,0.0,0.1
Bordeaux,vélo,Low Stress,18:00 - 19:00,Peak,Autumn,4.5,2,0.7071067811865476,0.2
Bordeaux,vélo,Low Stress,18:00 - 19:00,Peak,Spring,1.0,2,0.0,0.2
Bordeaux,vélo,Low Stress,18:00 - 19:00,Peak,Summer,3.5,2,0.7071067811865476,0.2
Bordeaux,vélo,Low Stress,19:00 - 20:00,Peak,Autumn,3.0,1,0.0,0.1
Bordeaux,vélo,Low Stress,19:00 - 20:00,Peak,Winter,3.5,2,0.7071067811865476,0.2
Bordeaux,vélo,Low Stress,20:00 - 21:00,Night,Autumn,2.5,2,0.7071067811865476,0.2
Bordeaux,vélo,Low Stress,20:00 - 21:00,Night,Spring,1.0,1,0.0,0.1
Bordeaux,vélo,Low Stress,20:00 - 21:00,Night,Winter,2.0,2,1.4142135623730951,0.2
Bordeaux,vélo,Low Stress,21:00 - 22:00,Night,Autumn,2.0,1,0.0,0.1
Bordeaux,vélo,Low Stress,21:00 - 22:00,Night,Spring,2.0,2,1.4142135623730951,0.2
Bordeaux,vélo,Low Stress,21:00 - 22:00,Night,Winter,1.0,1,0.0,0.1
Bordeaux,vélo,Low Stress,22:00 - 23:00,Night,Autumn,4.0,1,0.0,0.1
Bordeaux,vélo,Low Stress,22:00 - 23:00,Night,Winter,2.0,1,0.0,0.1
Bordeaux,vélo,Low Stress,23:00 - 24:00,Night,Autumn,4.0,1,0.0,0.1
Bordeaux,vélo,Low Stress,23:00 - 24:00,Night,Winter,2.0,1,0.0,0.1
Lille,bus,High Stress,00:00 - 01:00,Night,Autumn,2.0,1,0.0,0.1
Lille,bus,High Stress,02:00 - 03:00,Night,Summer,3.0,1,0.0,0.1
Lille,bus,High Stress,03:00 - 04:00,Night,Autumn,3.0,1,0.0,0.1
Lille,bus,High Stress,03:00 - 04:00,Night,Spring,1.0,1,0.0,0.1
Lille,bus,High Stress,04:00 - 05:00,Night,Autumn,2.6666666666666665,3,0.5773502691896257,0.3
Lille,bus,High Stress,05:00 - 06:00,Night,Autumn,3.0,2,0.0,0.2
Lille,bus,High Stress,05:00 - 06:00,Night,Winter,,0,0.0,0.0
Lille,bus,High Stress,06:00 - 07:00,Night,Spring,2.0,1,0.0,0.1
Lille,bus,High Stress,06:00 - 07:00,Night,Winter,2.0,1,0.0,0.1
Lille,bus,High Stress,07:00 - 08:00,Peak,Spring,2.5,2,0.7071067811865476,0.2
Lille,bus,High Stress,08:00 - 09:00,Peak,Autumn,3.0,4,1.1547005383792515,0.4
Lille,bus,High Stress,08:00 - 09:00,Peak,Winter,2.5,2,0.7071067811865476,0.2
Lille,bus,High Stress,09:00 - 10:00,Peak,Autumn,1.0,1,0.0,0.1
Lille,bus,High Stress,10:00 - 11:00,Off-Peak,Autumn,2.0,1,0.0,0.1
Lille,bus,High Stress,10:00 - 11:00,Off-Peak,Spring,3.0,1,0.0,0.1
Lille,bus,High Stress,10:00 - 11:00,Off-Peak,Summer,2.0,1,0.0,0.1
Lille,bus,High Stress,10:00 - 11:00,Off-Peak,Winter,4.0,1,0.0,0.1
Lille,bus,High Stress,11:00 - 12:00,Off-Peak,Spring,1.0,1,0.0,0.1
Lille,bus,High Stress,11:00 - 12:00,Off-Peak,Summer,2.0,1,0.0,0.1
Lille,bus,High Stress,11:00 - 12:00,Off-Peak,Winter,3.0,2,1.4142135623730951,0.2
Lille,bus,High Stress,13:00 - 14:00,Off-Peak,Autumn,2.0,1,0.0,0.1
Lille,bus,High Stress,13:00 - 14:00,Off-Peak,Spring,3.0,1,0.0,0.1
Lille,bus,High Stress,13:00 - 14:00,Off-Peak,Winter,4.0,1,0.0,0.1
Lille,bus,High Stress,14:00 - 15:00,Off-Peak,Spring,3.0,1,0.0,0.1
Lille,bus,High Stress,15:00 - 16:00,Off-Peak,Autumn,2.0,1,0.0,0.1
Lille,bus,High Stress,15:00 - 16:00,Off-Peak,Spring,3.0,1,0.0,0.1
Lille,bus,High Stress,15:00 - 16:00,Off-Peak,Winter,2.0,1,0.0,0.1
Lille,bus,High Stress,16:00 - 17:00,Off-Peak,Autumn,2.3333333333333335,3,1.1547005383792517,0.3
Lille,bus,High Stress,16:00 - 17:00,Off-Peak,Winter,2.5,2,0.7071067811865476,0.2
Lille,bus,High Stress,17:00 - 18:00,Peak,Autumn,2.5,2,0.7071067811865476,0.2
Lille,bus,High Stress,17:00 - 18:00,Peak,Winter,3.0,1,0.0,0.1
Lille,bus,High Stress,18:00 - 19:00,Peak,Autumn,4.0,1,0.0,0.1
Lille,bus,High Stress,18:00 - 19:00,Peak,Spring,4.0,1,0.0,0.1
Lille,bus,High Stress,19:00 - 20:00,Peak,Autumn,2.0,1,0.0,0.1
Lille,bus,High Stress,19:00 - 20:00,Peak,Spring,3.0,1,0.0,0.1
Lille,bus,High Stress,19:00 - 20:00,Peak,Winter,3.0,1,0.0,0.1
Lille,bus,High Stress,20:00 - 21:00,Night,Autumn,1.0,1,0.0,0.1
Lille,bus,High Stress,20:00 - 21:00,Night,Spring,4.0,1,0.0,0.1
Lille,bus,High Stress,21:00 - 22:00,Night,Autumn,2.0,1,0.0,0.1
Lille,bus,High Stress,21:00 - 22:00,Night,Spring,3.0,1,0.0,0.1
Lille,bus,High Stress,22:00 - 23:00,Night,Autumn,1.0,1,0.0,0.1
Lille,bus,High Stress,22:00 - 23:00,Night,Spring,2.0,2,1.4142135623730951,0.2
Lille,bus,High Stress,22:00 - 23:00,Night,Winter,3.0,1,0.0,0.1
Lille,bus,High Stress,23:00 - 24:00,Night,Autumn,1.0,1,0.0,0.1
Lille,bus,Low Stress,00:00 - 01:00,Night,Autumn,3.0,3,2.0,0.3
Lille,bus,Low Stress,00:00 - 01:00,Night,Spring,2.0,1,0.0,0.1
Lille,bus,Low Stress,00:00 - 01:00,Night,Summer,4.5,2,0.7071067811865476,0.2
Lille,bus,Low Stress,00:00 - 01:00,Night,Winter,2.25,4,0.49999999999999994,0.4
Lille,bus,Low Stress,01:00 - 02:00,Night,Autumn,3.0,2,1.4142135623730951,0.2
Lille,bus,Low Stress,01:00 - 02:00,Night,Spring,2.3333333333333335,3,0.5773502691896258,0.3
Lille,bus,Low Stress,01:00 - 02:00,Night,Summer,2.5,4,1.0,0.4
Lille,bus,Low Stress,01:00 - 02:00,Night,Winter,3.0,2,0.0,0.2
Lille,bus,Low Stress,02:00 - 03:00,Night,Autumn,2.4,5,0.5477225575051662,0.5
Lille,bus,Low Stress,02:00 - 03:00,Night,Spring,2.2,5,1.0954451150103321,0.5
Lille,bus,Low Stress,02:00 - 03:00,Night,Summer,2.0,1,0.0,0.1
Lille,bus,Low Stress,02:00 - 03:00,Night,Winter,2.0,3,0.0,0.3
Lille,bus,Low Stress,03:00 - 04:00,Night,Autumn,3.0,2,1.4142135623730951,0.2
Lille,bus,Low Stress,03:00 - 04:00,Night,Spring,2.0,1,0.0,0.1
Lille,bus,Low Stress,03:00 - 04:00,Night,Summer,4.5,2,0.7071067811865476,0.2
Lille,bus,Low Stress,03:00 - 04:00,Night,Winter,2.3333333333333335,3,0.5773502691896258,0.3
Lille,bus,Low Stress,04:00 - 05:00,Night,Autumn,1.5,2,0.7071067811865476,0.2
Lille,bus,Low Stress,04:00 - 05:00,Night,Spring,2.0,3,1.0,0.3
Lille,bus,Low Stress,04:00 - 05:00,Night,Summer,3.0,1,0.0,0.1
Lille,bus,Low Stress,04:00 - 05:00,Night,Winter,2.5,2,0.7071067811865476,0.2
Lille,bus,Low Stress,05:00 - 06:00,Night,Autumn,2.0,2,0.0,0.2
Lille,bus,Low Stress,05:00 - 06:00,Night,Spring,2.0,2,1.4142135623730951,0.2
Lille,bus,Low Stress,05:00 - 06:00,Night,Summer,2.0,2,0.0,0.2
Lille,bus,Low Stress,05:00 - 06:00,Night,Winter,2.5,2,0.7071067811865476,0.2
Lille,bus,Low Stress,06:00 - 07:00,Night,Autumn,3.0,1,0.0,0.1
Lille,bus,Low Stress,06:00 - 07:00,Night,Summer,3.3333333333333335,3,1.1547005383792515,0.3
Lille,bus,Low Stress,06:00 - 07:00,Night,Winter,3.5,2,2.1213203435596424,0.2
Lille,bus,Low Stress,07:00 - 08:00,Peak,Autumn,2.6666666666666665,3,0.5773502691896258,0.3
Lille,bus,Low Stress,07:00 - 08:00,Peak,Spring,3.0,2,1.4142135623730951,0.2
Lille,bus,Low Stress,07:00 - 08:00,Peak,Summer,3.0,3,1.0,0.3
Lille,bus,Low Stress,07:00 - 08:00,Peak,Winter,3.3333333333333335,3,1.5275252316519465,0.3
Lille,bus,Low Stress,08:00 - 09:00,Peak,Spring,3.0,4,0.816496580927726,0.4
Lille,bus,Low Stress,08:00 - 09:00,Peak,Summer,2.0,4,0.0,0.4
Lille,bus,Low Stress,08:00 - 09:00,Peak,Winter,2.3333333333333335,3,0.5773502691896258,0.3
Lille,bus,Low Stress,09:00 - 10:00,Peak,Autumn,3.0,1,0.0,0.1
Lille,bus,Low Stress,09:00 - 10:00,Peak,Spring,1.3333333333333333,3,0.5773502691896258,0.3
Lille,bus,Low Stress,09:00 - 10:00,Peak,Summer,2.2,5,0.8366600265340756,0.5
Lille,bus,Low Stress,09:00 - 10:00,Peak,Winter,3.0,1,0.0,0.1
Lille,bus,Low Stress,10:00 - 11:00,Off-Peak,Autumn,3.0,2,1.4142135623730951,0.2
Lille,bus,Low Stress,10:00 - 11:00,Off-Peak,Spring,3.2,5,1.0954451150103321,0.5
Lille,bus,Low Stress,10:00 - 11:00,Off-Peak,Summer,3.5,2,0.7071067811865476,0.2
Lille,bus,Low Stress,10:00 - 11:00,Off-Peak,Winter,2.25,4,0.49999999999999994,0.4
Lille,bus,Low Stress,11:00 - 12:00,Off-Peak,Autumn,3.0,1,0.0,0.1
Lille,bus,Low Stress,11:00 - 12:00,Off-Peak,Spring,,0,0.0,0.0
Lille,bus,Low Stress,11:00 - 12:00,Off-Peak,Summer,3.0,1,0.0,0.1
Lille,bus,Low Stress,11:00 - 12:00,Off-Peak,Winter,2.75,4,0.9574271077563381,0.4
Lille,bus,Low Stress,12:00 - 13:00,Off-Peak,Autumn,3.0,1,0.0,0.1
Lille,bus,Low Stress,12:00 - 13:00,Off-Peak,Spring,2.5,2,0.7071067811865476,0.2
Lille,bus,Low Stress,12:00 - 13:00,Off-Peak,Summer,2.5,2,0.7071067811865476,0.2
Lille,bus,Low Stress,12:00 - 13:00,Off-Peak,Winter,1.6666666666666667,3,1.1547005383792517,0.3
Lille,bus,Low Stress,13:00 - 14:00,Off-Peak,Autumn,2.5,4,1.2909944487358056,0.4
Lille,bus,Low Stress,13:00 - 14:00,Off-Peak,Spring,2.4,5,1.140175425099138,0.5
Lille,bus,Low Stress,13:00 - 14:00,Off-Peak,Summer,2.5,2,0.7071067811865476,0.2
Lille,bus,Low Stress,13:00 - 14:00,Off-Peak,Winter,2.5,2,0.7071067811865476,0.2
Lille,bus,Low Stress,14:00 - 15:00,Off-Peak,Spring,3.0,1,0.0,0.1
Lille,bus,Low Stress,14:00 - 15:00,Off-Peak,Summer,2.4,5,0.5477225575051661,0.5
Lille,bus,Low Stress,14:00 - 15:00,Off-Peak,Winter,2.75,4,0.49999999999999994,0.4
Lille,bus,Low Stress,15:00 - 16:00,Off-Peak,Autumn,3.0,2,1.4142135623730951,0.2
Lille,bus,Low Stress,15:00 - 16:00,Off-Peak,Spring,3.5,2,0.7071067811865476,0.2
Lille,bus,Low Stress,15:00 - 16:00,Off-Peak,Summer,2.25,4,0.5,0.4
Lille,bus,Low Stress,15:00 - 16:00,Off-Peak,Winter,2.5,2,0.7071067811865476,0.2
Lille,bus,Low Stress,16:00 - 17:00,Off-Peak,Autumn,2.6666666666666665,3,1.1547005383792517,0.3
Lille,bus,Low Stress,16:00 - 17:00,Off-Peak,Spring,3.5,2,2.1213203435596424,0.2
Lille,bus,Low Stress,16:00 - 17:00,Off-Peak,Summer,2.0,2,0.0,0.2
Lille,bus,Low Stress,16:00 - 17:00,Off-Peak,Winter,1.0,1,0.0,0.1
Lille,bus,Low Stress,17:00 - 18:00,Peak,Autumn,3.0,6,0.8944271909999159,0.6
Lille,bus,Low Stress,17:00 - 18:00,Peak,Spring,2.0,3,0.0,0.3
Lille,bus,Low Stress,17:00 - 18:00,Peak,Summer,2.0,1,0.0,0.1
Lille,bus,Low Stress,17:00 - 18:00,Peak,Winter,4.0,2,1.4142135623730951,0.2
Lille,bus,Low Stress,18:00 - 19:00,Peak,Autumn,2.0,3,1.0,0.3
Lille,bus,Low Stress,18:00 - 19:00,Peak,Spring,3.0,1,0.0,0.1
Lille,bus,Low Stress,18:00 - 19:00,Peak,Summer,1.5,2,0.7071067811865476,0.2
Lille,bus,Low Stress,18:00 - 19:00,Peak,Winter,2.3333333333333335,3,1.1547005383792517,0.3
Lille,bus,Low Stress,19:00 - 20:00,Peak,Autumn,3.0,2,0.0,0.2
Lille,bus,Low Stress,19:00 - 20:00,Peak,Spring,3.0,2,1.4142135623730951,0.2
Lille,bus,Low Stress,19:00 - 20:00,Peak,Summer,3.0,3,2.0,0.3
Lille,bus,Low Stress,19:00 - 20:00,Peak,Winter,2.0,1,0.0,0.1
Lille,bus,Low Stress,20:00 - 21:00,Night,Autumn,3.0,3,1.0,0.3
Lille,bus,Low Stress,20:00 - 21:00,Night,Spring,3.0,4,1.1547005383792515,0.4
Lille,bus,Low Stress,20:00 - 21:00,Night,Summer,2.0,2,1.4142135623730951,0.2
Lille,bus,Low Stress,20:00 - 21:00,Night,Winter,2.0,1,0.0,0.1
Lille,bus,Low Stress,21:00 - 22:00,Night,Autumn,1.0,1,0.0,0.1
Lille,bus,Low Stress,21:00 - 22:00,Night,Spring,2.5,2,0.7071067811865476,0.2
Lille,bus,Low Stress,22:00 - 23:00,Night,Autumn,2.0,1,0.0,0.1
Lille,bus,Low Stress,22:00 - 23:00,Night,Spring,2.0,2,1.4142135623730951,0.2
Lille,bus,Low Stress,22:00 - 23:00,Night,Summer,3.0,3,1.0,0.3
Lille,bus,Low Stress,22:00 - 23:00,Night,Winter,1.5,2,0.7071067811865476,0.2
Lille,bus,Low Stress,23:00 - 24:00,Night,Autumn,3.0,3,0.0,0.3
Lille,bus,Low Stress,23:00 - 24:00,Night,Spring,2.4285714285714284,7,0.5345224838248488,0.7
Lille,bus,Low Stress,23:00 - 24:00,Night,Summer,3.0,2,0.0,0.2
Lille,bus,Low Stress,23:00 - 24:00,Night,Winter,3.5,2,2.1213203435596424,0.2
Lille,métro,High Stress,00:00 - 01:00,Night,Summer,1.0,1,0.0,0.1
Lille,métro,High Stress,01:00 - 02:00,Night,Autumn,1.0,1,0.0,0.1
Lille,métro,High Stress,01:00 - 02:00,Night,Summer,2.0,3,1.0,0.3
Lille,métro,High Stress,02:00 - 03:00,Night,Autumn,1.0,1,0.0,0.1
Lille,métro,High Stress,03:00 - 04:00,Night,Summer,2.0,1,0.0,0.1
Lille,métro,High Stress,04:00 - 05:00,Night,Spring,3.0,1,0.0,0.1
Lille,métro,High Stress,04:00 - 05:00,Night,Summer,2.0,1,0.0,0.1
Lille,métro,High Stress,04:00 - 05:00,Night,Winter,3.0,1,0.0,0.1
Lille,métro,High Stress,05:00 - 06:00,Night,Autumn,2.0,1,0.0,0.1
Lille,métro,High Stress,05:00 - 06:00,Night,Summer,2.0,1,0.0,0.1
Lille,métro,High Stress,06:00 - 07:00,Night,Summer,4.0,1,0.0,0.1
Lille,métro,High Stress,07:00 - 08:00,Peak,Winter,2.0,2,0.0,0.2
Lille,métro,High Stress,08:00 - 09:00,Peak,Autumn,3.0,1,0.0,0.1
Lille,métro,High Stress,08:00 - 09:00,Peak,Winter,2.0,1,0.0,0.1
Lille,métro,High Stress,09:00 - 10:00,Peak,Winter,2.6666666666666665,3,0.5773502691896258,0.3
Lille,métro,High Stress,10:00 - 11:00,Off-Peak,Winter,2.0,1,0.0,0.1
Lille,métro,High Stress,11:00 - 12:00,Off-Peak,Winter,2.0,1,0.0,0.1
Lille,métro,High Stress,13:00 - 14:00,Off-Peak,Winter,1.0,1,0.0,0.1
Lille,métro,High Stress,14:00 - 15:00,Off-Peak,Autumn,4.0,2,0.0,0.2
Lille,métro,High Stress,14:00 - 15:00,Off-Peak,Spring,2.0,2,0.0,0.2
Lille,métro,High Stress,15:00 - 16:00,Off-Peak,Winter,2.0,1,0.0,0.1
Lille,métro,High Stress,16:00 - 17:00,Off-Peak,Spring,2.0,1,0.0,0.1
Lille,métro,High Stress,16:00 - 17:00,Off-Peak,Winter,2.0,1,0.0,0.1
Lille,métro,High Stress,18:00 - 19:00,Peak,Spring,2.0,1,0.0,0.1
Lille,métro,High Stress,18:00 - 19:00,Peak,Winter,2.0,1,0.0,0.1
Lille,métro,High Stress,20:00 - 21:00,Night,Winter,3.0,1,0.0,0.1
Lille,métro,High Stress,21:00 - 22:00,Night,Autumn,2.0,1,0.0,0.1
Lille,métro,High Stress,21:00 - 22:00,Night,Winter,2.0,1,0.0,0.1
Lille,métro,High Stress,22:00 - 23:00,Night,Summer,4.0,1,0.0,0.1
Lille,métro,High Stress,22:00 - 23:00,Night,Winter,4.0,1,0.0,0.1
Lille,métro,High Stress,23:00 - 24:00,Night,Spring,2.0,1,0.0,0.1
Lille,métro,Low Stress,00:00 - 01:00,Night,Autumn,2.0,4,0.816496580927726,0.4
Lille,métro,Low Stress,00:00 - 01:00,Night,Spring,1.0,1,0.0,0.1
Lille,métro,Low Stress,00:00 - 01:00,Night,Summer,3.0,2,2.8284271247461903,0.2
Lille,métro,Low Stress,00:00 - 01:00,Night,Winter,4.0,2,0.0,0.2
Lille,métro,Low Stress,01:00 - 02:00,Night,Autumn,3.3333333333333335,3,0.5773502691896257,0.3
Lille,métro,Low Stress,01:00 - 02:00,Night,Spring,2.0,1,0.0,0.1
Lille,métro,Low Stress,01:00 - 02:00,Night,Summer,1.75,4,0.9574271077563381,0.4
Lille,métro,Low Stress,01:00 - 02:00,Night,Winter,2.0,2,0.0,0.2
Lille,métro,Low Stress,02:00 - 03:00,Night,Autumn,2.5,2,0.7071067811865476,0.2
Lille,métro,Low Stress,02:00 - 03:00,Night,Spring,3.0,3,0.0,0.3
Lille,métro,Low Stress,02:00 - 03:00,Night,Summer,4.0,3,0.0,0.3
Lille,métro,Low Stress,02:00 - 03:00,Night,Winter,2.5,2,0.7071067811865476,0.2
Lille,métro,Low Stress,03:00 - 04:00,Night,Autumn,2.5,2,0.7071067811865476,0.2
Lille,métro,Low Stress,03:00 - 04:00,Night,Spring,3.0,1,0.0,0.1
Lille,métro,Low Stress,03:00 - 04:00,Night,Summer,2.0,2,0.0,0.2
Lille,métro,Low Stress,03:00 - 04:00,Night,Winter,3.0,2,1.4142135623730951,0.2
Lille,métro,Low Stress,04:00 - 05:00,Night,Autumn,3.0,5,1.0,0.5
Lille,métro,Low Stress,04:00 - 05:00,Night,Spring,1.5,2,0.7071067811865476,0.2
Lille,métro,Low Stress,04:00 - 05:00,Night,Summer,2.0,2,1.4142135623730951,0.2
Lille,métro,Low Stress,04:00 - 05:00,Night,Winter,2.6666666666666665,3,1.1547005383792515,0.3
Lille,métro,Low Stress,05:00 - 06:00,Night,Autumn,3.3333333333333335,3,0.5773502691896258,0.3
Lille,métro,Low Stress,05:00 - 06:00,Night,Spring,2.0,3,1.0,0.3
Lille,métro,Low Stress,05:00 - 06:00,Night,Summer,4.0,1,0.0,0.1
Lille,métro,Low Stress,05:00 - 06:00,Night,Winter,2.0,1,0.0,0.1
Lille,métro,Low Stress,06:00 - 07:00,Night,Autumn,2.0,1,0.0,0.1
Lille,métro,Low Stress,06:00 - 07:00,Night,Spring,3.0,2,1.4142135623730951,0.2
Lille,métro,Low Stress,06:00 - 07:00,Night,Summer,2.5,4,1.0,0.4
Lille,métro,Low Stress,06:00 - 07:00,Night,Winter,4.0,3,1.0,0.3
Lille,métro,Low Stress,07:00 - 08:00,Peak,Autumn,2.4285714285714284,7,0.5345224838248487,0.7
Lille,métro,Low Stress,07:00 - 08:00,Peak,Spring,4.0,2,0.0,0.2
Lille,métro,Low Stress,07:00 - 08:00,Peak,Summer,3.0,3,1.0,0.3
Lille,métro,Low Stress,07:00 - 08:00,Peak,Winter,2.0,1,0.0,0.1
Lille,métro,Low Stress,08:00 - 09:00,Peak,Autumn,2.0,1,0.0,0.1
Lille,métro,Low Stress,08:00 - 09:00,Peak,Spring,2.3333333333333335,3,0.5773502691896258,0.3
Lille,métro,Low Stress,08:00 - 09:00,Peak,Summer,3.0,2,0.0,0.2
Lille,métro,Low Stress,08:00 - 09:00,Peak,Winter,4.0,1,0.0,0.1
Lille,métro,Low Stress,09:00 - 10:00,Peak,Autumn,2.3333333333333335,3,0.5773502691896258,0.3
Lille,métro,Low Stress,09:00 - 10:00,Peak,Spring,1.0,1,0.0,0.1
Lille,métro,Low Stress,09:00 - 10:00,Peak,Summer,3.0,3,1.0,0.3
Lille,métro,Low Stress,09:00 - 10:00,Peak,Winter,2.0,1,0.0,0.1
Lille,métro,Low Stress,10:00 - 11:00,Off-Peak,Autumn,2.3333333333333335,3,0.5773502691896258,0.3
Lille,métro,Low Stress,10:00 - 11:00,Off-Peak,Spring,3.0,1,0.0,0.1
Lille,métro,Low Stress,10:00 - 11:00,Off-Peak,Summer,3.5,2,0.7071067811865476,0.2
Lille,métro,Low Stress,10:00 - 11:00,Off-Peak,Winter,4.0,1,0.0,0.1
Lille,métro,Low Stress,11:00 - 12:00,Off-Peak,Autumn,2.75,4,1.707825127659933,0.4
Lille,métro,Low Stress,11:00 - 12:00,Off-Peak,Spring,3.0,1,0.0,0.1
Lille,métro,Low Stress,12:00 - 13:00,Off-Peak,Spring,3.2,5,1.3038404810405297,0.5
Lille,métro,Low Stress,12:00 - 13:00,Off-Peak,Summer,3.0,2,1.4142135623730951,0.2
Lille,métro,Low Stress,12:00 - 13:00,Off-Peak,Winter,2.0,1,0.0,0.1
Lille,métro,Low Stress,13:00 - 14:00,Off-Peak,Autumn,2.6,5,0.5477225575051661,0.5
Lille,métro,Low Stress,13:00 - 14:00,Off-Peak,Spring,2.3333333333333335,3,1.5275252316519468,0.3
Lille,métro,Low Stress,13:00 - 14:00,Off-Peak,Summer,2.3333333333333335,3,1.1547005383792515,0.3
Lille,métro,Low Stress,13:00 - 14:00,Off-Peak,Winter,1.0,1,0.0,0.1
Lille,métro,Low Stress,14:00 - 15:00,Off-Peak,Autumn,1.75,4,0.9574271077563381,0.4
Lille,métro,Low Stress,14:00 - 15:00,Off-Peak,Spring,5.0,1,0.0,0.1
Lille,métro,Low Stress,14:00 - 15:00,Off-Peak,Summer,2.3333333333333335,3,1.5275252316519468,0.3
Lille,métro,Low Stress,14:00 - 15:00,Off-Peak,Winter,2.0,3,1.0,0.3
Lille,métro,Low Stress,15:00 - 16:00,Off-Peak,Autumn,3.0,4,0.0,0.4
Lille,métro,Low Stress,15:00 - 16:00,Off-Peak,Spring,1.5,2,0.7071067811865476,0.2
Lille,métro,Low Stress,15:00 - 16:00,Off-Peak,Summer,3.5,2,0.7071067811865476,0.2
Lille,métro,Low Stress,15:00 - 16:00,Off-Peak,Winter,3.5,2,0.7071067811865476,0.2
Lille,métro,Low Stress,16:00 - 17:00,Off-Peak,Autumn,2.6666666666666665,3,0.5773502691896257,0.3
Lille,métro,Low Stress,16:00 - 17:00,Off-Peak,Spring,2.0,3,1.0,0.3
Lille,métro,Low Stress,16:00 - 17:00,Off-Peak,Summer,2.75,4,1.707825127659933,0.4
Lille,métro,Low Stress,16:00 - 17:00,Off-Peak,Winter,2.6666666666666665,3,1.1547005383792515,0.3
Lille,métro,Low Stress,17:00 - 18:00,Peak,Autumn,1.5,2,0.7071067811865476,0.2
Lille,métro,Low Stress,17:00 - 18:00,Peak,Spring,2.6666666666666665,3,0.5773502691896258,0.3
Lille,métro,Low Stress,17:00 - 18:00,Peak,Summer,3.0,3,1.0,0.3
Lille,métro,Low Stress,17:00 - 18:00,Peak,Winter,2.0,2,1.4142135623730951,0.2
Lille,métro,Low Stress,18:00 - 19:00,Peak,Autumn,2.8,5,1.4832396974191326,0.5
Lille,métro,Low Stress,18:00 - 19:00,Peak,Spring,2.5,2,0.7071067811865476,0.2
Lille,métro,Low Stress,18:00 - 19:00,Peak,Summer,2.6666666666666665,3,1.5275252316519468,0.3
Lille,métro,Low Stress,18:00 - 19:00,Peak,Winter,3.0,1,0.0,0.1
Lille,métro,Low Stress,19:00 - 20:00,Peak,Autumn,2.0,1,0.0,0.1
Lille,métro,Low Stress,19:00 - 20:00,Peak,Spring,2.0,2,0.0,0.2
Lille,métro,Low Stress,19:00 - 20:00,Peak,Winter,3.0,1,0.0,0.1
Lille,métro,Low Stress,20:00 - 21:00,Night,Autumn,2.6,5,0.5477225575051661,0.5
Lille,métro,Low Stress,20:00 - 21:00,Night,Spring,1.0,1,0.0,0.1
Lille,métro,Low Stress,20:00 - 21:00,Night,Summer,2.4285714285714284,7,0.7867957924694432,0.7
Lille,métro,Low Stress,20:00 - 21:00,Night,Winter,1.0,3,0.0,0.3
Lille,métro,Low Stress,21:00 - 22:00,Night,Autumn,2.0,1,0.0,0.1
Lille,métro,Low Stress,21:00 - 22:00,Night,Spring,2.3333333333333335,3,0.5773502691896258,0.3
Lille,métro,Low Stress,21:00 - 22:00,Night,Summer,2.6666666666666665,3,0.5773502691896258,0.3
Lille,métro,Low Stress,21:00 - 22:00,Night,Winter,3.0,1,0.0,0.1
Lille,métro,Low Stress,22:00 - 23:00,Night,Autumn,3.0,2,0.0,0.2
Lille,métro,Low Stress,22:00 - 23:00,Night,Spring,3.0,2,0.0,0.2
Lille,métro,Low Stress,22:00 - 23:00,Night,Summer,2.5,2,2.1213203435596424,0.2
Lille,métro,Low Stress,22:00 - 23:00,Night,Winter,1.75,4,0.9574271077563382,0.4
Lille,métro,Low Stress,23:00 - 24:00,Night,Autumn,1.5,2,0.7071067811865476,0.2
Lille,métro,Low Stress,23:00 - 24:00,Night,Spring,2.6666666666666665,3,1.5275252316519468,0.3
Lille,métro,Low Stress,23:00 - 24:00,Night,Summer,3.2,5,0.8366600265340756,0.5
Lille,métro,Low Stress,23:00 - 24:00,Night,Winter,2.0,3,1.0,0.3
Lille,tram,High Stress,02:00 - 03:00,Night,Autumn,3.0,1,0.0,0.1
Lille,tram,High Stress,02:00 - 03:00,Night,Summer,5.0,1,0.0,0.1
Lille,tram,High Stress,03:00 - 04:00,Night,Winter,,0,0.0,0.0
Lille,tram,High Stress,04:00 - 05:00,Night,Summer,3.0,1,0.0,0.1
Lille,tram,High Stress,05:00 - 06:00,Night,Autumn,4.0,1,0.0,0.1
Lille,tram,High Stress,05:00 - 06:00,Night,Spring,2.0,1,0.0,0.1
Lille,tram,High Stress,07:00 - 08:00,Peak,Summer,2.0,1,0.0,0.1
Lille,tram,High Stress,08:00 - 09:00,Peak,Autumn,3.0,1,0.0,0.1
Lille,tram,High Stress,08:00 - 09:00,Peak,Summer,4.0,1,0.0,0.1
Lille,tram,High Stress,11:00 - 12:00,Off-Peak,Autumn,3.0,1,0.0,0.1
Lille,tram,High Stress,11:00 - 12:00,Off-Peak,Winter,2.0,1,0.0,0.1
Lille,tram,High Stress,12:00 - 13:00,Off-Peak,Spring,3.0,1,0.0,0.1
Lille,tram,High Stress,12:00 - 13:00,Off-Peak,Summer,2.0,2,0.0,0.2
Lille,tram,High Stress,13:00 - 14:00,Off-Peak,Winter,2.5,2,0.7071067811865476,0.2
Lille,tram,High Stress,14:00 - 15:00,Off-Peak,Winter,2.5,2,0.7071067811865476,0.2
Lille,tram,High Stress,15:00 - 16:00,Off-Peak,Autumn,1.0,1,0.0,0.1
Lille,tram,High Stress,15:00 - 16:00,Off-Peak,Spring,2.0,1,0.0,0.1
Lille,tram,High Stress,16:00 - 17:00,Off-Peak,Autumn,2.0,1,0.0,0.1
Lille,tram,High Stress,17:00 - 18:00,Peak,Autumn,2.0,1,0.0,0.1
Lille,tram,High Stress,18:00 - 19:00,Peak,Summer,4.0,1,0.0,0.1
Lille,tram,High Stress,19:00 - 20:00,Peak,Spring,4.0,1,0.0,0.1
Lille,tram,High Stress,19:00 - 20:00,Peak,Winter,2.0,1,0.0,0.1
Lille,tram,High Stress,20:00 - 21:00,Night,Spring,3.0,1,0.0,0.1
Lille,tram,High Stress,21:00 - 22:00,Night,Winter,2.0,1,0.0,0.1
Lille,tram,High Stress,22:00 - 23:00,Night,Spring,3.0,1,0.0,0.1
Lille,tram,Low Stress,00:00 - 01:00,Night,Autumn,2.25,4,0.5,0.4
Lille,tram,Low Stress,01:00 - 02:00,Night,Autumn,2.3333333333333335,3,1.5275252316519468,0.3
Lille,tram,Low Stress,02:00 - 03:00,Night,Autumn,1.5,2,0.7071067811865476,0.2
Lille,tram,Low Stress,02:00 - 03:00,Night,Summer,3.0,1,0.0,0.1
Lille,tram,Low Stress,02:00 - 03:00,Night,Winter,3.0,1,0.0,0.1
Lille,tram,Low Stress,03:00 - 04:00,Night,Autumn,4.0,1,0.0,0.1
Lille,tram,Low Stress,03:00 - 04:00,Night,Spring,1.0,1,0.0,0.1
Lille,tram,Low Stress,03:00 - 04:00,Night,Summer,3.0,2,0.0,0.2
Lille,tram,Low Stress,03:00 - 04:00,Night,Winter,3.0,2,0.0,0.2
Lille,tram,Low Stress,04:00 - 05:00,Night,Autumn,3.0,1,0.0,0.1
Lille,tram,Low Stress,04:00 - 05:00,Night,Spring,3.0,1,0.0,0.1
Lille,tram,Low Stress,04:00 - 05:00,Night,Summer,3.0,2,1.4142135623730951,0.2
Lille,tram,Low Stress,05:00 - 06:00,Night,Autumn,1.0,1,0.0,0.1
Lille,tram,Low Stress,05:00 - 06:00,Night,Spring,3.0,1,0.0,0.1
Lille,tram,Low Stress,05:00 - 06:00,Night,Winter,3.0,1,0.0,0.1
Lille,tram,Low Stress,06:00 - 07:00,Night,Autumn,3.5,2,0.7071067811865476,0.2
Lille,tram,Low Stress,06:00 - 07:00,Night,Spring,2.2,5,1.0954451150103324,0.5
Lille,tram,Low Stress,06:00 - 07:00,Night,Summer,2.0,1,0.0,0.1
Lille,tram,Low Stress,07:00 - 08:00,Peak,Autumn,1.5,2,0.7071067811865476,0.2
Lille,tram,Low Stress,07:00 - 08:00,Peak,Summer,2.0,1,0.0,0.1
Lille,tram,Low Stress,07:00 - 08:00,Peak,Winter,2.3333333333333335,3,2.3094010767585034,0.3
Lille,tram,Low Stress,08:00 - 09:00,Peak,Autumn,3.0,1,0.0,0.1
Lille,tram,Low Stress,08:00 - 09:00,Peak,Spring,4.0,1,0.0,0.1
Lille,tram,Low Stress,08:00 - 09:00,Peak,Summer,3.0,2,1.4142135623730951,0.2
Lille,tram,Low Stress,08:00 - 09:00,Peak,Winter,3.0,2,1.4142135623730951,0.2
Lille,tram,Low Stress,09:00 - 10:00,Peak,Autumn,3.3333333333333335,3,0.5773502691896258,0.3
Lille,tram,Low Stress,09:00 - 10:00,Peak,Spring,2.3333333333333335,3,0.5773502691896258,0.3
Lille,tram,Low Stress,09:00 - 10:00,Peak,Summer,2.5,2,0.7071067811865476,0.2
Lille,tram,Low Stress,09:00 - 10:00,Peak,Winter,2.0,2,1.4142135623730951,0.2
Lille,tram,Low Stress,10:00 - 11:00,Off-Peak,Autumn,4.0,1,0.0,0.1
Lille,tram,Low Stress,10:00 - 11:00,Off-Peak,Spring,2.6666666666666665,3,1.1547005383792515,0.3
Lille,tram,Low Stress,10:00 - 11:00,Off-Peak,Winter,3.0,1,0.0,0.1
Lille,tram,Low Stress,11:00 - 12:00,Off-Peak,Spring,3.0,1,0.0,0.1
Lille,tram,Low Stress,11:00 - 12:00,Off-Peak,Summer,5.0,1,0.0,0.1
Lille,tram,Low Stress,12:00 - 13:00,Off-Peak,Autumn,3.0,1,0.0,0.1
Lille,tram,Low Stress,12:00 - 13:00,Off-Peak,Spring,2.4,5,0.8944271909999159,0.5
Lille,tram,Low Stress,12:00 - 13:00,Off-Peak,Summer,1.0,1,0.0,0.1
Lille,tram,Low Stress,13:00 - 14:00,Off-Peak,Summer,2.5,2,0.7071067811865476,0.2
Lille,tram,Low Stress,13:00 - 14:00,Off-Peak,Winter,1.0,1,0.0,0.1
Lille,tram,Low Stress,14:00 - 15:00,Off-Peak,Autumn,3.0,2,1.4142135623730951,0.2
Lille,tram,Low Stress,14:00 - 15:00,Off-Peak,Spring,1.0,1,0.0,0.1
Lille,tram,Low Stress,14:00 - 15:00,Off-Peak,Summer,1.0,1,0.0,0.1
Lille,tram,Low Stress,14:00 - 15:00,Off-Peak,Winter,3.0,1,0.0,0.1
Lille,tram,Low Stress,15:00 - 16:00,Off-Peak,Autumn,2.0,1,0.0,0.1
Lille,tram,Low Stress,15:00 - 16:00,Off-Peak,Spring,2.5,4,1.2909944487358056,0.4
Lille,tram,Low Stress,16:00 - 17:00,Off-Peak,Autumn,2.0,1,0.0,0.1
Lille,tram,Low Stress,16:00 - 17:00,Off-Peak,Spring,,0,0.0,0.0
Lille,tram,Low Stress,16:00 - 17:00,Off-Peak,Summer,2.0,1,0.0,0.1
Lille,tram,Low Stress,16:00 - 17:00,Off-Peak,Winter,3.0,2,0.0,0.2
Lille,tram,Low Stress,17:00 - 18:00,Peak,Autumn,3.0,1,0.0,0.1
Lille,tram,Low Stress,17:00 - 18:00,Peak,Spring,3.0,2,0.0,0.2
Lille,tram,Low Stress,17:00 - 18:00,Peak,Summer,1.0,1,0.0,0.1
Lille,tram,Low Stress,17:00 - 18:00,Peak,Winter,2.5,2,0.7071067811865476,0.2
Lille,tram,Low Stress,18:00 - 19:00,Peak,Autumn,2.5,2,0.7071067811865476,0.2
Lille,tram,Low Stress,18:00 - 19:00,Peak,Spring,3.0,1,0.0,0.1
Lille,tram,Low Stress,18:00 - 19:00,Peak,Winter,5.0,1,0.0,0.1
Lille,tram,Low Stress,19:00 - 20:00,Peak,Autumn,1.0,1,0.0,0.1
Lille,tram,Low Stress,19:00 - 20:00,Peak,Summer,2.0,1,0.0,0.1
Lille,tram,Low Stress,19:00 - 20:00,Peak,Winter,2.0,1,0.0,0.1
Lille,tram,Low Stress,20:00 - 21:00,Night,Autumn,2.0,1,0.0,0.1
Lille,tram,Low Stress,20:00 - 21:00,Night,Spring,1.6666666666666667,3,1.1547005383792517,0.3
Lille,tram,Low Stress,20:00 - 21:00,Night,Summer,2.0,1,0.0,0.1
Lille,tram,Low Stress,20:00 - 21:00,Night,Winter,2.5,2,0.7071067811865476,0.2
Lille,tram,Low Stress,21:00 - 22:00,Night,Autumn,1.0,1,0.0,0.1
Lille,tram,Low Stress,21:00 - 22:00,Night,Summer,2.0,2,1.4142135623730951,0.2
Lille,tram,Low Stress,21:00 - 22:00,Night,Winter,3.0,1,0.0,0.1
Lille,tram,Low Stress,22:00 - 23:00,Night,Autumn,2.5,2,0.7071067811865476,0.2
Lille,tram,Low Stress,22:00 - 23:00,Night,Spring,2.0,1,0.0,0.1
Lille,tram,Low Stress,22:00 - 23:00,Night,Summer,2.0,1,0.0,0.1
Lille,tram,Low Stress,23:00 - 24:00,Night,Autumn,3.0,2,1.4142135623730951,0.2
Lille,tram,Low Stress,23:00 - 24:00,Night,Spring,2.0,1,0.0,0.1
Lille,voiture,High Stress,00:00 - 01:00,Night,Summer,2.0,1,0.0,0.1
Lille,voiture,High Stress,01:00 - 02:00,Night,Spring,2.0,1,0.0,0.1
Lille,voiture,High Stress,01:00 - 02:00,Night,Summer,4.0,1,0.0,0.1
Lille,voiture,High Stress,03:00 - 04:00,Night,Autumn,2.3333333333333335,3,0.5773502691896257,0.3
Lille,voiture,High Stress,03:00 - 04:00,Night,Summer,2.5,2,0.7071067811865476,0.2
Lille,voiture,High Stress,05:00 - 06:00,Night,Spring,5.0,1,0.0,0.1
Lille,voiture,High Stress,05:00 - 06:00,Night,Winter,2.0,1,0.0,0.1
Lille,voiture,High Stress,06:00 - 07:00,Night,Autumn,3.0,2,1.4142135623730951,0.2
Lille,voiture,High Stress,06:00 - 07:00,Night,Summer,1.0,1,0.0,0.1
Lille,voiture,High Stress,07:00 - 08:00,Peak,Autumn,2.0,1,0.0,0.1
Lille,voiture,High Stress,07:00 - 08:00,Peak,Spring,2.0,1,0.0,0.1
Lille,voiture,High Stress,07:00 - 08:00,Peak,Summer,3.0,1,0.0,0.1
Lille,voiture,High Stress,08:00 - 09:00,Peak,Autumn,3.0,1,0.0,0.1
Lille,voiture,High Stress,10:00 - 11:00,Off-Peak,Autumn,1.0,1,0.0,0.1
Lille,voiture,High Stress,10:00 - 11:00,Off-Peak,Spring,2.0,1,0.0,0.1
Lille,voiture,High Stress,11:00 - 12:00,Off-Peak,Spring,3.0,1,0.0,0.1
Lille,voiture,High Stress,12:00 - 13:00,Off-Peak,Autumn,2.0,1,0.0,0.1
Lille,voiture,High Stress,13:00 - 14:00,Off-Peak,Autumn,4.0,1,0.0,0.1
Lille,voiture,High Stress,13:00 - 14:00,Off-Peak,Spring,1.0,1,0.0,0.1
Lille,voiture,High Stress,13:00 - 14:00,Off-Peak,Summer,2.5,2,0.7071067811865476,0.2
Lille,voiture,High Stress,15:00 - 16:00,Off-Peak,Summer,2.0,1,0.0,0.1
Lille,voiture,High Stress,15:00 - 16:00,Off-Peak,Winter,2.0,1,0.0,0.1
Lille,voiture,High Stress,16:00 - 17:00,Off-Peak,Spring,3.0,2,0.0,0.2
Lille,voiture,High Stress,17:00 - 18:00,Peak,Spring,4.0,1,0.0,0.1
Lille,voiture,High Stress,17:00 - 18:00,Peak,Summer,3.0,1,0.0,0.1
Lille,voiture,High Stress,18:00 - 19:00,Peak,Autumn,2.0,1,0.0,0.1
Lille,voiture,High Stress,19:00 - 20:00,Peak,Winter,4.0,1,0.0,0.1
Lille,voiture,High Stress,20:00 - 21:00,Night,Winter,2.0,1,0.0,0.1
Lille,voiture,High Stress,21:00 - 22:00,Night,Winter,2.0,1,0.0,0.1
Lille,voiture,High Stress,23:00 - 24:00,Night,Spring,2.0,2,1.4142135623730951,0.2
Lille,voiture,High Stress,23:00 - 24:00,Night,Summer,3.0,1,0.0,0.1
Lille,voiture,High Stress,23:00 - 24:00,Night,Winter,2.0,2,0.0,0.2
Lille,voiture,Low Stress,00:00 - 01:00,Night,Autumn,4.0,1,0.0,0.1
Lille,voiture,Low Stress,00:00 - 01:00,Night,Spring,2.0,1,0.0,0.1
Lille,voiture,Low Stress,00:00 - 01:00,Night,Summer,1.5,2,0.7071067811865476,0.2
Lille,voiture,Low Stress,00:00 - 01:00,Night,Winter,2.0,2,0.0,0.2
Lille,voiture,Low Stress,01:00 - 02:00,Night,Autumn,2.5,2,0.7071067811865476,0.2
Lille,voiture,Low Stress,01:00 - 02:00,Night,Spring,3.0,2,1.4142135623730951,0.2
Lille,voiture,Low Stress,01:00 - 02:00,Night,Summer,1.0,1,0.0,0.1
Lille,voiture,Low Stress,01:00 - 02:00,Night,Winter,2.3333333333333335,3,1.5275252316519468,0.3
Lille,voiture,Low Stress,02:00 - 03:00,Night,Autumn,2.6666666666666665,6,0.816496580927726,0.6
Lille,voiture,Low Stress,02:00 - 03:00,Night,Spring,3.0,3,0.0,0.3
Lille,voiture,Low Stress,02:00 - 03:00,Night,Summer,2.5,2,0.7071067811865476,0.2
Lille,voiture,Low Stress,02:00 - 03:00,Night,Winter,4.0,1,0.0,0.1
Lille,voiture,Low Stress,03:00 - 04:00,Night,Autumn,2.0,1,0.0,0.1
Lille,voiture,Low Stress,03:00 - 04:00,Night,Spring,1.6666666666666667,3,0.5773502691896257,0.3
Lille,voiture,Low Stress,03:00 - 04:00,Night,Summer,4.5,2,0.7071067811865476,0.2
Lille,voiture,Low Stress,03:00 - 04:00,Night,Winter,1.5,2,0.7071067811865476,0.2
Lille,voiture,Low Stress,04:00 - 05:00,Night,Autumn,3.0,2,0.0,0.2
Lille,voiture,Low Stress,04:00 - 05:00,Night,Spring,2.6666666666666665,3,1.1547005383792515,0.3
Lille,voiture,Low Stress,04:00 - 05:00,Night,Summer,3.0,3,1.0,0.3
Lille,voiture,Low Stress,05:00 - 06:00,Night,Spring,3.5,2,0.7071067811865476,0.2
Lille,voiture,Low Stress,05:00 - 06:00,Night,Summer,2.5,4,0.5773502691896257,0.4
Lille,voiture,Low Stress,05:00 - 06:00,Night,Winter,3.0,2,1.4142135623730951,0.2
Lille,voiture,Low Stress,06:00 - 07:00,Night,Autumn,2.6666666666666665,3,0.5773502691896258,0.3
Lille,voiture,Low Stress,06:00 - 07:00,Night,Spring,2.6666666666666665,3,1.1547005383792517,0.3
Lille,voiture,Low Stress,06:00 - 07:00,Night,Summer,3.0,1,0.0,0.1
Lille,voiture,Low Stress,06:00 - 07:00,Night,Winter,4.0,1,0.0,0.1
Lille,voiture,Low Stress,07:00 - 08:00,Peak,Autumn,2.0,2,0.0,0.2
Lille,voiture,Low Stress,07:00 - 08:00,Peak,Spring,2.0,2,1.4142135623730951,0.2
Lille,voiture,Low Stress,07:00 - 08:00,Peak,Summer,3.0,2,1.4142135623730951,0.2
Lille,voiture,Low Stress,07:00 - 08:00,Peak,Winter,3.0,2,1.4142135623730951,0.2
Lille,voiture,Low Stress,08:00 - 09:00,Peak,Autumn,2.5,2,0.7071067811865476,0.2
Lille,voiture,Low Stress,08:00 - 09:00,Peak,Summer,2.6,5,1.816590212458495,0.5
Lille,voiture,Low Stress,08:00 - 09:00,Peak,Winter,1.5,2,0.7071067811865476,0.2
Lille,voiture,Low Stress,09:00 - 10:00,Peak,Autumn,2.25,4,1.2583057392117916,0.4
Lille,voiture,Low Stress,09:00 - 10:00,Peak,Spring,2.3333333333333335,3,1.5275252316519468,0.3
Lille,voiture,Low Stress,09:00 - 10:00,Peak,Summer,3.3333333333333335,3,1.1547005383792515,0.3
Lille,voiture,Low Stress,09:00 - 10:00,Peak,Winter,2.5,8,0.9258200997725514,0.8
Lille,voiture,Low Stress,10:00 - 11:00,Off-Peak,Autumn,4.0,1,0.0,0.1
Lille,voiture,Low Stress,10:00 - 11:00,Off-Peak,Spring,2.0,3,1.0,0.3
Lille,voiture,Low Stress,10:00 - 11:00,Off-Peak,Summer,2.2,5,0.8366600265340756,0.5
Lille,voiture,Low Stress,10:00 - 11:00,Off-Peak,Winter,3.0,1,0.0,0.1
Lille,voiture,Low Stress,11:00 - 12:00,Off-Peak,Autumn,2.0,1,0.0,0.1
Lille,voiture,Low Stress,11:00 - 12:00,Off-Peak,Spring,4.0,2,0.0,0.2
Lille,voiture,Low Stress,11:00 - 12:00,Off-Peak,Summer,1.0,1,0.0,0.1
Lille,voiture,Low Stress,12:00 - 13:00,Off-Peak,Autumn,2.0,2,1.4142135623730951,0.2
Lille,voiture,Low Stress,12:00 - 13:00,Off-Peak,Spring,4.0,1,0.0,0.1
Lille,voiture,Low Stress,12:00 - 13:00,Off-Peak,Summer,3.6666666666666665,3,1.5275252316519465,0.3
Lille,voiture,Low Stress,12:00 - 13:00,Off-Peak,Winter,3.0,1,0.0,0.1
Lille,voiture,Low Stress,13:00 - 14:00,Off-Peak,Autumn,3.0,2,0.0,0.2
Lille,voiture,Low Stress,13:00 - 14:00,Off-Peak,Spring,3.0,2,1.4142135623730951,0.2
Lille,voiture,Low Stress,13:00 - 14:00,Off-Peak,Summer,2.5,2,0.7071067811865476,0.2
Lille,voiture,Low Stress,13:00 - 14:00,Off-Peak,Winter,2.0,2,1.4142135623730951,0.2
Lille,voiture,Low Stress,14:00 - 15:00,Off-Peak,Autumn,3.25,4,0.49999999999999994,0.4
Lille,voiture,Low Stress,14:00 - 15:00,Off-Peak,Spring,2.3333333333333335,3,0.5773502691896257,0.3
Lille,voiture,Low Stress,14:00 - 15:00,Off-Peak,Summer,2.4,5,1.6733200530681511,0.5
Lille,voiture,Low Stress,15:00 - 16:00,Off-Peak,Autumn,1.0,1,0.0,0.1
Lille,voiture,Low Stress,15:00 - 16:00,Off-Peak,Spring,3.5,2,0.7071067811865476,0.2
Lille,voiture,Low Stress,15:00 - 16:00,Off-Peak,Summer,3.5,2,0.7071067811865476,0.2
Lille,voiture,Low Stress,15:00 - 16:00,Off-Peak,Winter,1.0,1,0.0,0.1
Lille,voiture,Low Stress,16:00 - 17:00,Off-Peak,Autumn,2.5,2,0.7071067811865476,0.2
Lille,voiture,Low Stress,16:00 - 17:00,Off-Peak,Summer,2.0,1,0.0,0.1
Lille,voiture,Low Stress,16:00 - 17:00,Off-Peak,Winter,1.0,1,0.0,0.1
Lille,voiture,Low Stress,17:00 - 18:00,Peak,Spring,3.0,1,0.0,0.1
Lille,voiture,Low Stress,17:00 - 18:00,Peak,Summer,2.0,3,1.0,0.3
Lille,voiture,Low Stress,17:00 - 18:00,Peak,Winter,3.0,1,0.0,0.1
Lille,voiture,Low Stress,18:00 - 19:00,Peak,Autumn,2.5,2,2.1213203435596424,0.2
Lille,voiture,Low Stress,18:00 - 19:00,Peak,Spring,3.0,4,1.8257418583505538,0.4
Lille,voiture,Low Stress,18:00 - 19:00,Peak,Summer,1.6666666666666667,3,0.5773502691896257,0.3
Lille,voiture,Low Stress,18:00 - 19:00,Peak,Winter,2.25,4,0.9574271077563381,0.4
Lille,voiture,Low Stress,19:00 - 20:00,Peak,Autumn,2.25,4,1.2583057392117916,0.4
Lille,voiture,Low Stress,19:00 - 20:00,Peak,Winter,2.0,2,0.0,0.2
Lille,voiture,Low Stress,20:00 - 21:00,Night,Autumn,3.5,2,2.1213203435596424,0.2
Lille,voiture,Low Stress,20:00 - 21:00,Night,Spring,2.0,2,1.4142135623730951,0.2
Lille,voiture,Low Stress,20:00 - 21:00,Night,Summer,2.0,1,0.0,0.1
Lille,voiture,Low Stress,20:00 - 21:00,Night,Winter,2.5,2,0.7071067811865476,0.2
Lille,voiture,Low Stress,21:00 - 22:00,Night,Autumn,2.5,2,0.7071067811865476,0.2
Lille,voiture,Low Stress,21:00 - 22:00,Night,Summer,4.0,1,0.0,0.1
Lille,voiture,Low Stress,21:00 - 22:00,Night,Winter,2.6666666666666665,3,0.5773502691896258,0.3
Lille,voiture,Low Stress,22:00 - 23:00,Night,Autumn,2.75,4,0.9574271077563381,0.4
Lille,voiture,Low Stress,22:00 - 23:00,Night,Spring,5.0,1,0.0,0.1
Lille,voiture,Low Stress,22:00 - 23:00,Night,Summer,3.0,3,1.0,0.3
Lille,voiture,Low Stress,22:00 - 23:00,Night,Winter,1.8,5,0.8366600265340756,0.5
Lille,voiture,Low Stress,23:00 - 24:00,Night,Autumn,2.5,2,0.7071067811865476,0.2
Lille,voiture,Low Stress,23:00 - 24:00,Night,Spring,1.6666666666666667,3,0.5773502691896257,0.3
Lille,voiture,Low Stress,23:00 - 24:00,Night,Summer,3.0,4,0.816496580927726,0.4
Lille,voiture,Low Stress,23:00 - 24:00,Night,Winter,,0,0.0,0.0
Lille,vélo,High Stress,00:00 - 01:00,Night,Summer,3.0,1,0.0,0.1
Lille,vélo,High Stress,01:00 - 02:00,Night,Autumn,,0,0.0,0.0
Lille,vélo,High Stress,01:00 - 02:00,Night,Summer,2.0,1,0.0,0.1
Lille,vélo,High Stress,05:00 - 06:00,Night,Spring,3.0,1,0.0,0.1
Lille,vélo,High Stress,05:00 - 06:00,Night,Summer,3.0,2,0.0,0.2
Lille,vélo,High Stress,06:00 - 07:00,Night,Summer,4.0,1,0.0,0.1
Lille,vélo,High Stress,06:00 - 07:00,Night,Winter,3.5,2,0.7071067811865476,0.2
Lille,vélo,High Stress,07:00 - 08:00,Peak,Summer,2.0,1,0.0,0.1
Lille,vélo,High Stress,08:00 - 09:00,Peak,Spring,1.0,1,0.0,0.1
Lille,vélo,High Stress,09:00 - 10:00,Peak,Winter,4.0,1,0.0,0.1
Lille,vélo,High Stress,11:00 - 12:00,Off-Peak,Autumn,2.0,1,0.0,0.1
Lille,vélo,High Stress,12:00 - 13:00,Off-Peak,Summer,2.0,1,0.0,0.1
Lille,vélo,High Stress,15:00 - 16:00,Off-Peak,Autumn,4.0,2,0.0,0.2
Lille,vélo,High Stress,18:00 - 19:00,Peak,Autumn,,0,0.0,0.0
Lille,vélo,High Stress,18:00 - 19:00,Peak,Spring,3.0,1,0.0,0.1
Lille,vélo,High Stress,18:00 - 19:00,Peak,Winter,3.0,1,0.0,0.1
Lille,vélo,High Stress,19:00 - 20:00,Peak,Autumn,4.0,1,0.0,0.1
Lille,vélo,High Stress,19:00 - 20:00,Peak,Winter,3.0,1,0.0,0.1
Lille,vélo,High Stress,20:00 - 21:00,Night,Autumn,4.0,1,0.0,0.1
Lille,vélo,High Stress,21:00 - 22:00,Night,Summer,1.5,2,0.7071067811865476,0.2
Lille,vélo,High Stress,22:00 - 23:00,Night,Summer,4.0,1,0.0,0.1
Lille,vélo,Low Stress,00:00 - 01:00,Night,Autumn,2.3333333333333335,3,0.5773502691896258,0.3
Lille,vélo,Low Stress,00:00 - 01:00,Night,Spring,1.0,1,0.0,0.1
Lille,vélo,Low Stress,00:00 - 01:00,Night,Summer,3.0,1,0.0,0.1
Lille,vélo,Low Stress,00:00 - 01:00,Night,Winter,4.0,1,0.0,0.1
Lille,vélo,Low Stress,01:00 - 02:00,Night,Autumn,1.5,2,0.7071067811865476,0.2
Lille,vélo,Low Stress,01:00 - 02:00,Night,Spring,3.0,1,0.0,0.1
Lille,vélo,Low Stress,01:00 - 02:00,Night,Summer,3.0,1,0.0,0.1
Lille,vélo,Low Stress,03:00 - 04:00,Night,Spring,2.5,2,0.7071067811865476,0.2
Lille,vélo,Low Stress,03:00 - 04:00,Night,Summer,2.0,1,0.0,0.1
Lille,vélo,Low Stress,04:00 - 05:00,Night,Autumn,2.5,2,2.1213203435596424,0.2
Lille,vélo,Low Stress,04:00 - 05:00,Night,Spring,3.0,1,0.0,0.1
Lille,vélo,Low Stress,05:00 - 06:00,Night,Autumn,3.0,1,0.0,0.1
Lille,vélo,Low Stress,05:00 - 06:00,Night,Summer,1.0,1,0.0,0.1
Lille,vélo,Low Stress,05:00 - 06:00,Night,Winter,2.0,1,0.0,0.1
Lille,vélo,Low Stress,06:00 - 07:00,Night,Autumn,5.0,1,0.0,0.1
Lille,vélo,Low Stress,06:00 - 07:00,Night,Spring,4.0,2,0.0,0.2
Lille,vélo,Low Stress,07:00 - 08:00,Peak,Spring,2.5,2,0.7071067811865476,0.2
Lille,vélo,Low Stress,07:00 - 08:00,Peak,Summer,3.0,1,0.0,0.1
Lille,vélo,Low Stress,07:00 - 08:00,Peak,Winter,3.0,1,0.0,0.1
Lille,vélo,Low Stress,08:00 - 09:00,Peak,Spring,3.0,1,0.0,0.1
Lille,vélo,Low Stress,08:00 - 09:00,Peak,Winter,3.0,1,0.0,0.1
Lille,vélo,Low Stress,09:00 - 10:00,Peak,Autumn,2.0,1,0.0,0.1
Lille,vélo,Low Stress,09:00 - 10:00,Peak,Winter,2.5,2,0.7071067811865476,0.2
Lille,vélo,Low Stress,10:00 - 11:00,Off-Peak,Autumn,3.0,1,0.0,0.1
Lille,vélo,Low Stress,10:00 - 11:00,Off-Peak,Spring,2.0,1,0.0,0.1
Lille,vélo,Low Stress,10:00 - 11:00,Off-Peak,Summer,3.0,1,0.0,0.1
Lille,vélo,Low Stress,11:00 - 12:00,Off-Peak,Autumn,2.0,1,0.0,0.1
Lille,vélo,Low Stress,11:00 - 12:00,Off-Peak,Spring,4.0,1,0.0,0.1
Lille,vélo,Low Stress,11:00 - 12:00,Off-Peak,Summer,1.0,1,0.0,0.1
Lille,vélo,Low Stress,11:00 - 12:00,Off-Peak,Winter,4.0,1,0.0,0.1
Lille,vélo,Low Stress,12:00 - 13:00,Off-Peak,Autumn,2.0,1,0.0,0.1
Lille,vélo,Low Stress,12:00 - 13:00,Off-Peak,Summer,3.0,2,0.0,0.2
Lille,vélo,Low Stress,12:00 - 13:00,Off-Peak,Winter,2.0,1,0.0,0.1
Lille,vélo,Low Stress,13:00 - 14:00,Off-Peak,Autumn,3.0,2,1.4142135623730951,0.2
Lille,vélo,Low Stress,13:00 - 14:00,Off-Peak,Spring,4.0,1,0.0,0.1
Lille,vélo,Low Stress,13:00 - 14:00,Off-Peak,Summer,2.0,1,0.0,0.1
Lille,vélo,Low Stress,14:00 - 15:00,Off-Peak,Autumn,4.0,1,0.0,0.1
Lille,vélo,Low Stress,14:00 - 15:00,Off-Peak,Spring,3.0,1,0.0,0.1
Lille,vélo,Low Stress,14:00 - 15:00,Off-Peak,Summer,2.0,1,0.0,0.1
Lille,vélo,Low Stress,14:00 - 15:00,Off-Peak,Winter,3.0,2,0.0,0.2
Lille,vélo,Low Stress,15:00 - 16:00,Off-Peak,Autumn,2.5,2,0.7071067811865476,0.2
Lille,vélo,Low Stress,15:00 - 16:00,Off-Peak,Spring,2.0,2,1.4142135623730951,0.2
Lille,vélo,Low Stress,15:00 - 16:00,Off-Peak,Winter,1.0,1,0.0,0.1
Lille,vélo,Low Stress,16:00 - 17:00,Off-Peak,Spring,2.0,1,0.0,0.1
Lille,vélo,Low Stress,16:00 - 17:00,Off-Peak,Winter,3.0,1,0.0,0.1
Lille,vélo,Low Stress,17:00 - 18:00,Peak,Spring,3.0,1,0.0,0.1
Lille,vélo,Low Stress,18:00 - 19:00,Peak,Spring,3.0,2,0.0,0.2
Lille,vélo,Low Stress,18:00 - 19:00,Peak,Summer,3.0,2,0.0,0.2
Lille,vélo,Low Stress,18:00 - 19:00,Peak,Winter,1.0,1,0.0,0.1
Lille,vélo,Low Stress,19:00 - 20:00,Peak,Winter,1.3333333333333333,3,0.5773502691896257,0.3
Lille,vélo,Low Stress,20:00 - 21:00,Night,Spring,2.6666666666666665,3,1.1547005383792515,0.3
Lille,vélo,Low Stress,20:00 - 21:00,Night,Summer,3.0,1,0.0,0.1
Lille,vélo,Low Stress,21:00 - 22:00,Night,Summer,1.0,1,0.0,0.1
Lille,vélo,Low Stress,21:00 - 22:00,Night,Winter,2.0,1,0.0,0.1
Lille,vélo,Low Stress,22:00 - 23:00,Night,Autumn,5.0,1,0.0,0.1
Lille,vélo,Low Stress,22:00 - 23:00,Night,Spring,2.0,2,0.0,0.2
Lille,vélo,Low Stress,23:00 - 24:00,Night,Autumn,4.0,1,0.0,0.1
Lille,vélo,Low Stress,23:00 - 24:00,Night,Spring,2.0,2,0.0,0.2
Lille,vélo,Low Stress,23:00 - 24:00,Night,Winter,1.0,1,0.0,0.1
Marseille,bus,High Stress,00:00 - 01:00,Night,Autumn,3.0,1,0.0,0.1
Marseille,bus,High Stress,00:00 - 01:00,Night,Spring,2.0,1,0.0,0.1
Marseille,bus,High Stress,01:00 - 02:00,Night,Autumn,3.0,1,0.0,0.1
Marseille,bus,High Stress,01:00 - 02:00,Night,Spring,3.0,1,0.0,0.1
Marseille,bus,High Stress,01:00 - 02:00,Night,Winter,2.0,1,0.0,0.1
Marseille,bus,High Stress,02:00 - 03:00,Night,Autumn,4.0,1,0.0,0.1
Marseille,bus,High Stress,02:00 - 03:00,Night,Summer,2.0,1,0.0,0.1
Marseille,bus,High Stress,04:00 - 05:00,Night,Autumn,3.0,1,0.0,0.1
Marseille,bus,High Stress,04:00 - 05:00,Night,Spring,2.0,1,0.0,0.1
Marseille,bus,High Stress,04:00 - 05:00,Night,Summer,3.0,1,0.0,0.1
Marseille,bus,High Stress,04:00 - 05:00,Night,Winter,3.0,2,0.0,0.2
Marseille,bus,High Stress,06:00 - 07:00,Night,Autumn,2.0,1,0.0,0.1
Marseille,bus,High Stress,06:00 - 07:00,Night,Spring,1.5,2,0.7071067811865476,0.2
Marseille,bus,High Stress,06:00 - 07:00,Night,Summer,3.0,1,0.0,0.1
Marseille,bus,High Stress,07:00 - 08:00,Peak,Autumn,2.0,3,0.0,0.3
Marseille,bus,High Stress,07:00 - 08:00,Peak,Winter,3.3333333333333335,3,0.5773502691896258,0.3
Marseille,bus,High Stress,08:00 - 09:00,Peak,Spring,2.0,1,0.0,0.1
Marseille,bus,High Stress,09:00 - 10:00,Peak,Autumn,3.0,2,0.0,0.2
Marseille,bus,High Stress,09:00 - 10:00,Peak,Spring,4.0,1,0.0,0.1
Marseille,bus,High Stress,09:00 - 10:00,Peak,Winter,4.0,1,0.0,0.1
Marseille,bus,High Stress,11:00 - 12:00,Off-Peak,Spring,3.0,1,0.0,0.1
Marseille,bus,High Stress,11:00 - 12:00,Off-Peak,Summer,1.0,1,0.0,0.1
Marseille,bus,High Stress,12:00 - 13:00,Off-Peak,Autumn,1.0,1,0.0,0.1
Marseille,bus,High Stress,12:00 - 13:00,Off-Peak,Winter,1.0,1,0.0,0.1
Marseille,bus,High Stress,13:00 - 14:00,Off-Peak,Autumn,2.0,1,0.0,0.1
Marseille,bus,High Stress,14:00 - 15:00,Off-Peak,Autumn,1.0,1,0.0,0.1
Marseille,bus,High Stress,14:00 - 15:00,Off-Peak,Spring,3.5,2,0.7071067811865476,0.2
Marseille,bus,High Stress,14:00 - 15:00,Off-Peak,Summer,3.0,1,0.0,0.1
Marseille,bus,High Stress,14:00 - 15:00,Off-Peak,Winter,2.3333333333333335,3,1.5275252316519468,0.3
Marseille,bus,High Stress,15:00 - 16:00,Off-Peak,Summer,3.0,1,0.0,0.1
Marseille,bus,High Stress,16:00 - 17:00,Off-Peak,Spring,3.0,2,0.0,0.2
Marseille,bus,High Stress,16:00 - 17:00,Off-Peak,Winter,3.3333333333333335,3,1.5275252316519465,0.3
Marseille,bus,High Stress,17:00 - 18:00,Peak,Winter,2.8,5,0.8366600265340756,0.5
Marseille,bus,High Stress,18:00 - 19:00,Peak,Spring,2.0,1,0.0,0.1
Marseille,bus,High Stress,18:00 - 19:00,Peak,Winter,1.0,1,0.0,0.1
Marseille,bus,High Stress,19:00 - 20:00,Peak,Summer,2.0,1,0.0,0.1
Marseille,bus,High Stress,20:00 - 21:00,Night,Spring,3.0,1,0.0,0.1
Marseille,bus,High Stress,20:00 - 21:00,Night,Winter,3.0,3,0.0,0.3
Marseille,bus,High Stress,21:00 - 22:00,Night,Autumn,2.5,2,2.1213203435596424,0.2
Marseille,bus,High Stress,21:00 - 22:00,Night,Spring,2.5,2,0.7071067811865476,0.2
Marseille,bus,High Stress,21:00 - 22:00,Night,Summer,3.0,1,0.0,0.1
Marseille,bus,High Stress,22:00 - 23:00,Night,Summer,2.0,1,0.0,0.1
Marseille,bus,Low Stress,00:00 - 01:00,Night,Autumn,3.5,2,2.1213203435596424,0.2
Marseille,bus,Low Stress,00:00 - 01:00,Night,Spring,2.1666666666666665,6,0.408248290463863,0.6
Marseille,bus,Low Stress,00:00 - 01:00,Night,Summer,2.0,6,0.8944271909999159,0.6
Marseille,bus,Low Stress,00:00 - 01:00,Night,Winter,2.5,2,2.1213203435596424,0.2
Marseille,bus,Low Stress,01:00 - 02:00,Night,Autumn,3.0,3,1.7320508075688772,0.3
Marseille,bus,Low Stress,01:00 - 02:00,Night,Spring,3.0,2,0.0,0.2
Marseille,bus,Low Stress,01:00 - 02:00,Night,Summer,3.0,1,0.0,0.1
Marseille,bus,Low Stress,01:00 - 02:00,Night,Winter,2.6666666666666665,3,0.5773502691896258,0.3
Marseille,bus,Low Stress,02:00 - 03:00,Night,Autumn,2.6666666666666665,3,0.5773502691896258,0.3
Marseille,bus,Low Stress,02:00 - 03:00,Night,Spring,3.0,1,0.0,0.1
Marseille,bus,Low Stress,02:00 - 03:00,Night,Summer,2.5,2,2.1213203435596424,0.2
Marseille,bus,Low Stress,02:00 - 03:00,Night,Winter,2.0,4,1.4142135623730951,0.4
Marseille,bus,Low Stress,03:00 - 04:00,Night,Autumn,1.6666666666666667,3,0.5773502691896258,0.3
Marseille,bus,Low Stress,03:00 - 04:00,Night,Spring,2.0,3,1.0,0.3
Marseille,bus,Low Stress,03:00 - 04:00,Night,Summer,2.0,3,1.0,0.3
Marseille,bus,Low Stress,03:00 - 04:00,Night,Winter,3.4,5,1.3416407864998738,0.5
Marseille,bus,Low Stress,04:00 - 05:00,Night,Autumn,3.5,2,0.7071067811865476,0.2
Marseille,bus,Low Stress,04:00 - 05:00,Night,Spring,2.4,5,0.8944271909999159,0.5
Marseille,bus,Low Stress,04:00 - 05:00,Night,Summer,1.3333333333333333,3,0.5773502691896258,0.3
Marseille,bus,Low Stress,04:00 - 05:00,Night,Winter,2.3333333333333335,3,0.5773502691896257,0.3
Marseille,bus,Low Stress,05:00 - 06:00,Night,Autumn,3.0,1,0.0,0.1
Marseille,bus,Low Stress,05:00 - 06:00,Night,Spring,2.0,2,0.0,0.2
Marseille,bus,Low Stress,05:00 - 06:00,Night,Summer,3.3333333333333335,3,0.5773502691896258,0.3
Marseille,bus,Low Stress,05:00 - 06:00,Night,Winter,2.75,4,1.5,0.4
Marseille,bus,Low Stress,06:00 - 07:00,Night,Autumn,2.5,6,0.8366600265340756,0.6
Marseille,bus,Low Stress,06:00 - 07:00,Night,Spring,1.0,2,0.0,0.2
Marseille,bus,Low Stress,06:00 - 07:00,Night,Summer,3.0,1,0.0,0.1
Marseille,bus,Low Stress,06:00 - 07:00,Night,Winter,3.0,4,1.1547005383792515,0.4
Marseille,bus,Low Stress,07:00 - 08:00,Peak,Autumn,1.6666666666666667,3,0.5773502691896257,0.3
Marseille,bus,Low Stress,07:00 - 08:00,Peak,Spring,2.6666666666666665,3,0.5773502691896257,0.3
Marseille,bus,Low Stress,07:00 - 08:00,Peak,Summer,3.0,1,0.0,0.1
Marseille,bus,Low Stress,08:00 - 09:00,Peak,Autumn,3.2,5,0.4472135954999579,0.5
Marseille,bus,Low Stress,08:00 - 09:00,Peak,Spring,2.0,1,0.0,0.1
Marseille,bus,Low Stress,08:00 - 09:00,Peak,Summer,2.6666666666666665,3,1.1547005383792515,0.3
Marseille,bus,Low Stress,08:00 - 09:00,Peak,Winter,2.0,1,0.0,0.1
Marseille,bus,Low Stress,09:00 - 10:00,Peak,Autumn,2.4,5,1.140175425099138,0.5
Marseille,bus,Low Stress,09:00 - 10:00,Peak,Spring,2.3333333333333335,3,0.5773502691896257,0.3
Marseille,bus,Low Stress,09:00 - 10:00,Peak,Summer,2.0,5,0.7071067811865476,0.5
Marseille,bus,Low Stress,09:00 - 10:00,Peak,Winter,3.6666666666666665,3,0.5773502691896257,0.3
Marseille,bus,Low Stress,10:00 - 11:00,Off-Peak,Autumn,2.0,1,0.0,0.1
Marseille,bus,Low Stress,10:00 - 11:00,Off-Peak,Summer,2.0,3,0.0,0.3
Marseille,bus,Low Stress,10:00 - 11:00,Off-Peak,Winter,2.5,4,1.0,0.4
Marseille,bus,Low Stress,11:00 - 12:00,Off-Peak,Autumn,3.0,1,0.0,0.1
Marseille,bus,Low Stress,11:00 - 12:00,Off-Peak,Spring,4.0,2,1.4142135623730951,0.2
Marseille,bus,Low Stress,11:00 - 12:00,Off-Peak,Summer,3.25,4,0.5,0.4
Marseille,bus,Low Stress,11:00 - 12:00,Off-Peak,Winter,3.0,4,1.4142135623730951,0.4
Marseille,bus,Low Stress,12:00 - 13:00,Off-Peak,Autumn,3.5,2,0.7071067811865476,0.2
Marseille,bus,Low Stress,12:00 - 13:00,Off-Peak,Spring,3.0,4,1.4142135623730951,0.4
Marseille,bus,Low Stress,12:00 - 13:00,Off-Peak,Summer,2.0,3,1.0,0.3
Marseille,bus,Low Stress,12:00 - 13:00,Off-Peak,Winter,2.5,2,0.7071067811865476,0.2
Marseille,bus,Low Stress,13:00 - 14:00,Off-Peak,Autumn,3.0,1,0.0,0.1
Marseille,bus,Low Stress,13:00 - 14:00,Off-Peak,Spring,2.4,5,0.8944271909999159,0.5
Marseille,bus,Low Stress,13:00 - 14:00,Off-Peak,Summer,3.0,1,0.0,0.1
Marseille,bus,Low Stress,13:00 - 14:00,Off-Peak,Winter,3.0,1,0.0,0.1
Marseille,bus,Low Stress,14:00 - 15:00,Off-Peak,Autumn,2.25,4,1.2583057392117916,0.4
Marseille,bus,Low Stress,14:00 - 15:00,Off-Peak,Spring,2.0,3,1.0,0.3
Marseille,bus,Low Stress,14:00 - 15:00,Off-Peak,Summer,4.0,1,0.0,0.1
Marseille,bus,Low Stress,14:00 - 15:00,Off-Peak,Winter,3.0,3,1.0,0.3
Marseille,bus,Low Stress,15:00 - 16:00,Off-Peak,Autumn,3.0,1,0.0,0.1
Marseille,bus,Low Stress,15:00 - 16:00,Off-Peak,Spring,2.5,6,1.378404875209022,0.6
Marseille,bus,Low Stress,15:00 - 16:00,Off-Peak,Summer,1.5,2,0.7071067811865476,0.2
Marseille,bus,Low Stress,15:00 - 16:00,Off-Peak,Winter,2.75,4,1.2583057392117916,0.4
Marseille,bus,Low Stress,16:00 - 17:00,Off-Peak,Autumn,2.3333333333333335,3,0.5773502691896258,0.3
Marseille,bus,Low Stress,16:00 - 17:00,Off-Peak,Spring,3.0,1,0.0,0.1
Marseille,bus,Low Stress,16:00 - 17:00,Off-Peak,Summer,2.8,5,0.8366600265340756,0.5
Marseille,bus,Low Stress,17:00 - 18:00,Peak,Autumn,3.0,2,1.4142135623730951,0.2
Marseille,bus,Low Stress,17:00 - 18:00,Peak,Spring,2.0,1,0.0,0.1
Marseille,bus,Low Stress,17:00 - 18:00,Peak,Summer,2.5,6,0.8366600265340756,0.6
Marseille,bus,Low Stress,17:00 - 18:00,Peak,Winter,2.0,3,1.7320508075688772,0.3
Marseille,bus,Low Stress,18:00 - 19:00,Peak,Autumn,3.5,2,2.1213203435596424,0.2
Marseille,bus,Low Stress,18:00 - 19:00,Peak,Spring,1.75,4,0.5,0.4
Marseille,bus,Low Stress,18:00 - 19:00,Peak,Summer,2.6666666666666665,3,0.5773502691896257,0.3
Marseille,bus,Low Stress,18:00 - 19:00,Peak,Winter,3.2857142857142856,7,0.7559289460184545,0.7
Marseille,bus,Low Stress,19:00 - 20:00,Peak,Autumn,3.0,2,1.4142135623730951,0.2
Marseille,bus,Low Stress,19:00 - 20:00,Peak,Spring,1.6666666666666667,3,0.5773502691896257,0.3
Marseille,bus,Low Stress,19:00 - 20:00,Peak,Summer,3.0,1,0.0,0.1
Marseille,bus,Low Stress,19:00 - 20:00,Peak,Winter,2.0,1,0.0,0.1
Marseille,bus,Low Stress,20:00 - 21:00,Night,Autumn,2.5,2,0.7071067811865476,0.2
Marseille,bus,Low Stress,20:00 - 21:00,Night,Spring,2.25,4,0.9574271077563381,0.4
Marseille,bus,Low Stress,20:00 - 21:00,Night,Summer,2.5,4,0.5773502691896257,0.4
Marseille,bus,Low Stress,20:00 - 21:00,Night,Winter,2.0,1,0.0,0.1
Marseille,bus,Low Stress,21:00 - 22:00,Night,Autumn,2.25,4,0.9574271077563381,0.4
Marseille,bus,Low Stress,21:00 - 22:00,Night,Spring,2.25,4,0.5,0.4
Marseille,bus,Low Stress,21:00 - 22:00,Night,Summer,3.0,4,1.4142135623730951,0.4
Marseille,bus,Low Stress,21:00 - 22:00,Night,Winter,3.0,1,0.0,0.1
Marseille,bus,Low Stress,22:00 - 23:00,Night,Autumn,2.2,5,1.0954451150103321,0.5
Marseille,bus,Low Stress,22:00 - 23:00,Night,Spring,2.0,2,0.0,0.2
Marseille,bus,Low Stress,22:00 - 23:00,Night,Summer,3.25,4,1.2583057392117916,0.4
Marseille,bus,Low Stress,22:00 - 23:00,Night,Winter,2.6666666666666665,3,1.5275252316519468,0.3
Marseille,bus,Low Stress,23:00 - 24:00,Night,Autumn,2.0,4,0.816496580927726,0.4
Marseille,bus,Low Stress,23:00 - 24:00,Night,Spring,3.0,2,1.4142135623730951,0.2
Marseille,bus,Low Stress,23:00 - 24:00,Night,Summer,3.0,2,0.0,0.2
Marseille,bus,Low Stress,23:00 - 24:00,Night,Winter,2.0,1,0.0,0.1
Marseille,métro,High Stress,00:00 - 01:00,Night,Spring,2.0,1,0.0,0.1
Marseille,métro,High Stress,00:00 - 01:00,Night,Summer,3.0,1,0.0,0.1
Marseille,métro,High Stress,00:00 - 01:00,Night,Winter,1.0,1,0.0,0.1
Marseille,métro,High Stress,01:00 - 02:00,Night,Spring,3.0,1,0.0,0.1
Marseille,métro,High Stress,01:00 - 02:00,Night,Summer,4.0,1,0.0,0.1
Marseille,métro,High Stress,03:00 - 04:00,Night,Summer,3.0,1,0.0,0.1
Marseille,métro,High Stress,03:00 - 04:00,Night,Winter,1.0,1,0.0,0.1
Marseille,métro,High Stress,04:00 - 05:00,Night,Spring,4.0,1,0.0,0.1
Marseille,métro,High Stress,04:00 - 05:00,Night,Summer,3.0,1,0.0,0.1
Marseille,métro,High Stress,04:00 - 05:00,Night,Winter,1.5,2,0.7071067811865476,0.2
Marseille,métro,High Stress,06:00 - 07:00,Night,Autumn,2.0,1,0.0,0.1
Marseille,métro,High Stress,06:00 - 07:00,Night,Summer,2.0,1,0.0,0.1
Marseille,métro,High Stress,06:00 - 07:00,Night,Winter,4.0,1,0.0,0.1
Marseille,métro,High Stress,07:00 - 08:00,Peak,Winter,2.5,2,0.7071067811865476,0.2
Marseille,métro,High Stress,08:00 - 09:00,Peak,Autumn,4.0,1,0.0,0.1
Marseille,métro,High Stress,08:00 - 09:00,Peak,Summer,1.0,1,0.0,0.1
Marseille,métro,High Stress,09:00 - 10:00,Peak,Autumn,4.0,2,1.4142135623730951,0.2
Marseille,métro,High Stress,09:00 - 10:00,Peak,Spring,4.0,1,0.0,0.1
Marseille,métro,High Stress,10:00 - 11:00,Off-Peak,Summer,2.0,1,0.0,0.1
Marseille,métro,High Stress,10:00 - 11:00,Off-Peak,Winter,2.0,1,0.0,0.1
Marseille,métro,High Stress,11:00 - 12:00,Off-Peak,Summer,1.0,1,0.0,0.1
Marseille,métro,High Stress,12:00 - 13:00,Off-Peak,Spring,2.0,1,0.0,0.1
Marseille,métro,High Stress,13:00 - 14:00,Off-Peak,Autumn,3.0,1,0.0,0.1
Marseille,métro,High Stress,14:00 - 15:00,Off-Peak,Summer,3.0,1,0.0,0.1
Marseille,métro,High Stress,15:00 - 16:00,Off-Peak,Autumn,2.0,1,0.0,0.1
Marseille,métro,High Stress,17:00 - 18:00,Peak,Spring,2.3333333333333335,3,1.1547005383792515,0.3
Marseille,métro,High Stress,17:00 - 18:00,Peak,Summer,2.0,1,0.0,0.1
Marseille,métro,High Stress,17:00 - 18:00,Peak,Winter,3.0,1,0.0,0.1
Marseille,métro,High Stress,18:00 - 19:00,Peak,Summer,4.0,1,0.0,0.1
Marseille,métro,High Stress,18:00 - 19:00,Peak,Winter,3.0,1,0.0,0.1
Marseille,métro,High Stress,19:00 - 20:00,Peak,Spring,3.0,1,0.0,0.1
Marseille,métro,High Stress,19:00 - 20:00,Peak,Summer,2.5,2,0.7071067811865476,0.2
Marseille,métro,High Stress,19:00 - 20:00,Peak,Winter,1.0,2,0.0,0.2
Marseille,métro,High Stress,20:00 - 21:00,Night,Spring,2.5,2,0.7071067811865476,0.2
Marseille,métro,High Stress,20:00 - 21:00,Night,Winter,3.0,1,0.0,0.1
Marseille,métro,High Stress,22:00 - 23:00,Night,Spring,1.5,2,0.7071067811865476,0.2
Marseille,métro,High Stress,22:00 - 23:00,Night,Winter,3.0,1,0.0,0.1
Marseille,métro,High Stress,23:00 - 24:00,Night,Spring,4.0,1,0.0,0.1
Marseille,métro,High Stress,23:00 - 24:00,Night,Summer,2.0,1,0.0,0.1
Marseille,métro,High Stress,23:00 - 24:00,Night,Winter,2.0,1,0.0,0.1
Marseille,métro,Low Stress,00:00 - 01:00,Night,Autumn,2.5,4,0.5773502691896257,0.4
Marseille,métro,Low Stress,00:00 - 01:00,Night,Summer,2.3333333333333335,3,0.5773502691896258,0.3
Marseille,métro,Low Stress,00:00 - 01:00,Night,Winter,2.3333333333333335,3,0.5773502691896258,0.3
Marseille,métro,Low Stress,01:00 - 02:00,Night,Autumn,3.5,2,2.1213203435596424,0.2
Marseille,métro,Low Stress,01:00 - 02:00,Night,Summer,3.0,2,0.0,0.2
Marseille,métro,Low Stress,01:00 - 02:00,Night,Winter,1.0,2,0.0,0.2
Marseille,métro,Low Stress,02:00 - 03:00,Night,Autumn,2.0,2,1.4142135623730951,0.2
Marseille,métro,Low Stress,02:00 - 03:00,Night,Summer,3.3333333333333335,3,0.5773502691896257,0.3
Marseille,métro,Low Stress,02:00 - 03:00,Night,Winter,3.0,4,0.816496580927726,0.4
Marseille,métro,Low Stress,03:00 - 04:00,Night,Autumn,3.0,3,1.7320508075688772,0.3
Marseille,métro,Low Stress,03:00 - 04:00,Night,Spring,2.5,4,0.5773502691896257,0.4
Marseille,métro,Low Stress,03:00 - 04:00,Night,Summer,2.5,2,0.7071067811865476,0.2
Marseille,métro,Low Stress,03:00 - 04:00,Night,Winter,2.0,2,0.0,0.2
Marseille,métro,Low Stress,04:00 - 05:00,Night,Spring,2.0,1,0.0,0.1
Marseille,métro,Low Stress,04:00 - 05:00,Night,Winter,3.0,2,0.0,0.2
Marseille,métro,Low Stress,05:00 - 06:00,Night,Autumn,2.3333333333333335,3,0.5773502691896257,0.3
Marseille,métro,Low Stress,05:00 - 06:00,Night,Spring,2.6666666666666665,3,2.0816659994661326,0.3
Marseille,métro,Low Stress,05:00 - 06:00,Night,Winter,2.0,1,0.0,0.1
Marseille,métro,Low Stress,06:00 - 07:00,Night,Autumn,4.0,1,0.0,0.1
Marseille,métro,Low Stress,06:00 - 07:00,Night,Spring,3.5,2,0.7071067811865476,0.2
Marseille,métro,Low Stress,06:00 - 07:00,Night,Summer,3.0,4,1.632993161855452,0.4
Marseille,métro,Low Stress,06:00 - 07:00,Night,Winter,1.5,2,0.7071067811865476,0.2
Marseille,métro,Low Stress,07:00 - 08:00,Peak,Autumn,2.0,1,0.0,0.1
Marseille,métro,Low Stress,07:00 - 08:00,Peak,Spring,2.0,2,0.0,0.2
Marseille,métro,Low Stress,07:00 - 08:00,Peak,Summer,3.0,3,0.0,0.3
Marseille,métro,Low Stress,07:00 - 08:00,Peak,Winter,3.2,5,0.8366600265340756,0.5
Marseille,métro,Low Stress,08:00 - 09:00,Peak,Autumn,2.0,1,0.0,0.1
Marseille,métro,Low Stress,08:00 - 09:00,Peak,Spring,2.6666666666666665,3,0.5773502691896258,0.3
Marseille,métro,Low Stress,08:00 - 09:00,Peak,Summer,2.7142857142857144,7,0.9511897312113418,0.7
Marseille,métro,Low Stress,08:00 - 09:00,Peak,Winter,4.0,2,1.4142135623730951,0.2
Marseille,métro,Low Stress,09:00 - 10:00,Peak,Autumn,2.0,1,0.0,0.1
Marseille,métro,Low Stress,09:00 - 10:00,Peak,Spring,2.25,4,1.5,0.4
Marseille,métro,Low Stress,09:00 - 10:00,Peak,Summer,2.0,1,0.0,0.1
Marseille,métro,Low Stress,09:00 - 10:00,Peak,Winter,3.0,1,0.0,0.1
Marseille,métro,Low Stress,10:00 - 11:00,Off-Peak,Spring,4.0,1,0.0,0.1
Marseille,métro,Low Stress,10:00 - 11:00,Off-Peak,Summer,1.0,1,0.0,0.1
Marseille,métro,Low Stress,10:00 - 11:00,Off-Peak,Winter,3.0,3,0.0,0.3
Marseille,métro,Low Stress,11:00 - 12:00,Off-Peak,Autumn,2.0,2,1.4142135623730951,0.2
Marseille,métro,Low Stress,11:00 - 12:00,Off-Peak,Spring,3.0,2,1.4142135623730951,0.2
Marseille,métro,Low Stress,11:00 - 12:00,Off-Peak,Summer,2.0,2,1.4142135623730951,0.2
Marseille,métro,Low Stress,11:00 - 12:00,Off-Peak,Winter,2.0,1,0.0,0.1
Marseille,métro,Low Stress,12:00 - 13:00,Off-Peak,Autumn,3.25,4,0.9574271077563382,0.4
Marseille,métro,Low Stress,12:00 - 13:00,Off-Peak,Spring,2.5,2,2.1213203435596424,0.2
Marseille,métro,Low Stress,12:00 - 13:00,Off-Peak,Summer,2.5,2,0.7071067811865476,0.2
Marseille,métro,Low Stress,12:00 - 13:00,Off-Peak,Winter,3.0,2,0.0,0.2
Marseille,métro,Low Stress,13:00 - 14:00,Off-Peak,Autumn,3.0,2,0.0,0.2
Marseille,métro,Low Stress,13:00 - 14:00,Off-Peak,Spring,2.0,2,1.4142135623730951,0.2
Marseille,métro,Low Stress,13:00 - 14:00,Off-Peak,Summer,2.5,2,0.7071067811865476,0.2
Marseille,métro,Low Stress,13:00 - 14:00,Off-Peak,Winter,2.3333333333333335,6,0.816496580927726,0.6
Marseille,métro,Low Stress,14:00 - 15:00,Off-Peak,Autumn,2.0,2,0.0,0.2
Marseille,métro,Low Stress,14:00 - 15:00,Off-Peak,Spring,2.5,2,0.7071067811865476,0.2
Marseille,métro,Low Stress,14:00 - 15:00,Off-Peak,Summer,3.5,2,0.7071067811865476,0.2
Marseille,métro,Low Stress,14:00 - 15:00,Off-Peak,Winter,1.0,1,0.0,0.1
Marseille,métro,Low Stress,15:00 - 16:00,Off-Peak,Autumn,3.0,2,0.0,0.2
Marseille,métro,Low Stress,15:00 - 16:00,Off-Peak,Spring,2.3333333333333335,3,0.5773502691896258,0.3
Marseille,métro,Low Stress,15:00 - 16:00,Off-Peak,Summer,2.3333333333333335,3,0.5773502691896258,0.3
Marseille,métro,Low Stress,15:00 - 16:00,Off-Peak,Winter,2.5,2,0.7071067811865476,0.2
Marseille,métro,Low Stress,16:00 - 17:00,Off-Peak,Autumn,2.0,3,1.0,0.3
Marseille,métro,Low Stress,16:00 - 17:00,Off-Peak,Spring,3.0,1,0.0,0.1
Marseille,métro,Low Stress,16:00 - 17:00,Off-Peak,Summer,2.0,5,1.414213562373095,0.5
Marseille,métro,Low Stress,16:00 - 17:00,Off-Peak,Winter,2.6,5,1.3416407864998738,0.5
Marseille,métro,Low Stress,17:00 - 18:00,Peak,Autumn,1.75,4,0.9574271077563381,0.4
Marseille,métro,Low Stress,17:00 - 18:00,Peak,Spring,2.8,5,0.8366600265340756,0.5
Marseille,métro,Low Stress,17:00 - 18:00,Peak,Summer,2.25,4,0.5,0.4
Marseille,métro,Low Stress,17:00 - 18:00,Peak,Winter,4.0,1,0.0,0.1
Marseille,métro,Low Stress,18:00 - 19:00,Peak,Autumn,2.6666666666666665,3,1.1547005383792515,0.3
Marseille,métro,Low Stress,18:00 - 19:00,Peak,Spring,2.2,5,0.44721359549995787,0.5
Marseille,métro,Low Stress,18:00 - 19:00,Peak,Winter,4.0,1,0.0,0.1
Marseille,métro,Low Stress,19:00 - 20:00,Peak,Autumn,2.8,5,0.8366600265340756,0.5
Marseille,métro,Low Stress,19:00 - 20:00,Peak,Spring,3.0,1,0.0,0.1
Marseille,métro,Low Stress,19:00 - 20:00,Peak,Summer,3.0,1,0.0,0.1
Marseille,métro,Low Stress,19:00 - 20:00,Peak,Winter,2.8,5,0.8366600265340756,0.5
Marseille,métro,Low Stress,20:00 - 21:00,Night,Autumn,1.6,5,0.5477225575051661,0.5
Marseille,métro,Low Stress,20:00 - 21:00,Night,Spring,2.0,2,0.0,0.2
Marseille,métro,Low Stress,20:00 - 21:00,Night,Summer,1.6,5,0.5477225575051661,0.5
Marseille,métro,Low Stress,21:00 - 22:00,Night,Autumn,3.5,2,0.7071067811865476,0.2
Marseille,métro,Low Stress,21:00 - 22:00,Night,Summer,2.7142857142857144,7,0.7559289460184545,0.7
Marseille,métro,Low Stress,21:00 - 22:00,Night,Winter,2.0,4,0.816496580927726,0.4
Marseille,métro,Low Stress,22:00 - 23:00,Night,Autumn,2.6666666666666665,3,0.5773502691896258,0.3
Marseille,métro,Low Stress,22:00 - 23:00,Night,Summer,2.0,2,0.0,0.2
Marseille,métro,Low Stress,22:00 - 23:00,Night,Winter,2.5,2,0.7071067811865476,0.2
Marseille,métro,Low Stress,23:00 - 24:00,Night,Autumn,2.75,4,1.2583057392117916,0.4
Marseille,métro,Low Stress,23:00 - 24:00,Night,Spring,3.3333333333333335,3,0.5773502691896258,0.3
Marseille,métro,Low Stress,23:00 - 24:00,Night,Summer,,0,0.0,0.0
Marseille,métro,Low Stress,23:00 - 24:00,Night,Winter,1.0,2,0.0,0.2
Marseille,tram,High Stress,00:00 - 01:00,Night,Spring,2.0,1,0.0,0.1
Marseille,tram,High Stress,00:00 - 01:00,Night,Summer,2.0,1,0.0,0.1
Marseille,tram,High Stress,01:00 - 02:00,Night,Autumn,3.0,1,0.0,0.1
Marseille,tram,High Stress,02:00 - 03:00,Night,Autumn,3.0,1,0.0,0.1
Marseille,tram,High Stress,03:00 - 04:00,Night,Autumn,4.0,1,0.0,0.1
Marseille,tram,High Stress,04:00 - 05:00,Night,Summer,2.0,1,0.0,0.1
Marseille,tram,High Stress,05:00 - 06:00,Night,Summer,2.0,1,0.0,0.1
Marseille,tram,High Stress,06:00 - 07:00,Night,Autumn,3.0,1,0.0,0.1
Marseille,tram,High Stress,07:00 - 08:00,Peak,Summer,3.0,1,0.0,0.1
Marseille,tram,High Stress,07:00 - 08:00,Peak,Winter,2.0,1,0.0,0.1
Marseille,tram,High Stress,08:00 - 09:00,Peak,Summer,,0,0.0,0.0
Marseille,tram,High Stress,08:00 - 09:00,Peak,Winter,3.0,1,0.0,0.1
Marseille,tram,High Stress,09:00 - 10:00,Peak,Summer,1.0,1,0.0,0.1
Marseille,tram,High Stress,10:00 - 11:00,Off-Peak,Spring,2.0,1,0.0,0.1
Marseille,tram,High Stress,10:00 - 11:00,Off-Peak,Summer,2.0,1,0.0,0.1
Marseille,tram,High Stress,10:00 - 11:00,Off-Peak,Winter,2.0,1,0.0,0.1
Marseille,tram,High Stress,12:00 - 13:00,Off-Peak,Winter,2.6666666666666665,3,0.5773502691896258,0.3
Marseille,tram,High Stress,15:00 - 16:00,Off-Peak,Summer,1.0,1,0.0,0.1
Marseille,tram,High Stress,15:00 - 16:00,Off-Peak,Winter,2.0,1,0.0,0.1
Marseille,tram,High Stress,16:00 - 17:00,Off-Peak,Autumn,2.0,1,0.0,0.1
Marseille,tram,High Stress,16:00 - 17:00,Off-Peak,Spring,3.0,1,0.0,0.1
Marseille,tram,High Stress,16:00 - 17:00,Off-Peak,Summer,2.0,1,0.0,0.1
Marseille,tram,High Stress,16:00 - 17:00,Off-Peak,Winter,4.0,1,0.0,0.1
Marseille,tram,High Stress,17:00 - 18:00,Peak,Autumn,2.0,1,0.0,0.1
Marseille,tram,High Stress,17:00 - 18:00,Peak,Spring,1.0,2,0.0,0.2
Marseille,tram,High Stress,18:00 - 19:00,Peak,Autumn,1.0,1,0.0,0.1
Marseille,tram,High Stress,19:00 - 20:00,Peak,Autumn,3.0,1,0.0,0.1
Marseille,tram,High Stress,20:00 - 21:00,Night,Spring,3.0,1,0.0,0.1
Marseille,tram,High Stress,20:00 - 21:00,Night,Winter,1.0,1,0.0,0.1
Marseille,tram,High Stress,21:00 - 22:00,Night,Summer,3.0,1,0.0,0.1
Marseille,tram,High Stress,22:00 - 23:00,Night,Autumn,3.0,1,0.0,0.1
Marseille,tram,High Stress,22:00 - 23:00,Night,Winter,3.0,1,0.0,0.1
Marseille,tram,High Stress,23:00 - 24:00,Night,Summer,,0,0.0,0.0
Marseille,tram,Low Stress,00:00 - 01:00,Night,Autumn,3.0,1,0.0,0.1
Marseille,tram,Low Stress,00:00 - 01:00,Night,Spring,3.0,1,0.0,0.1
Marseille,tram,Low Stress,00:00 - 01:00,Night,Summer,2.0,1,0.0,0.1
Marseille,tram,Low Stress,00:00 - 01:00,Night,Winter,2.3333333333333335,3,0.5773502691896258,0.3
Marseille,tram,Low Stress,01:00 - 02:00,Night,Autumn,3.0,3,1.0,0.3
Marseille,tram,Low Stress,01:00 - 02:00,Night,Spring,2.5,2,0.7071067811865476,0.2
Marseille,tram,Low Stress,01:00 - 02:00,Night,Summer,,0,0.0,0.0
Marseille,tram,Low Stress,01:00 - 02:00,Night,Winter,3.0,1,0.0,0.1
Marseille,tram,Low Stress,02:00 - 03:00,Night,Spring,2.5,2,0.7071067811865476,0.2
Marseille,tram,Low Stress,02:00 - 03:00,Night,Summer,1.5,2,0.7071067811865476,0.2
Marseille,tram,Low Stress,03:00 - 04:00,Night,Autumn,3.5,2,0.7071067811865476,0.2
Marseille,tram,Low Stress,03:00 - 04:00,Night,Summer,2.0,1,0.0,0.1
Marseille,tram,Low Stress,03:00 - 04:00,Night,Winter,2.6666666666666665,3,1.1547005383792515,0.3
Marseille,tram,Low Stress,04:00 - 05:00,Night,Autumn,5.0,1,0.0,0.1
Marseille,tram,Low Stress,04:00 - 05:00,Night,Spring,2.3333333333333335,3,1.5275252316519468,0.3
Marseille,tram,Low Stress,04:00 - 05:00,Night,Winter,5.0,1,0.0,0.1
Marseille,tram,Low Stress,05:00 - 06:00,Night,Autumn,2.5,2,0.7071067811865476,0.2
Marseille,tram,Low Stress,05:00 - 06:00,Night,Spring,1.5,2,0.7071067811865476,0.2
Marseille,tram,Low Stress,05:00 - 06:00,Night,Summer,2.8,5,0.8366600265340756,0.5
Marseille,tram,Low Stress,05:00 - 06:00,Night,Winter,3.0,1,0.0,0.1
Marseille,tram,Low Stress,06:00 - 07:00,Night,Spring,3.0,1,0.0,0.1
Marseille,tram,Low Stress,06:00 - 07:00,Night,Summer,2.0,1,0.0,0.1
Marseille,tram,Low Stress,06:00 - 07:00,Night,Winter,1.0,1,0.0,0.1
Marseille,tram,Low Stress,07:00 - 08:00,Peak,Autumn,3.0,1,0.0,0.1
Marseille,tram,Low Stress,07:00 - 08:00,Peak,Spring,2.0,3,1.0,0.3
Marseille,tram,Low Stress,08:00 - 09:00,Peak,Autumn,2.5,2,0.7071067811865476,0.2
Marseille,tram,Low Stress,08:00 - 09:00,Peak,Spring,3.3333333333333335,3,1.1547005383792515,0.3
Marseille,tram,Low Stress,08:00 - 09:00,Peak,Summer,3.0,2,1.4142135623730951,0.2
Marseille,tram,Low Stress,09:00 - 10:00,Peak,Autumn,3.5,2,0.7071067811865476,0.2
Marseille,tram,Low Stress,09:00 - 10:00,Peak,Winter,2.0,2,1.4142135623730951,0.2
Marseille,tram,Low Stress,10:00 - 11:00,Off-Peak,Spring,2.25,4,0.5,0.4
Marseille,tram,Low Stress,10:00 - 11:00,Off-Peak,Summer,1.5,2,0.7071067811865476,0.2
Marseille,tram,Low Stress,11:00 - 12:00,Off-Peak,Autumn,4.0,1,0.0,0.1
Marseille,tram,Low Stress,11:00 - 12:00,Off-Peak,Spring,3.0,5,1.0,0.5
Marseille,tram,Low Stress,11:00 - 12:00,Off-Peak,Summer,2.0,3,1.0,0.3
Marseille,tram,Low Stress,11:00 - 12:00,Off-Peak,Winter,2.0,2,1.4142135623730951,0.2
Marseille,tram,Low Stress,12:00 - 13:00,Off-Peak,Autumn,2.0,1,0.0,0.1
Marseille,tram,Low Stress,12:00 - 13:00,Off-Peak,Summer,4.0,1,0.0,0.1
Marseille,tram,Low Stress,12:00 - 13:00,Off-Peak,Winter,2.0,1,0.0,0.1
Marseille,tram,Low Stress,13:00 - 14:00,Off-Peak,Autumn,1.0,2,0.0,0.2
Marseille,tram,Low Stress,13:00 - 14:00,Off-Peak,Spring,3.0,2,0.0,0.2
Marseille,tram,Low Stress,13:00 - 14:00,Off-Peak,Summer,2.5,2,0.7071067811865476,0.2
Marseille,tram,Low Stress,13:00 - 14:00,Off-Peak,Winter,2.5,2,2.1213203435596424,0.2
Marseille,tram,Low Stress,14:00 - 15:00,Off-Peak,Autumn,3.0,2,0.0,0.2
Marseille,tram,Low Stress,14:00 - 15:00,Off-Peak,Spring,3.0,3,0.0,0.3
Marseille,tram,Low Stress,14:00 - 15:00,Off-Peak,Summer,2.0,1,0.0,0.1
Marseille,tram,Low Stress,14:00 - 15:00,Off-Peak,Winter,2.0,2,1.4142135623730951,0.2
Marseille,tram,Low Stress,15:00 - 16:00,Off-Peak,Autumn,,0,0.0,0.0
Marseille,tram,Low Stress,15:00 - 16:00,Off-Peak,Spring,2.0,1,0.0,0.1
Marseille,tram,Low Stress,15:00 - 16:00,Off-Peak,Summer,3.0,1,0.0,0.1
Marseille,tram,Low Stress,15:00 - 16:00,Off-Peak,Winter,1.0,1,0.0,0.1
Marseille,tram,Low Stress,16:00 - 17:00,Off-Peak,Autumn,2.0,3,1.0,0.3
Marseille,tram,Low Stress,16:00 - 17:00,Off-Peak,Spring,4.0,1,0.0,0.1
Marseille,tram,Low Stress,16:00 - 17:00,Off-Peak,Summer,2.0,1,0.0,0.1
Marseille,tram,Low Stress,16:00 - 17:00,Off-Peak,Winter,2.0,2,1.4142135623730951,0.2
Marseille,tram,Low Stress,17:00 - 18:00,Peak,Autumn,1.0,1,0.0,0.1
Marseille,tram,Low Stress,17:00 - 18:00,Peak,Spring,3.0,1,0.0,0.1
Marseille,tram,Low Stress,17:00 - 18:00,Peak,Summer,2.0,1,0.0,0.1
Marseille,tram,Low Stress,17:00 - 18:00,Peak,Winter,1.0,1,0.0,0.1
Marseille,tram,Low Stress,18:00 - 19:00,Peak,Spring,3.0,3,2.0,0.3
Marseille,tram,Low Stress,18:00 - 19:00,Peak,Winter,4.0,1,0.0,0.1
Marseille,tram,Low Stress,19:00 - 20:00,Peak,Summer,2.0,1,0.0,0.1
Marseille,tram,Low Stress,20:00 - 21:00,Night,Autumn,3.0,3,1.0,0.3
Marseille,tram,Low Stress,20:00 - 21:00,Night,Spring,2.0,1,0.0,0.1
Marseille,tram,Low Stress,20:00 - 21:00,Night,Summer,2.4,5,0.8944271909999159,0.5
Marseille,tram,Low Stress,21:00 - 22:00,Night,Autumn,4.0,1,0.0,0.1
Marseille,tram,Low Stress,21:00 - 22:00,Night,Spring,2.0,1,0.0,0.1
Marseille,tram,Low Stress,21:00 - 22:00,Night,Summer,2.0,1,0.0,0.1
Marseille,tram,Low Stress,21:00 - 22:00,Night,Winter,1.0,1,0.0,0.1
Marseille,tram,Low Stress,22:00 - 23:00,Night,Autumn,2.0,1,0.0,0.1
Marseille,tram,Low Stress,22:00 - 23:00,Night,Spring,3.0,1,0.0,0.1
Marseille,tram,Low Stress,22:00 - 23:00,Night,Winter,2.0,1,0.0,0.1
Marseille,tram,Low Stress,23:00 - 24:00,Night,Autumn,3.5,2,0.7071067811865476,0.2
Marseille,tram,Low Stress,23:00 - 24:00,Night,Summer,2.0,1,0.0,0.1
Marseille,tram,Low Stress,23:00 - 24:00,Night,Winter,2.0,1,0.0,0.1
Marseille,voiture,High Stress,00:00 - 01:00,Night,Spring,5.0,1,0.0,0.1
Marseille,voiture,High Stress,03:00 - 04:00,Night,Autumn,2.0,1,0.0,0.1
Marseille,voiture,High Stress,04:00 - 05:00,Night,Autumn,3.0,1,0.0,0.1
Marseille,voiture,High Stress,06:00 - 07:00,Night,Autumn,2.0,1,0.0,0.1
Marseille,voiture,High Stress,06:00 - 07:00,Night,Summer,3.3333333333333335,3,1.1547005383792515,0.3
Marseille,voiture,High Stress,07:00 - 08:00,Peak,Autumn,2.0,1,0.0,0.1
Marseille,voiture,High Stress,07:00 - 08:00,Peak,Summer,1.0,1,0.0,0.1
Marseille,voiture,High Stress,09:00 - 10:00,Peak,Summer,1.0,1,0.0,0.1
Marseille,voiture,High Stress,10:00 - 11:00,Off-Peak,Autumn,2.0,2,0.0,0.2
Marseille,voiture,High Stress,10:00 - 11:00,Off-Peak,Spring,1.0,1,0.0,0.1
Marseille,voiture,High Stress,11:00 - 12:00,Off-Peak,Spring,2.5,2,0.7071067811865476,0.2
Marseille,voiture,High Stress,12:00 - 13:00,Off-Peak,Spring,1.5,2,0.7071067811865476,0.2
Marseille,voiture,High Stress,12:00 - 13:00,Off-Peak,Summer,2.0,1,0.0,0.1
Marseille,voiture,High Stress,13:00 - 14:00,Off-Peak,Autumn,2.0,1,0.0,0.1
Marseille,voiture,High Stress,13:00 - 14:00,Off-Peak,Winter,2.0,1,0.0,0.1
Marseille,voiture,High Stress,15:00 - 16:00,Off-Peak,Winter,2.5,2,0.7071067811865476,0.2
Marseille,voiture,High Stress,16:00 - 17:00,Off-Peak,Spring,3.0,1,0.0,0.1
Marseille,voiture,High Stress,16:00 - 17:00,Off-Peak,Summer,2.5,2,0.7071067811865476,0.2
Marseille,voiture,High Stress,17:00 - 18:00,Peak,Autumn,4.0,2,1.4142135623730951,0.2
Marseille,voiture,High Stress,17:00 - 18:00,Peak,Spring,2.0,1,0.0,0.1
Marseille,voiture,High Stress,18:00 - 19:00,Peak,Autumn,3.0,1,0.0,0.1
Marseille,voiture,High Stress,18:00 - 19:00,Peak,Spring,2.0,1,0.0,0.1
Marseille,voiture,High Stress,18:00 - 19:00,Peak,Summer,2.0,1,0.0,0.1
Marseille,voiture,High Stress,19:00 - 20:00,Peak,Spring,4.0,1,0.0,0.1
Marseille,voiture,High Stress,19:00 - 20:00,Peak,Summer,2.0,1,0.0,0.1
Marseille,voiture,High Stress,19:00 - 20:00,Peak,Winter,2.0,1,0.0,0.1
Marseille,voiture,High Stress,20:00 - 21:00,Night,Spring,2.0,1,0.0,0.1
Marseille,voiture,High Stress,20:00 - 21:00,Night,Summer,2.0,2,0.0,0.2
Marseille,voiture,High Stress,20:00 - 21:00,Night,Winter,3.5,2,0.7071067811865476,0.2
Marseille,voiture,High Stress,21:00 - 22:00,Night,Autumn,1.0,1,0.0,0.1
Marseille,voiture,High Stress,21:00 - 22:00,Night,Spring,3.0,2,0.0,0.2
Marseille,voiture,High Stress,21:00 - 22:00,Night,Summer,4.0,1,0.0,0.1
Marseille,voiture,High Stress,22:00 - 23:00,Night,Autumn,4.0,1,0.0,0.1
Marseille,voiture,High Stress,22:00 - 23:00,Night,Spring,3.0,2,1.4142135623730951,0.2
Marseille,voiture,High Stress,22:00 - 23:00,Night,Winter,2.5,2,0.7071067811865476,0.2
Marseille,voiture,Low Stress,00:00 - 01:00,Night,Autumn,3.0,1,0.0,0.1
Marseille,voiture,Low Stress,00:00 - 01:00,Night,Spring,4.0,1,0.0,0.1
Marseille,voiture,Low Stress,00:00 - 01:00,Night,Summer,3.0,1,0.0,0.1
Marseille,voiture,Low Stress,00:00 - 01:00,Night,Winter,3.0,1,0.0,0.1
Marseille,voiture,Low Stress,01:00 - 02:00,Night,Autumn,2.0,1,0.0,0.1
Marseille,voiture,Low Stress,01:00 - 02:00,Night,Spring,2.6666666666666665,3,0.5773502691896258,0.3
Marseille,voiture,Low Stress,01:00 - 02:00,Night,Summer,3.0,4,1.8257418583505538,0.4
Marseille,voiture,Low Stress,01:00 - 02:00,Night,Winter,2.5,2,2.1213203435596424,0.2
Marseille,voiture,Low Stress,02:00 - 03:00,Night,Autumn,2.5,2,0.7071067811865476,0.2
Marseille,voiture,Low Stress,02:00 - 03:00,Night,Spring,4.0,2,0.0,0.2
Marseille,voiture,Low Stress,02:00 - 03:00,Night,Summer,2.0,1,0.0,0.1
Marseille,voiture,Low Stress,03:00 - 04:00,Night,Autumn,2.0,2,0.0,0.2
Marseille,voiture,Low Stress,03:00 - 04:00,Night,Spring,2.5,2,0.7071067811865476,0.2
Marseille,voiture,Low Stress,03:00 - 04:00,Night,Summer,2.0,3,0.0,0.3
Marseille,voiture,Low Stress,03:00 - 04:00,Night,Winter,3.0,1,0.0,0.1
Marseille,voiture,Low Stress,04:00 - 05:00,Night,Autumn,2.0,3,1.0,0.3
Marseille,voiture,Low Stress,04:00 - 05:00,Night,Spring,3.0,1,0.0,0.1
Marseille,voiture,Low Stress,04:00 - 05:00,Night,Summer,2.0,2,0.0,0.2
Marseille,voiture,Low Stress,04:00 - 05:00,Night,Winter,3.0,1,0.0,0.1
Marseille,voiture,Low Stress,05:00 - 06:00,Night,Autumn,1.0,1,0.0,0.1
Marseille,voiture,Low Stress,05:00 - 06:00,Night,Spring,1.0,2,0.0,0.2
Marseille,voiture,Low Stress,05:00 - 06:00,Night,Summer,2.5,2,0.7071067811865476,0.2
Marseille,voiture,Low Stress,05:00 - 06:00,Night,Winter,3.0,2,1.4142135623730951,0.2
Marseille,voiture,Low Stress,06:00 - 07:00,Night,Spring,2.0,1,0.0,0.1
Marseille,voiture,Low Stress,06:00 - 07:00,Night,Summer,2.0,1,0.0,0.1
Marseille,voiture,Low Stress,06:00 - 07:00,Night,Winter,1.6666666666666667,3,1.1547005383792517,0.3
Marseille,voiture,Low Stress,07:00 - 08:00,Peak,Autumn,2.5,2,0.7071067811865476,0.2
Marseille,voiture,Low Stress,07:00 - 08:00,Peak,Summer,2.6,5,1.3416407864998738,0.5
Marseille,voiture,Low Stress,07:00 - 08:00,Peak,Winter,1.5,2,0.7071067811865476,0.2
Marseille,voiture,Low Stress,08:00 - 09:00,Peak,Autumn,3.0,1,0.0,0.1
Marseille,voiture,Low Stress,08:00 - 09:00,Peak,Spring,2.0,1,0.0,0.1
Marseille,voiture,Low Stress,08:00 - 09:00,Peak,Summer,3.0,1,0.0,0.1
Marseille,voiture,Low Stress,08:00 - 09:00,Peak,Winter,,0,0.0,0.0
Marseille,voiture,Low Stress,09:00 - 10:00,Peak,Autumn,2.5,2,0.7071067811865476,0.2
Marseille,voiture,Low Stress,09:00 - 10:00,Peak,Spring,4.0,1,0.0,0.1
Marseille,voiture,Low Stress,09:00 - 10:00,Peak,Summer,2.75,4,0.5,0.4
Marseille,voiture,Low Stress,10:00 - 11:00,Off-Peak,Autumn,1.0,4,0.0,0.4
Marseille,voiture,Low Stress,10:00 - 11:00,Off-Peak,Spring,2.3333333333333335,3,0.5773502691896258,0.3
Marseille,voiture,Low Stress,10:00 - 11:00,Off-Peak,Summer,2.3333333333333335,3,1.5275252316519468,0.3
Marseille,voiture,Low Stress,10:00 - 11:00,Off-Peak,Winter,3.0,1,0.0,0.1
Marseille,voiture,Low Stress,11:00 - 12:00,Off-Peak,Autumn,2.0,1,0.0,0.1
Marseille,voiture,Low Stress,11:00 - 12:00,Off-Peak,Spring,3.0,2,0.0,0.2
Marseille,voiture,Low Stress,11:00 - 12:00,Off-Peak,Summer,4.0,1,0.0,0.1
Marseille,voiture,Low Stress,11:00 - 12:00,Off-Peak,Winter,2.0,2,1.4142135623730951,0.2
Marseille,voiture,Low Stress,12:00 - 13:00,Off-Peak,Autumn,2.0,1,0.0,0.1
Marseille,voiture,Low Stress,12:00 - 13:00,Off-Peak,Spring,2.0,1,0.0,0.1
Marseille,voiture,Low Stress,12:00 - 13:00,Off-Peak,Summer,2.5,2,2.1213203435596424,0.2
Marseille,voiture,Low Stress,12:00 - 13:00,Off-Peak,Winter,2.0,2,0.0,0.2
Marseille,voiture,Low Stress,13:00 - 14:00,Off-Peak,Autumn,2.25,4,0.9574271077563381,0.4
Marseille,voiture,Low Stress,13:00 - 14:00,Off-Peak,Spring,3.0,1,0.0,0.1
Marseille,voiture,Low Stress,13:00 - 14:00,Off-Peak,Summer,2.5,2,0.7071067811865476,0.2
Marseille,voiture,Low Stress,13:00 - 14:00,Off-Peak,Winter,1.8,5,0.8366600265340756,0.5
Marseille,voiture,Low Stress,14:00 - 15:00,Off-Peak,Autumn,3.0,1,0.0,0.1
Marseille,voiture,Low Stress,14:00 - 15:00,Off-Peak,Spring,1.6666666666666667,3,0.5773502691896257,0.3
Marseille,voiture,Low Stress,14:00 - 15:00,Off-Peak,Summer,2.6,5,0.5477225575051661,0.5
Marseille,voiture,Low Stress,14:00 - 15:00,Off-Peak,Winter,4.0,1,0.0,0.1
Marseille,voiture,Low Stress,15:00 - 16:00,Off-Peak,Autumn,3.0,2,0.0,0.2
Marseille,voiture,Low Stress,15:00 - 16:00,Off-Peak,Spring,5.0,1,0.0,0.1
Marseille,voiture,Low Stress,15:00 - 16:00,Off-Peak,Summer,2.6666666666666665,3,1.5275252316519468,0.3
Marseille,voiture,Low Stress,15:00 - 16:00,Off-Peak,Winter,2.3333333333333335,3,0.5773502691896258,0.3
Marseille,voiture,Low Stress,16:00 - 17:00,Off-Peak,Autumn,2.6,5,1.140175425099138,0.5
Marseille,voiture,Low Stress,16:00 - 17:00,Off-Peak,Summer,2.0,2,0.0,0.2
Marseille,voiture,Low Stress,16:00 - 17:00,Off-Peak,Winter,2.0,2,0.0,0.2
Marseille,voiture,Low Stress,17:00 - 18:00,Peak,Autumn,2.0,2,0.0,0.2
Marseille,voiture,Low Stress,17:00 - 18:00,Peak,Spring,2.6666666666666665,3,0.5773502691896258,0.3
Marseille,voiture,Low Stress,17:00 - 18:00,Peak,Summer,1.0,1,0.0,0.1
Marseille,voiture,Low Stress,17:00 - 18:00,Peak,Winter,2.5,2,0.7071067811865476,0.2
Marseille,voiture,Low Stress,18:00 - 19:00,Peak,Autumn,3.0,1,0.0,0.1
Marseille,voiture,Low Stress,18:00 - 19:00,Peak,Spring,3.0,2,2.8284271247461903,0.2
Marseille,voiture,Low Stress,18:00 - 19:00,Peak,Summer,2.0,2,1.4142135623730951,0.2
Marseille,voiture,Low Stress,18:00 - 19:00,Peak,Winter,2.3333333333333335,3,1.5275252316519468,0.3
Marseille,voiture,Low Stress,19:00 - 20:00,Peak,Autumn,2.0,2,0.0,0.2
Marseille,voiture,Low Stress,19:00 - 20:00,Peak,Spring,4.0,1,0.0,0.1
Marseille,voiture,Low Stress,19:00 - 20:00,Peak,Summer,3.5,2,2.1213203435596424,0.2
Marseille,voiture,Low Stress,19:00 - 20:00,Peak,Winter,3.0,2,1.4142135623730951,0.2
Marseille,voiture,Low Stress,20:00 - 21:00,Night,Summer,2.75,4,0.9574271077563381,0.4
Marseille,voiture,Low Stress,20:00 - 21:00,Night,Winter,2.3333333333333335,3,1.5275252316519465,0.3
Marseille,voiture,Low Stress,21:00 - 22:00,Night,Autumn,2.3333333333333335,3,1.1547005383792517,0.3
Marseille,voiture,Low Stress,21:00 - 22:00,Night,Spring,1.6666666666666667,3,0.5773502691896258,0.3
Marseille,voiture,Low Stress,21:00 - 22:00,Night,Summer,4.0,2,0.0,0.2
Marseille,voiture,Low Stress,21:00 - 22:00,Night,Winter,2.0,1,0.0,0.1
Marseille,voiture,Low Stress,22:00 - 23:00,Night,Autumn,4.0,1,0.0,0.1
Marseille,voiture,Low Stress,22:00 - 23:00,Night,Spring,1.3333333333333333,3,0.5773502691896257,0.3
Marseille,voiture,Low Stress,22:00 - 23:00,Night,Summer,2.3333333333333335,3,0.5773502691896258,0.3
Marseille,voiture,Low Stress,22:00 - 23:00,Night,Winter,2.0,1,0.0,0.1
Marseille,voiture,Low Stress,23:00 - 24:00,Night,Autumn,1.5,2,0.7071067811865476,0.2
Marseille,voiture,Low Stress,23:00 - 24:00,Night,Spring,2.25,4,0.49999999999999994,0.4
Marseille,voiture,Low Stress,23:00 - 24:00,Night,Summer,3.0,1,0.0,0.1
Marseille,voiture,Low Stress,23:00 - 24:00,Night,Winter,3.0,1,0.0,0.1
Marseille,vélo,High Stress,01:00 - 02:00,Night,Spring,1.0,1,0.0,0.1
Marseille,vélo,High Stress,02:00 - 03:00,Night,Autumn,5.0,1,0.0,0.1
Marseille,vélo,High Stress,04:00 - 05:00,Night,Spring,2.0,1,0.0,0.1
Marseille,vélo,High Stress,04:00 - 05:00,Night,Winter,4.0,1,0.0,0.1
Marseille,vélo,High Stress,05:00 - 06:00,Night,Winter,3.0,1,0.0,0.1
Marseille,vélo,High Stress,08:00 - 09:00,Peak,Winter,3.0,1,0.0,0.1
Marseille,vélo,High Stress,09:00 - 10:00,Peak,Spring,1.0,1,0.0,0.1
Marseille,vélo,High Stress,14:00 - 15:00,Off-Peak,Spring,2.0,1,0.0,0.1
Marseille,vélo,High Stress,14:00 - 15:00,Off-Peak,Winter,3.0,1,0.0,0.1
Marseille,vélo,High Stress,16:00 - 17:00,Off-Peak,Winter,2.0,1,0.0,0.1
Marseille,vélo,High Stress,17:00 - 18:00,Peak,Spring,2.0,1,0.0,0.1
Marseille,vélo,High Stress,20:00 - 21:00,Night,Winter,2.0,1,0.0,0.1
Marseille,vélo,High Stress,22:00 - 23:00,Night,Winter,,0,0.0,0.0
Marseille,vélo,Low Stress,00:00 - 01:00,Night,Autumn,2.0,2,0.0,0.2
Marseille,vélo,Low Stress,00:00 - 01:00,Night,Spring,2.5,2,0.7071067811865476,0.2
Marseille,vélo,Low Stress,00:00 - 01:00,Night,Summer,3.0,1,0.0,0.1
Marseille,vélo,Low Stress,00:00 - 01:00,Night,Winter,2.5,2,0.7071067811865476,0.2
Marseille,vélo,Low Stress,01:00 - 02:00,Night,Winter,2.0,1,0.0,0.1
Marseille,vélo,Low Stress,02:00 - 03:00,Night,Summer,2.0,1,0.0,0.1
Marseille,vélo,Low Stress,02:00 - 03:00,Night,Winter,3.0,2,0.0,0.2
Marseille,vélo,Low Stress,03:00 - 04:00,Night,Autumn,3.0,3,0.0,0.3
Marseille,vélo,Low Stress,03:00 - 04:00,Night,Summer,3.0,2,1.4142135623730951,0.2
Marseille,vélo,Low Stress,04:00 - 05:00,Night,Winter,1.0,1,0.0,0.1
Marseille,vélo,Low Stress,05:00 - 06:00,Night,Autumn,3.0,1,0.0,0.1
Marseille,vélo,Low Stress,05:00 - 06:00,Night,Winter,4.0,1,0.0,0.1
Marseille,vélo,Low Stress,06:00 - 07:00,Night,Spring,3.0,1,0.0,0.1
Marseille,vélo,Low Stress,06:00 - 07:00,Night,Summer,3.0,1,0.0,0.1
Marseille,vélo,Low Stress,07:00 - 08:00,Peak,Spring,4.0,1,0.0,0.1
Marseille,vélo,Low Stress,07:00 - 08:00,Peak,Winter,2.5,2,0.7071067811865476,0.2
Marseille,vélo,Low Stress,08:00 - 09:00,Peak,Summer,2.5,2,0.7071067811865476,0.2
Marseille,vélo,Low Stress,09:00 - 10:00,Peak,Winter,2.0,1,0.0,0.1
Marseille,vélo,Low Stress,10:00 - 11:00,Off-Peak,Autumn,3.0,1,0.0,0.1
Marseille,vélo,Low Stress,11:00 - 12:00,Off-Peak,Autumn,2.0,1,0.0,0.1
Marseille,vélo,Low Stress,11:00 - 12:00,Off-Peak,Summer,3.0,2,0.0,0.2
Marseille,vélo,Low Stress,11:00 - 12:00,Off-Peak,Winter,,0,0.0,0.0
Marseille,vélo,Low Stress,12:00 - 13:00,Off-Peak,Winter,3.0,1,0.0,0.1
Marseille,vélo,Low Stress,13:00 - 14:00,Off-Peak,Summer,1.0,1,0.0,0.1
Marseille,vélo,Low Stress,13:00 - 14:00,Off-Peak,Winter,3.5,2,0.7071067811865476,0.2
Marseille,vélo,Low Stress,14:00 - 15:00,Off-Peak,Autumn,1.6666666666666667,3,0.5773502691896258,0.3
Marseille,vélo,Low Stress,14:00 - 15:00,Off-Peak,Spring,2.0,1,0.0,0.1
Marseille,vélo,Low Stress,14:00 - 15:00,Off-Peak,Winter,2.0,1,0.0,0.1
Marseille,vélo,Low Stress,15:00 - 16:00,Off-Peak,Spring,2.6666666666666665,3,0.5773502691896258,0.3
Marseille,vélo,Low Stress,15:00 - 16:00,Off-Peak,Summer,4.0,1,0.0,0.1
Marseille,vélo,Low Stress,15:00 - 16:00,Off-Peak,Winter,2.0,1,0.0,0.1
Marseille,vélo,Low Stress,16:00 - 17:00,Off-Peak,Spring,2.0,2,0.0,0.2
Marseille,vélo,Low Stress,17:00 - 18:00,Peak,Spring,3.0,2,0.0,0.2
Marseille,vélo,Low Stress,18:00 - 19:00,Peak,Autumn,2.5,2,0.7071067811865476,0.2
Marseille,vélo,Low Stress,18:00 - 19:00,Peak,Spring,1.0,1,0.0,0.1
Marseille,vélo,Low Stress,18:00 - 19:00,Peak,Summer,2.3333333333333335,3,0.5773502691896257,0.3
Marseille,vélo,Low Stress,19:00 - 20:00,Peak,Spring,3.0,1,0.0,0.1
Marseille,vélo,Low Stress,19:00 - 20:00,Peak,Summer,3.0,1,0.0,0.1
Marseille,vélo,Low Stress,19:00 - 20:00,Peak,Winter,4.0,2,0.0,0.2
Marseille,vélo,Low Stress,20:00 - 21:00,Night,Spring,3.5,2,0.7071067811865476,0.2
Marseille,vélo,Low Stress,20:00 - 21:00,Night,Winter,2.0,1,0.0,0.1
Marseille,vélo,Low Stress,21:00 - 22:00,Night,Autumn,2.0,2,1.4142135623730951,0.2
Marseille,vélo,Low Stress,21:00 - 22:00,Night,Spring,5.0,1,0.0,0.1
Marseille,vélo,Low Stress,21:00 - 22:00,Night,Winter,2.0,1,0.0,0.1
Marseille,vélo,Low Stress,22:00 - 23:00,Night,Summer,2.6666666666666665,3,0.5773502691896258,0.3
Marseille,vélo,Low Stress,22:00 - 23:00,Night,Winter,1.0,2,0.0,0.2
Marseille,vélo,Low Stress,23:00 - 24:00,Night,Summer,1.6666666666666667,3,1.1547005383792517,0.3
Marseille,vélo,Low Stress,23:00 - 24:00,Night,Winter,3.0,3,1.0,0.3
Montpellier,bus,High Stress,00:00 - 01:00,Night,Spring,1.0,2,0.0,0.2
Montpellier,bus,High Stress,00:00 - 01:00,Night,Summer,3.0,2,1.4142135623730951,0.2
Montpellier,bus,High Stress,01:00 - 02:00,Night,Summer,2.0,1,0.0,0.1
Montpellier,bus,High Stress,02:00 - 03:00,Night,Autumn,3.0,1,0.0,0.1
Montpellier,bus,High Stress,02:00 - 03:00,Night,Spring,1.0,1,0.0,0.1
Montpellier,bus,High Stress,03:00 - 04:00,Night,Summer,1.0,2,0.0,0.2
Montpellier,bus,High Stress,05:00 - 06:00,Night,Autumn,1.5,2,0.7071067811865476,0.2
Montpellier,bus,High Stress,05:00 - 06:00,Night,Summer,3.0,1,0.0,0.1
Montpellier,bus,High Stress,07:00 - 08:00,Peak,Spring,3.0,1,0.0,0.1
Montpellier,bus,High Stress,07:00 - 08:00,Peak,Summer,3.0,1,0.0,0.1
Montpellier,bus,High Stress,07:00 - 08:00,Peak,Winter,1.6666666666666667,3,0.5773502691896257,0.3
Montpellier,bus,High Stress,08:00 - 09:00,Peak,Summer,2.0,1,0.0,0.1
Montpellier,bus,High Stress,09:00 - 10:00,Peak,Autumn,3.0,1,0.0,0.1
Montpellier,bus,High Stress,09:00 - 10:00,Peak,Spring,2.5,2,0.7071067811865476,0.2
Montpellier,bus,High Stress,09:00 - 10:00,Peak,Summer,1.0,1,0.0,0.1
Montpellier,bus,High Stress,10:00 - 11:00,Off-Peak,Autumn,4.0,1,0.0,0.1
Montpellier,bus,High Stress,11:00 - 12:00,Off-Peak,Summer,2.0,1,0.0,0.1
Montpellier,bus,High Stress,12:00 - 13:00,Off-Peak,Spring,2.0,1,0.0,0.1
Montpellier,bus,High Stress,12:00 - 13:00,Off-Peak,Summer,3.0,2,2.8284271247461903,0.2
Montpellier,bus,High Stress,12:00 - 13:00,Off-Peak,Winter,3.0,1,0.0,0.1
Montpellier,bus,High Stress,13:00 - 14:00,Off-Peak,Autumn,2.5,2,0.7071067811865476,0.2
Montpellier,bus,High Stress,13:00 - 14:00,Off-Peak,Summer,4.0,1,0.0,0.1
Montpellier,bus,High Stress,14:00 - 15:00,Off-Peak,Autumn,3.0,1,0.0,0.1
Montpellier,bus,High Stress,15:00 - 16:00,Off-Peak,Spring,2.5,2,0.7071067811865476,0.2
Montpellier,bus,High Stress,16:00 - 17:00,Off-Peak,Spring,2.0,1,0.0,0.1
Montpellier,bus,High Stress,16:00 - 17:00,Off-Peak,Summer,2.0,1,0.0,0.1
Montpellier,bus,High Stress,16:00 - 17:00,Off-Peak,Winter,3.0,1,0.0,0.1
Montpellier,bus,High Stress,17:00 - 18:00,Peak,Spring,,0,0.0,0.0
Montpellier,bus,High Stress,18:00 - 19:00,Peak,Spring,3.3333333333333335,3,1.1547005383792515,0.3
Montpellier,bus,High Stress,18:00 - 19:00,Peak,Summer,1.0,1,0.0,0.1
Montpellier,bus,High Stress,18:00 - 19:00,Peak,Winter,2.0,1,0.0,0.1
Montpellier,bus,High Stress,19:00 - 20:00,Peak,Autumn,4.0,1,0.0,0.1
Montpellier,bus,High Stress,19:00 - 20:00,Peak,Summer,2.0,1,0.0,0.1
Montpellier,bus,High Stress,19:00 - 20:00,Peak,Winter,2.0,1,0.0,0.1
Montpellier,bus,High Stress,20:00 - 21:00,Night,Spring,3.0,1,0.0,0.1
Montpellier,bus,High Stress,20:00 - 21:00,Night,Summer,2.0,1,0.0,0.1
Montpellier,bus,High Stress,20:00 - 21:00,Night,Winter,3.0,1,0.0,0.1
Montpellier,bus,High Stress,21:00 - 22:00,Night,Autumn,2.0,1,0.0,0.1
Montpellier,bus,High Stress,21:00 - 22:00,Night,Summer,1.0,1,0.0,0.1
Montpellier,bus,High Stress,22:00 - 23:00,Night,Autumn,4.0,1,0.0,0.1
Montpellier,bus,High Stress,22:00 - 23:00,Night,Spring,1.5,2,0.7071067811865476,0.2
Montpellier,bus,High Stress,22:00 - 23:00,Night,Summer,3.0,1,0.0,0.1
Montpellier,bus,High Stress,22:00 - 23:00,Night,Winter,3.0,1,0.0,0.1
Montpellier,bus,High Stress,23:00 - 24:00,Night,Autumn,3.0,1,0.0,0.1
Montpellier,bus,High Stress,23:00 - 24:00,Night,Summer,,0,0.0,0.0
Montpellier,bus,Low Stress,00:00 - 01:00,Night,Autumn,2.75,4,0.5,0.4
Montpellier,bus,Low Stress,00:00 - 01:00,Night,Spring,1.8571428571428572,7,1.2149857925879117,0.7
Montpellier,bus,Low Stress,00:00 - 01:00,Night,Summer,3.5,2,0.7071067811865476,0.2
Montpellier,bus,Low Stress,00:00 - 01:00,Night,Winter,2.5,2,0.7071067811865476,0.2
Montpellier,bus,Low Stress,01:00 - 02:00,Night,Autumn,3.0,4,0.0,0.4
Montpellier,bus,Low Stress,01:00 - 02:00,Night,Spring,4.0,3,1.0,0.3
Montpellier,bus,Low Stress,01:00 - 02:00,Night,Summer,2.0,3,1.7320508075688772,0.3
Montpellier,bus,Low Stress,01:00 - 02:00,Night,Winter,2.0,3,1.0,0.3
Montpellier,bus,Low Stress,02:00 - 03:00,Night,Autumn,2.5,4,1.0,0.4
Montpellier,bus,Low Stress,02:00 - 03:00,Night,Spring,2.5,2,0.7071067811865476,0.2
Montpellier,bus,Low Stress,02:00 - 03:00,Night,Summer,1.75,4,0.9574271077563381,0.4
Montpellier,bus,Low Stress,02:00 - 03:00,Night,Winter,2.0,1,0.0,0.1
Montpellier,bus,Low Stress,03:00 - 04:00,Night,Autumn,2.0,3,1.7320508075688772,0.3
Montpellier,bus,Low Stress,03:00 - 04:00,Night,Spring,2.0,2,0.0,0.2
Montpellier,bus,Low Stress,03:00 - 04:00,Night,Summer,2.0,2,1.4142135623730951,0.2
Montpellier,bus,Low Stress,03:00 - 04:00,Night,Winter,2.3333333333333335,6,1.2110601416389968,0.6
Montpellier,bus,Low Stress,04:00 - 05:00,Night,Autumn,2.857142857142857,7,1.214985792587912,0.7
Montpellier,bus,Low Stress,04:00 - 05:00,Night,Spring,3.3333333333333335,3,1.5275252316519468,0.3
Montpellier,bus,Low Stress,04:00 - 05:00,Night,Summer,2.0,6,1.0954451150103321,0.6
Montpellier,bus,Low Stress,04:00 - 05:00,Night,Winter,2.0,1,0.0,0.1
Montpellier,bus,Low Stress,05:00 - 06:00,Night,Autumn,2.75,4,0.5,0.4
Montpellier,bus,Low Stress,05:00 - 06:00,Night,Spring,1.0,1,0.0,0.1
Montpellier,bus,Low Stress,05:00 - 06:00,Night,Summer,3.0,5,0.0,0.5
Montpellier,bus,Low Stress,05:00 - 06:00,Night,Winter,2.5,2,2.1213203435596424,0.2
Montpellier,bus,Low Stress,06:00 - 07:00,Night,Autumn,2.0,1,0.0,0.1
Montpellier,bus,Low Stress,06:00 - 07:00,Night,Spring,3.0,5,0.7071067811865476,0.5
Montpellier,bus,Low Stress,06:00 - 07:00,Night,Summer,3.0,1,0.0,0.1
Montpellier,bus,Low Stress,06:00 - 07:00,Night,Winter,3.0,1,0.0,0.1
Montpellier,bus,Low Stress,07:00 - 08:00,Peak,Autumn,2.5,4,0.5773502691896257,0.4
Montpellier,bus,Low Stress,07:00 - 08:00,Peak,Spring,2.0,1,0.0,0.1
Montpellier,bus,Low Stress,07:00 - 08:00,Peak,Summer,2.3333333333333335,3,1.1547005383792517,0.3
Montpellier,bus,Low Stress,07:00 - 08:00,Peak,Winter,2.6,5,1.1401754250991378,0.5
Montpellier,bus,Low Stress,08:00 - 09:00,Peak,Autumn,3.0,2,0.0,0.2
Montpellier,bus,Low Stress,08:00 - 09:00,Peak,Spring,2.0,3,1.0,0.3
Montpellier,bus,Low Stress,08:00 - 09:00,Peak,Summer,1.0,1,0.0,0.1
Montpellier,bus,Low Stress,08:00 - 09:00,Peak,Winter,4.0,2,0.0,0.2
Montpellier,bus,Low Stress,09:00 - 10:00,Peak,Autumn,2.5,4,1.2909944487358056,0.4
Montpellier,bus,Low Stress,09:00 - 10:00,Peak,Spring,1.5,2,0.7071067811865476,0.2
Montpellier,bus,Low Stress,09:00 - 10:00,Peak,Summer,3.0,2,1.4142135623730951,0.2
Montpellier,bus,Low Stress,09:00 - 10:00,Peak,Winter,2.3333333333333335,3,0.5773502691896258,0.3
Montpellier,bus,Low Stress,10:00 - 11:00,Off-Peak,Autumn,2.2,5,1.0954451150103321,0.5
Montpellier,bus,Low Stress,10:00 - 11:00,Off-Peak,Spring,3.0,5,1.0,0.5
Montpellier,bus,Low Stress,10:00 - 11:00,Off-Peak,Summer,1.0,1,0.0,0.1
Montpellier,bus,Low Stress,10:00 - 11:00,Off-Peak,Winter,3.0,4,0.816496580927726,0.4
Montpellier,bus,Low Stress,11:00 - 12:00,Off-Peak,Autumn,1.5,2,0.7071067811865476,0.2
Montpellier,bus,Low Stress,11:00 - 12:00,Off-Peak,Spring,3.0,2,0.0,0.2
Montpellier,bus,Low Stress,11:00 - 12:00,Off-Peak,Summer,2.0,3,1.0,0.3
Montpellier,bus,Low Stress,11:00 - 12:00,Off-Peak,Winter,2.3333333333333335,3,1.1547005383792515,0.3
Montpellier,bus,Low Stress,12:00 - 13:00,Off-Peak,Autumn,2.5,2,0.7071067811865476,0.2
Montpellier,bus,Low Stress,12:00 - 13:00,Off-Peak,Spring,2.5,4,0.5773502691896257,0.4
Montpellier,bus,Low Stress,12:00 - 13:00,Off-Peak,Summer,1.5,6,0.8366600265340756,0.6
Montpellier,bus,Low Stress,12:00 - 13:00,Off-Peak,Winter,3.0,1,0.0,0.1
Montpellier,bus,Low Stress,13:00 - 14:00,Off-Peak,Autumn,2.5,2,0.7071067811865476,0.2
Montpellier,bus,Low Stress,13:00 - 14:00,Off-Peak,Spring,2.0,2,1.4142135623730951,0.2
Montpellier,bus,Low Stress,13:00 - 14:00,Off-Peak,Summer,3.0,1,0.0,0.1
Montpellier,bus,Low Stress,13:00 - 14:00,Off-Peak,Winter,3.0,2,1.4142135623730951,0.2
Montpellier,bus,Low Stress,14:00 - 15:00,Off-Peak,Autumn,3.0,2,0.0,0.2
Montpellier,bus,Low Stress,14:00 - 15:00,Off-Peak,Spring,2.0,4,0.816496580927726,0.4
Montpellier,bus,Low Stress,14:00 - 15:00,Off-Peak,Summer,2.5714285714285716,7,1.2724180205607034,0.7
Montpellier,bus,Low Stress,14:00 - 15:00,Off-Peak,Winter,2.5,2,0.7071067811865476,0.2
Montpellier,bus,Low Stress,15:00 - 16:00,Off-Peak,Autumn,1.0,1,0.0,0.1
Montpellier,bus,Low Stress,15:00 - 16:00,Off-Peak,Spring,4.0,1,0.0,0.1
Montpellier,bus,Low Stress,15:00 - 16:00,Off-Peak,Summer,2.5,4,1.0,0.4
Montpellier,bus,Low Stress,15:00 - 16:00,Off-Peak,Winter,2.0,6,0.8944271909999159,0.6
Montpellier,bus,Low Stress,16:00 - 17:00,Off-Peak,Autumn,3.0,4,0.816496580927726,0.4
Montpellier,bus,Low Stress,16:00 - 17:00,Off-Peak,Spring,4.0,1,0.0,0.1
Montpellier,bus,Low Stress,16:00 - 17:00,Off-Peak,Summer,2.75,4,1.2583057392117916,0.4
Montpellier,bus,Low Stress,16:00 - 17:00,Off-Peak,Winter,2.0,2,0.0,0.2
Montpellier,bus,Low Stress,17:00 - 18:00,Peak,Autumn,1.8,5,0.8366600265340756,0.5
Montpellier,bus,Low Stress,17:00 - 18:00,Peak,Spring,4.0,2,0.0,0.2
Montpellier,bus,Low Stress,17:00 - 18:00,Peak,Summer,1.0,1,0.0,0.1
Montpellier,bus,Low Stress,17:00 - 18:00,Peak,Winter,2.0,2,1.4142135623730951,0.2
Montpellier,bus,Low Stress,18:00 - 19:00,Peak,Autumn,2.0,2,1.4142135623730951,0.2
Montpellier,bus,Low Stress,18:00 - 19:00,Peak,Spring,3.0,2,0.0,0.2
Montpellier,bus,Low Stress,18:00 - 19:00,Peak,Summer,3.5,6,1.0488088481701514,0.6
Montpellier,bus,Low Stress,19:00 - 20:00,Peak,Autumn,1.0,1,0.0,0.1
Montpellier,bus,Low Stress,19:00 - 20:00,Peak,Spring,1.6666666666666667,3,1.1547005383792517,0.3
Montpellier,bus,Low Stress,19:00 - 20:00,Peak,Summer,2.0,3,1.0,0.3
Montpellier,bus,Low Stress,19:00 - 20:00,Peak,Winter,2.2,5,1.3038404810405297,0.5
Montpellier,bus,Low Stress,20:00 - 21:00,Night,Autumn,3.0,2,0.0,0.2
Montpellier,bus,Low Stress,20:00 - 21:00,Night,Spring,3.0,2,0.0,0.2
Montpellier,bus,Low Stress,20:00 - 21:00,Night,Summer,2.8333333333333335,6,0.9831920802501751,0.6
Montpellier,bus,Low Stress,20:00 - 21:00,Night,Winter,2.0,2,1.4142135623730951,0.2
Montpellier,bus,Low Stress,21:00 - 22:00,Night,Autumn,3.4,5,0.8944271909999159,0.5
Montpellier,bus,Low Stress,21:00 - 22:00,Night,Spring,2.5,2,0.7071067811865476,0.2
Montpellier,bus,Low Stress,21:00 - 22:00,Night,Summer,2.0,2,0.0,0.2
Montpellier,bus,Low Stress,21:00 - 22:00,Night,Winter,2.6666666666666665,3,1.5275252316519468,0.3
Montpellier,bus,Low Stress,22:00 - 23:00,Night,Autumn,1.3333333333333333,3,0.5773502691896257,0.3
Montpellier,bus,Low Stress,22:00 - 23:00,Night,Spring,3.0,1,0.0,0.1
Montpellier,bus,Low Stress,22:00 - 23:00,Night,Summer,2.3333333333333335,3,0.5773502691896258,0.3
Montpellier,bus,Low Stress,22:00 - 23:00,Night,Winter,2.25,4,0.9574271077563381,0.4
Montpellier,bus,Low Stress,23:00 - 24:00,Night,Autumn,3.0,1,0.0,0.1
Montpellier,bus,Low Stress,23:00 - 24:00,Night,Spring,3.0,5,0.7071067811865476,0.5
Montpellier,bus,Low Stress,23:00 - 24:00,Night,Summer,4.5,2,0.7071067811865476,0.2
Montpellier,bus,Low Stress,23:00 - 24:00,Night,Winter,3.0,2,1.4142135623730951,0.2
Montpellier,métro,High Stress,00:00 - 01:00,Night,Autumn,4.0,2,0.0,0.2
Montpellier,métro,High Stress,00:00 - 01:00,Night,Winter,2.0,1,0.0,0.1
Montpellier,métro,High Stress,01:00 - 02:00,Night,Autumn,2.0,1,0.0,0.1
Montpellier,métro,High Stress,01:00 - 02:00,Night,Summer,2.5,2,2.1213203435596424,0.2
Montpellier,métro,High Stress,01:00 - 02:00,Night,Winter,2.0,1,0.0,0.1
Montpellier,métro,High Stress,02:00 - 03:00,Night,Autumn,2.0,2,1.4142135623730951,0.2
Montpellier,métro,High Stress,02:00 - 03:00,Night,Spring,2.5,2,0.7071067811865476,0.2
Montpellier,métro,High Stress,02:00 - 03:00,Night,Summer,3.0,2,0.0,0.2
Montpellier,métro,High Stress,02:00 - 03:00,Night,Winter,4.0,1,0.0,0.1
Montpellier,métro,High Stress,03:00 - 04:00,Night,Autumn,4.0,1,0.0,0.1
Montpellier,métro,High Stress,03:00 - 04:00,Night,Winter,3.0,1,0.0,0.1
Montpellier,métro,High Stress,04:00 - 05:00,Night,Autumn,2.0,1,0.0,0.1
Montpellier,métro,High Stress,04:00 - 05:00,Night,Spring,2.0,2,0.0,0.2
Montpellier,métro,High Stress,05:00 - 06:00,Night,Summer,2.5,2,2.1213203435596424,0.2
Montpellier,métro,High Stress,06:00 - 07:00,Night,Summer,2.0,1,0.0,0.1
Montpellier,métro,High Stress,07:00 - 08:00,Peak,Spring,2.0,1,0.0,0.1
Montpellier,métro,High Stress,08:00 - 09:00,Peak,Spring,2.0,3,1.7320508075688772,0.3
Montpellier,métro,High Stress,08:00 - 09:00,Peak,Summer,2.0,1,0.0,0.1
Montpellier,métro,High Stress,09:00 - 10:00,Peak,Summer,3.0,1,0.0,0.1
Montpellier,métro,High Stress,09:00 - 10:00,Peak,Winter,4.5,2,0.7071067811865476,0.2
Montpellier,métro,High Stress,10:00 - 11:00,Off-Peak,Autumn,2.0,1,0.0,0.1
Montpellier,métro,High Stress,10:00 - 11:00,Off-Peak,Spring,2.0,1,0.0,0.1
Montpellier,métro,High Stress,10:00 - 11:00,Off-Peak,Summer,2.0,1,0.0,0.1
Montpellier,métro,High Stress,12:00 - 13:00,Off-Peak,Spring,2.0,1,0.0,0.1
Montpellier,métro,High Stress,14:00 - 15:00,Off-Peak,Spring,3.5,2,0.7071067811865476,0.2
Montpellier,métro,High Stress,15:00 - 16:00,Off-Peak,Winter,2.0,1,0.0,0.1
Montpellier,métro,High Stress,16:00 - 17:00,Off-Peak,Autumn,3.0,1,0.0,0.1
Montpellier,métro,High Stress,16:00 - 17:00,Off-Peak,Summer,4.0,1,0.0,0.1
Montpellier,métro,High Stress,19:00 - 20:00,Peak,Spring,2.0,1,0.0,0.1
Montpellier,métro,High Stress,19:00 - 20:00,Peak,Summer,2.0,1,0.0,0.1
Montpellier,métro,High Stress,20:00 - 21:00,Night,Summer,1.0,1,0.0,0.1
Montpellier,métro,High Stress,21:00 - 22:00,Night,Summer,,0,0.0,0.0
Montpellier,métro,High Stress,21:00 - 22:00,Night,Winter,4.0,1,0.0,0.1
Montpellier,métro,High Stress,22:00 - 23:00,Night,Spring,4.0,1,0.0,0.1
Montpellier,métro,High Stress,23:00 - 24:00,Night,Autumn,1.0,1,0.0,0.1
Montpellier,métro,High Stress,23:00 - 24:00,Night,Spring,4.0,1,0.0,0.1
Montpellier,métro,High Stress,23:00 - 24:00,Night,Summer,2.0,1,0.0,0.1
Montpellier,métro,High Stress,23:00 - 24:00,Night,Winter,2.0,1,0.0,0.1
Montpellier,métro,Low Stress,00:00 - 01:00,Night,Autumn,2.3333333333333335,3,0.5773502691896257,0.3
Montpellier,métro,Low Stress,00:00 - 01:00,Night,Spring,3.0,2,0.0,0.2
Montpellier,métro,Low Stress,00:00 - 01:00,Night,Summer,1.6666666666666667,3,0.5773502691896257,0.3
Montpellier,métro,Low Stress,00:00 - 01:00,Night,Winter,3.6666666666666665,3,1.5275252316519468,0.3
Montpellier,métro,Low Stress,01:00 - 02:00,Night,Autumn,2.2,5,0.4472135954999579,0.5
Montpellier,métro,Low Stress,01:00 - 02:00,Night,Summer,3.0,1,0.0,0.1
Montpellier,métro,Low Stress,01:00 - 02:00,Night,Winter,2.8333333333333335,6,1.1690451944500122,0.6
Montpellier,métro,Low Stress,02:00 - 03:00,Night,Autumn,1.75,4,0.9574271077563381,0.4
Montpellier,métro,Low Stress,02:00 - 03:00,Night,Spring,2.5,2,0.7071067811865476,0.2
Montpellier,métro,Low Stress,02:00 - 03:00,Night,Summer,3.0,2,0.0,0.2
Montpellier,métro,Low Stress,02:00 - 03:00,Night,Winter,2.75,4,0.5,0.4
Montpellier,métro,Low Stress,03:00 - 04:00,Night,Autumn,4.0,1,0.0,0.1
Montpellier,métro,Low Stress,03:00 - 04:00,Night,Spring,2.3333333333333335,3,1.5275252316519465,0.3
Montpellier,métro,Low Stress,03:00 - 04:00,Night,Summer,2.25,4,0.9574271077563381,0.4
Montpellier,métro,Low Stress,03:00 - 04:00,Night,Winter,4.0,1,0.0,0.1
Montpellier,métro,Low Stress,04:00 - 05:00,Night,Autumn,2.4,5,1.140175425099138,0.5
Montpellier,métro,Low Stress,04:00 - 05:00,Night,Spring,3.0,1,0.0,0.1
Montpellier,métro,Low Stress,04:00 - 05:00,Night,Summer,2.75,4,0.9574271077563381,0.4
Montpellier,métro,Low Stress,04:00 - 05:00,Night,Winter,3.0,3,0.0,0.3
Montpellier,métro,Low Stress,05:00 - 06:00,Night,Autumn,2.0,5,0.7071067811865476,0.5
Montpellier,métro,Low Stress,05:00 - 06:00,Night,Spring,2.6666666666666665,3,0.5773502691896257,0.3
Montpellier,métro,Low Stress,05:00 - 06:00,Night,Summer,5.0,1,0.0,0.1
Montpellier,métro,Low Stress,05:00 - 06:00,Night,Winter,2.0,2,0.0,0.2
Montpellier,métro,Low Stress,06:00 - 07:00,Night,Autumn,2.5,2,2.1213203435596424,0.2
Montpellier,métro,Low Stress,06:00 - 07:00,Night,Spring,2.0,2,1.4142135623730951,0.2
Montpellier,métro,Low Stress,06:00 - 07:00,Night,Summer,3.0,3,1.0,0.3
Montpellier,métro,Low Stress,06:00 - 07:00,Night,Winter,3.25,4,0.9574271077563381,0.4
Montpellier,métro,Low Stress,07:00 - 08:00,Peak,Autumn,3.0,2,1.4142135623730951,0.2
Montpellier,métro,Low Stress,07:00 - 08:00,Peak,Spring,3.0,2,1.4142135623730951,0.2
Montpellier,métro,Low Stress,07:00 - 08:00,Peak,Summer,2.0,2,0.0,0.2
Montpellier,métro,Low Stress,07:00 - 08:00,Peak,Winter,2.25,4,0.49999999999999994,0.4
Montpellier,métro,Low Stress,08:00 - 09:00,Peak,Autumn,2.0,1,0.0,0.1
Montpellier,métro,Low Stress,08:00 - 09:00,Peak,Spring,2.6,5,0.5477225575051662,0.5
Montpellier,métro,Low Stress,08:00 - 09:00,Peak,Summer,2.4,5,0.8944271909999159,0.5
Montpellier,métro,Low Stress,08:00 - 09:00,Peak,Winter,2.5,2,0.7071067811865476,0.2
Montpellier,métro,Low Stress,09:00 - 10:00,Peak,Autumn,2.75,4,1.5,0.4
Montpellier,métro,Low Stress,09:00 - 10:00,Peak,Spring,2.5,2,0.7071067811865476,0.2
Montpellier,métro,Low Stress,09:00 - 10:00,Peak,Summer,5.0,1,0.0,0.1
Montpellier,métro,Low Stress,09:00 - 10:00,Peak,Winter,1.5,2,0.7071067811865476,0.2
Montpellier,métro,Low Stress,10:00 - 11:00,Off-Peak,Autumn,4.0,1,0.0,0.1
Montpellier,métro,Low Stress,10:00 - 11:00,Off-Peak,Spring,2.0,1,0.0,0.1
Montpellier,métro,Low Stress,10:00 - 11:00,Off-Peak,Summer,3.0,1,0.0,0.1
Montpellier,métro,Low Stress,10:00 - 11:00,Off-Peak,Winter,2.5,2,0.7071067811865476,0.2
Montpellier,métro,Low Stress,11:00 - 12:00,Off-Peak,Autumn,1.5,2,0.7071067811865476,0.2
Montpellier,métro,Low Stress,11:00 - 12:00,Off-Peak,Spring,1.5,2,0.7071067811865476,0.2
Montpellier,métro,Low Stress,11:00 - 12:00,Off-Peak,Summer,1.0,1,0.0,0.1
Montpellier,métro,Low Stress,11:00 - 12:00,Off-Peak,Winter,2.5714285714285716,7,0.7867957924694432,0.7
Montpellier,métro,Low Stress,12:00 - 13:00,Off-Peak,Spring,2.5,2,0.7071067811865476,0.2
Montpellier,métro,Low Stress,12:00 - 13:00,Off-Peak,Summer,2.6666666666666665,3,0.5773502691896258,0.3
Montpellier,métro,Low Stress,13:00 - 14:00,Off-Peak,Autumn,2.0,2,1.4142135623730951,0.2
Montpellier,métro,Low Stress,13:00 - 14:00,Off-Peak,Spring,1.6666666666666667,3,1.1547005383792517,0.3
Montpellier,métro,Low Stress,13:00 - 14:00,Off-Peak,Summer,3.0,4,0.816496580927726,0.4
Montpellier,métro,Low Stress,13:00 - 14:00,Off-Peak,Winter,3.0,2,1.4142135623730951,0.2
Montpellier,métro,Low Stress,14:00 - 15:00,Off-Peak,Autumn,2.0,1,0.0,0.1
Montpellier,métro,Low Stress,14:00 - 15:00,Off-Peak,Spring,2.0,2,1.4142135623730951,0.2
Montpellier,métro,Low Stress,14:00 - 15:00,Off-Peak,Winter,2.5,2,0.7071067811865476,0.2
Montpellier,métro,Low Stress,15:00 - 16:00,Off-Peak,Autumn,4.0,1,0.0,0.1
Montpellier,métro,Low Stress,15:00 - 16:00,Off-Peak,Spring,2.0,1,0.0,0.1
Montpellier,métro,Low Stress,15:00 - 16:00,Off-Peak,Summer,2.0,3,1.0,0.3
Montpellier,métro,Low Stress,15:00 - 16:00,Off-Peak,Winter,2.0,3,1.0,0.3
Montpellier,métro,Low Stress,16:00 - 17:00,Off-Peak,Autumn,3.0,1,0.0,0.1
Montpellier,métro,Low Stress,16:00 - 17:00,Off-Peak,Spring,1.6666666666666667,3,0.5773502691896257,0.3
Montpellier,métro,Low Stress,16:00 - 17:00,Off-Peak,Summer,3.6666666666666665,3,1.1547005383792517,0.3
Montpellier,métro,Low Stress,16:00 - 17:00,Off-Peak,Winter,1.5,2,0.7071067811865476,0.2
Montpellier,métro,Low Stress,17:00 - 18:00,Peak,Autumn,3.0,3,1.0,0.3
Montpellier,métro,Low Stress,17:00 - 18:00,Peak,Spring,2.0,1,0.0,0.1
Montpellier,métro,Low Stress,17:00 - 18:00,Peak,Summer,1.0,1,0.0,0.1
Montpellier,métro,Low Stress,17:00 - 18:00,Peak,Winter,2.5,2,0.7071067811865476,0.2
Montpellier,métro,Low Stress,18:00 - 19:00,Peak,Spring,2.5,4,0.5773502691896257,0.4
Montpellier,métro,Low Stress,18:00 - 19:00,Peak,Summer,2.5,2,0.7071067811865476,0.2
Montpellier,métro,Low Stress,18:00 - 19:00,Peak,Winter,3.0,1,0.0,0.1
Montpellier,métro,Low Stress,19:00 - 20:00,Peak,Autumn,2.5,2,0.7071067811865476,0.2
Montpellier,métro,Low Stress,19:00 - 20:00,Peak,Spring,1.0,1,0.0,0.1
Montpellier,métro,Low Stress,19:00 - 20:00,Peak,Summer,2.5,2,0.7071067811865476,0.2
Montpellier,métro,Low Stress,20:00 - 21:00,Night,Autumn,2.5,4,1.2909944487358056,0.4
Montpellier,métro,Low Stress,20:00 - 21:00,Night,Spring,2.0,2,1.4142135623730951,0.2
Montpellier,métro,Low Stress,20:00 - 21:00,Night,Summer,1.0,1,0.0,0.1
Montpellier,métro,Low Stress,20:00 - 21:00,Night,Winter,3.0,2,0.0,0.2
Montpellier,métro,Low Stress,21:00 - 22:00,Night,Autumn,4.333333333333333,3,0.5773502691896258,0.3
Montpellier,métro,Low Stress,21:00 - 22:00,Night,Spring,3.0,5,0.7071067811865476,0.5
Montpellier,métro,Low Stress,21:00 - 22:00,Night,Summer,3.0,4,1.4142135623730951,0.4
Montpellier,métro,Low Stress,21:00 - 22:00,Night,Winter,2.6666666666666665,3,0.5773502691896258,0.3
Montpellier,métro,Low Stress,22:00 - 23:00,Night,Autumn,2.0,1,0.0,0.1
Montpellier,métro,Low Stress,22:00 - 23:00,Night,Spring,2.25,4,0.957427107756338,0.4
Montpellier,métro,Low Stress,22:00 - 23:00,Night,Summer,3.0,4,0.816496580927726,0.4
Montpellier,métro,Low Stress,22:00 - 23:00,Night,Winter,3.5,2,0.7071067811865476,0.2
Montpellier,métro,Low Stress,23:00 - 24:00,Night,Autumn,2.5,4,1.7320508075688772,0.4
Montpellier,métro,Low Stress,23:00 - 24:00,Night,Spring,2.0,2,0.0,0.2
Montpellier,métro,Low Stress,23:00 - 24:00,Night,Summer,3.0,3,1.0,0.3
Montpellier,métro,Low Stress,23:00 - 24:00,Night,Winter,3.0,4,0.0,0.4
Montpellier,tram,High Stress,00:00 - 01:00,Night,Summer,4.0,1,0.0,0.1
Montpellier,tram,High Stress,01:00 - 02:00,Night,Spring,3.0,1,0.0,0.1
Montpellier,tram,High Stress,03:00 - 04:00,Night,Autumn,2.0,1,0.0,0.1
Montpellier,tram,High Stress,04:00 - 05:00,Night,Summer,3.0,1,0.0,0.1
Montpellier,tram,High Stress,05:00 - 06:00,Night,Winter,4.0,1,0.0,0.1
Montpellier,tram,High Stress,06:00 - 07:00,Night,Autumn,1.0,1,0.0,0.1
Montpellier,tram,High Stress,07:00 - 08:00,Peak,Autumn,1.0,1,0.0,0.1
Montpellier,tram,High Stress,08:00 - 09:00,Peak,Spring,1.5,2,0.7071067811865476,0.2
Montpellier,tram,High Stress,08:00 - 09:00,Peak,Summer,3.0,1,0.0,0.1
Montpellier,tram,High Stress,10:00 - 11:00,Off-Peak,Summer,3.0,1,0.0,0.1
Montpellier,tram,High Stress,10:00 - 11:00,Off-Peak,Winter,3.0,1,0.0,0.1
Montpellier,tram,High Stress,11:00 - 12:00,Off-Peak,Summer,2.5,2,0.7071067811865476,0.2
Montpellier,tram,High Stress,12:00 - 13:00,Off-Peak,Autumn,4.0,1,0.0,0.1
Montpellier,tram,High Stress,12:00 - 13:00,Off-Peak,Summer,3.0,1,0.0,0.1
Montpellier,tram,High Stress,13:00 - 14:00,Off-Peak,Summer,3.0,1,0.0,0.1
Montpellier,tram,High Stress,14:00 - 15:00,Off-Peak,Autumn,2.0,1,0.0,0.1
Montpellier,tram,High Stress,14:00 - 15:00,Off-Peak,Spring,1.0,1,0.0,0.1
Montpellier,tram,High Stress,15:00 - 16:00,Off-Peak,Autumn,2.0,1,0.0,0.1
Montpellier,tram,High Stress,15:00 - 16:00,Off-Peak,Spring,2.0,1,0.0,0.1
Montpellier,tram,High Stress,16:00 - 17:00,Off-Peak,Summer,3.0,1,0.0,0.1
Montpellier,tram,High Stress,17:00 - 18:00,Peak,Summer,3.0,1,0.0,0.1
Montpellier,tram,High Stress,17:00 - 18:00,Peak,Winter,1.0,1,0.0,0.1
Montpellier,tram,High Stress,19:00 - 20:00,Peak,Spring,2.0,1,0.0,0.1
Montpellier,tram,High Stress,20:00 - 21:00,Night,Summer,1.0,1,0.0,0.1
Montpellier,tram,High Stress,21:00 - 22:00,Night,Spring,3.0,1,0.0,0.1
Montpellier,tram,High Stress,22:00 - 23:00,Night,Summer,3.0,1,0.0,0.1
Montpellier,tram,High Stress,23:00 - 24:00,Night,Autumn,2.0,1,0.0,0.1
Montpellier,tram,High Stress,23:00 - 24:00,Night,Summer,3.0,2,1.4142135623730951,0.2
Montpellier,tram,Low Stress,00:00 - 01:00,Night,Autumn,3.0,2,0.0,0.2
Montpellier,tram,Low Stress,00:00 - 01:00,Night,Spring,1.0,1,0.0,0.1
Montpellier,tram,Low Stress,00:00 - 01:00,Night,Summer,3.0,1,0.0,0.1
Montpellier,tram,Low Stress,01:00 - 02:00,Night,Autumn,4.0,1,0.0,0.1
Montpellier,tram,Low Stress,01:00 - 02:00,Night,Spring,2.0,1,0.0,0.1
Montpellier,tram,Low Stress,01:00 - 02:00,Night,Summer,2.6666666666666665,3,0.5773502691896257,0.3
Montpellier,tram,Low Stress,01:00 - 02:00,Night,Winter,3.2,5,0.8366600265340756,0.5
Montpellier,tram,Low Stress,02:00 - 03:00,Night,Autumn,3.0,1,0.0,0.1
Montpellier,tram,Low Stress,02:00 - 03:00,Night,Spring,3.5,2,0.7071067811865476,0.2
Montpellier,tram,Low Stress,02:00 - 03:00,Night,Summer,1.0,1,0.0,0.1
Montpellier,tram,Low Stress,02:00 - 03:00,Night,Winter,1.6666666666666667,3,1.1547005383792517,0.3
Montpellier,tram,Low Stress,03:00 - 04:00,Night,Autumn,2.0,1,0.0,0.1
Montpellier,tram,Low Stress,03:00 - 04:00,Night,Spring,3.0,1,0.0,0.1
Montpellier,tram,Low Stress,04:00 - 05:00,Night,Spring,2.0,2,0.0,0.2
Montpellier,tram,Low Stress,04:00 - 05:00,Night,Summer,2.5,2,0.7071067811865476,0.2
Montpellier,tram,Low Stress,05:00 - 06:00,Night,Spring,2.6666666666666665,3,0.5773502691896257,0.3
Montpellier,tram,Low Stress,05:00 - 06:00,Night,Winter,3.0,1,0.0,0.1
Montpellier,tram,Low Stress,06:00 - 07:00,Night,Autumn,2.0,2,1.4142135623730951,0.2
Montpellier,tram,Low Stress,06:00 - 07:00,Night,Summer,3.0,2,0.0,0.2
Montpellier,tram,Low Stress,06:00 - 07:00,Night,Winter,2.0,1,0.0,0.1
Montpellier,tram,Low Stress,07:00 - 08:00,Peak,Autumn,2.0,2,0.0,0.2
Montpellier,tram,Low Stress,07:00 - 08:00,Peak,Spring,2.0,1,0.0,0.1
Montpellier,tram,Low Stress,07:00 - 08:00,Peak,Winter,2.0,2,1.4142135623730951,0.2
Montpellier,tram,Low Stress,08:00 - 09:00,Peak,Autumn,2.5,4,0.5773502691896257,0.4
Montpellier,tram,Low Stress,08:00 - 09:00,Peak,Spring,2.5,2,0.7071067811865476,0.2
Montpellier,tram,Low Stress,08:00 - 09:00,Peak,Winter,5.0,1,0.0,0.1
Montpellier,tram,Low Stress,09:00 - 10:00,Peak,Autumn,,0,0.0,0.0
Montpellier,tram,Low Stress,09:00 - 10:00,Peak,Spring,3.0,2,1.4142135623730951,0.2
Montpellier,tram,Low Stress,09:00 - 10:00,Peak,Summer,5.0,1,0.0,0.1
Montpellier,tram,Low Stress,09:00 - 10:00,Peak,Winter,3.0,1,0.0,0.1
Montpellier,tram,Low Stress,10:00 - 11:00,Off-Peak,Autumn,2.6666666666666665,3,0.5773502691896258,0.3
Montpellier,tram,Low Stress,10:00 - 11:00,Off-Peak,Summer,1.0,1,0.0,0.1
Montpellier,tram,Low Stress,10:00 - 11:00,Off-Peak,Winter,3.5,2,0.7071067811865476,0.2
Montpellier,tram,Low Stress,11:00 - 12:00,Off-Peak,Autumn,2.0,1,0.0,0.1
Montpellier,tram,Low Stress,11:00 - 12:00,Off-Peak,Summer,3.0,1,0.0,0.1
Montpellier,tram,Low Stress,11:00 - 12:00,Off-Peak,Winter,2.0,1,0.0,0.1
Montpellier,tram,Low Stress,12:00 - 13:00,Off-Peak,Autumn,3.0,1,0.0,0.1
Montpellier,tram,Low Stress,12:00 - 13:00,Off-Peak,Spring,1.0,1,0.0,0.1
Montpellier,tram,Low Stress,12:00 - 13:00,Off-Peak,Summer,2.0,1,0.0,0.1
Montpellier,tram,Low Stress,12:00 - 13:00,Off-Peak,Winter,,0,0.0,0.0
Montpellier,tram,Low Stress,13:00 - 14:00,Off-Peak,Autumn,3.0,4,1.4142135623730951,0.4
Montpellier,tram,Low Stress,13:00 - 14:00,Off-Peak,Spring,2.5,2,0.7071067811865476,0.2
Montpellier,tram,Low Stress,13:00 - 14:00,Off-Peak,Summer,2.0,1,0.0,0.1
Montpellier,tram,Low Stress,13:00 - 14:00,Off-Peak,Winter,2.0,1,0.0,0.1
Montpellier,tram,Low Stress,14:00 - 15:00,Off-Peak,Autumn,3.0,2,0.0,0.2
Montpellier,tram,Low Stress,14:00 - 15:00,Off-Peak,Spring,3.0,2,0.0,0.2
Montpellier,tram,Low Stress,14:00 - 15:00,Off-Peak,Summer,3.0,4,1.4142135623730951,0.4
Montpellier,tram,Low Stress,14:00 - 15:00,Off-Peak,Winter,,0,0.0,0.0
Montpellier,tram,Low Stress,15:00 - 16:00,Off-Peak,Autumn,2.3333333333333335,3,1.5275252316519465,0.3
Montpellier,tram,Low Stress,15:00 - 16:00,Off-Peak,Spring,3.0,1,0.0,0.1
Montpellier,tram,Low Stress,15:00 - 16:00,Off-Peak,Summer,2.6666666666666665,3,0.5773502691896257,0.3
Montpellier,tram,Low Stress,15:00 - 16:00,Off-Peak,Winter,2.0,1,0.0,0.1
Montpellier,tram,Low Stress,16:00 - 17:00,Off-Peak,Spring,3.0,1,0.0,0.1
Montpellier,tram,Low Stress,16:00 - 17:00,Off-Peak,Summer,2.0,1,0.0,0.1
Montpellier,tram,Low Stress,16:00 - 17:00,Off-Peak,Winter,1.0,1,0.0,0.1
Montpellier,tram,Low Stress,17:00 - 18:00,Peak,Summer,2.0,1,0.0,0.1
Montpellier,tram,Low Stress,17:00 - 18:00,Peak,Winter,3.0,1,0.0,0.1
Montpellier,tram,Low Stress,18:00 - 19:00,Peak,Autumn,1.0,2,0.0,0.2
Montpellier,tram,Low Stress,18:00 - 19:00,Peak,Spring,2.0,4,1.1547005383792515,0.4
Montpellier,tram,Low Stress,18:00 - 19:00,Peak,Summer,2.0,1,0.0,0.1
Montpellier,tram,Low Stress,19:00 - 20:00,Peak,Autumn,2.0,1,0.0,0.1
Montpellier,tram,Low Stress,19:00 - 20:00,Peak,Spring,2.3333333333333335,3,0.5773502691896258,0.3
Montpellier,tram,Low Stress,19:00 - 20:00,Peak,Summer,2.5,2,0.7071067811865476,0.2
Montpellier,tram,Low Stress,19:00 - 20:00,Peak,Winter,3.0,1,0.0,0.1
Montpellier,tram,Low Stress,20:00 - 21:00,Night,Autumn,3.0,1,0.0,0.1
Montpellier,tram,Low Stress,20:00 - 21:00,Night,Spring,2.0,2,1.4142135623730951,0.2
Montpellier,tram,Low Stress,21:00 - 22:00,Night,Spring,2.6666666666666665,3,0.5773502691896258,0.3
Montpellier,tram,Low Stress,21:00 - 22:00,Night,Summer,2.5,2,0.7071067811865476,0.2
Montpellier,tram,Low Stress,22:00 - 23:00,Night,Autumn,2.0,1,0.0,0.1
Montpellier,tram,Low Stress,22:00 - 23:00,Night,Spring,2.5,2,0.7071067811865476,0.2
Montpellier,tram,Low Stress,22:00 - 23:00,Night,Summer,2.6666666666666665,3,1.5275252316519468,0.3
Montpellier,tram,Low Stress,22:00 - 23:00,Night,Winter,3.0,1,0.0,0.1
Montpellier,tram,Low Stress,23:00 - 24:00,Night,Autumn,4.0,1,0.0,0.1
Montpellier,tram,Low Stress,23:00 - 24:00,Night,Spring,2.0,1,0.0,0.1
Montpellier,voiture,High Stress,00:00 - 01:00,Night,Autumn,1.0,1,0.0,0.1
Montpellier,voiture,High Stress,00:00 - 01:00,Night,Summer,4.0,1,0.0,0.1
Montpellier,voiture,High Stress,00:00 - 01:00,Night,Winter,4.0,1,0.0,0.1
Montpellier,voiture,High Stress,01:00 - 02:00,Night,Autumn,3.0,1,0.0,0.1
Montpellier,voiture,High Stress,01:00 - 02:00,Night,Spring,3.5,2,0.7071067811865476,0.2
Montpellier,voiture,High Stress,02:00 - 03:00,Night,Summer,2.0,2,1.4142135623730951,0.2
Montpellier,voiture,High Stress,02:00 - 03:00,Night,Winter,5.0,1,0.0,0.1
Montpellier,voiture,High Stress,03:00 - 04:00,Night,Spring,1.5,2,0.7071067811865476,0.2
Montpellier,voiture,High Stress,03:00 - 04:00,Night,Winter,2.0,1,0.0,0.1
Montpellier,voiture,High Stress,05:00 - 06:00,Night,Summer,2.0,4,0.816496580927726,0.4
Montpellier,voiture,High Stress,05:00 - 06:00,Night,Winter,1.5,2,0.7071067811865476,0.2
Montpellier,voiture,High Stress,06:00 - 07:00,Night,Autumn,3.0,1,0.0,0.1
Montpellier,voiture,High Stress,06:00 - 07:00,Night,Spring,3.0,1,0.0,0.1
Montpellier,voiture,High Stress,06:00 - 07:00,Night,Summer,3.0,2,1.4142135623730951,0.2
Montpellier,voiture,High Stress,06:00 - 07:00,Night,Winter,3.0,1,0.0,0.1
Montpellier,voiture,High Stress,07:00 - 08:00,Peak,Autumn,2.0,1,0.0,0.1
Montpellier,voiture,High Stress,07:00 - 08:00,Peak,Spring,2.0,1,0.0,0.1
Montpellier,voiture,High Stress,07:00 - 08:00,Peak,Winter,4.0,1,0.0,0.1
Montpellier,voiture,High Stress,09:00 - 10:00,Peak,Spring,3.0,1,0.0,0.1
Montpellier,voiture,High Stress,09:00 - 10:00,Peak,Summer,3.0,2,0.0,0.2
Montpellier,voiture,High Stress,10:00 - 11:00,Off-Peak,Autumn,4.0,2,1.4142135623730951,0.2
Montpellier,voiture,High Stress,10:00 - 11:00,Off-Peak,Summer,2.0,1,0.0,0.1
Montpellier,voiture,High Stress,11:00 - 12:00,Off-Peak,Spring,2.0,2,1.4142135623730951,0.2
Montpellier,voiture,High Stress,11:00 - 12:00,Off-Peak,Summer,4.0,1,0.0,0.1
Montpellier,voiture,High Stress,14:00 - 15:00,Off-Peak,Winter,4.0,1,0.0,0.1
Montpellier,voiture,High Stress,15:00 - 16:00,Off-Peak,Spring,2.0,1,0.0,0.1
Montpellier,voiture,High Stress,16:00 - 17:00,Off-Peak,Autumn,3.0,1,0.0,0.1
Montpellier,voiture,High Stress,17:00 - 18:00,Peak,Spring,2.0,2,0.0,0.2
Montpellier,voiture,High Stress,17:00 - 18:00,Peak,Summer,2.0,1,0.0,0.1
Montpellier,voiture,High Stress,18:00 - 19:00,Peak,Spring,1.0,1,0.0,0.1
Montpellier,voiture,High Stress,18:00 - 19:00,Peak,Winter,2.0,1,0.0,0.1
Montpellier,voiture,High Stress,19:00 - 20:00,Peak,Autumn,2.0,1,0.0,0.1
Montpellier,voiture,High Stress,19:00 - 20:00,Peak,Spring,3.0,1,0.0,0.1
Montpellier,voiture,High Stress,20:00 - 21:00,Night,Autumn,4.0,1,0.0,0.1
Montpellier,voiture,High Stress,21:00 - 22:00,Night,Autumn,2.0,1,0.0,0.1
Montpellier,voiture,High Stress,21:00 - 22:00,Night,Spring,3.0,1,0.0,0.1
Montpellier,voiture,High Stress,22:00 - 23:00,Night,Autumn,3.0,1,0.0,0.1
Montpellier,voiture,High Stress,22:00 - 23:00,Night,Spring,1.0,1,0.0,0.1
Montpellier,voiture,High Stress,23:00 - 24:00,Night,Spring,2.0,1,0.0,0.1
Montpellier,voiture,High Stress,23:00 - 24:00,Night,Winter,3.0,1,0.0,0.1
Montpellier,voiture,Low Stress,00:00 - 01:00,Night,Autumn,1.0,1,0.0,0.1
Montpellier,voiture,Low Stress,00:00 - 01:00,Night,Spring,2.75,4,0.9574271077563381,0.4
Montpellier,voiture,Low Stress,00:00 - 01:00,Night,Winter,1.6666666666666667,3,0.5773502691896257,0.3
Montpellier,voiture,Low Stress,01:00 - 02:00,Night,Autumn,2.25,4,0.5,0.4
Montpellier,voiture,Low Stress,01:00 - 02:00,Night,Summer,4.0,1,0.0,0.1
Montpellier,voiture,Low Stress,01:00 - 02:00,Night,Winter,,0,0.0,0.0
Montpellier,voiture,Low Stress,02:00 - 03:00,Night,Autumn,4.0,1,0.0,0.1
Montpellier,voiture,Low Stress,02:00 - 03:00,Night,Summer,4.0,1,0.0,0.1
Montpellier,voiture,Low Stress,02:00 - 03:00,Night,Winter,1.0,1,0.0,0.1
Montpellier,voiture,Low Stress,03:00 - 04:00,Night,Autumn,2.0,1,0.0,0.1
Montpellier,voiture,Low Stress,03:00 - 04:00,Night,Spring,3.0,3,2.0,0.3
Montpellier,voiture,Low Stress,03:00 - 04:00,Night,Summer,2.5,2,0.7071067811865476,0.2
Montpellier,voiture,Low Stress,03:00 - 04:00,Night,Winter,2.75,4,0.9574271077563381,0.4
Montpellier,voiture,Low Stress,04:00 - 05:00,Night,Autumn,4.0,1,0.0,0.1
Montpellier,voiture,Low Stress,04:00 - 05:00,Night,Spring,3.0,2,1.4142135623730951,0.2
Montpellier,voiture,Low Stress,05:00 - 06:00,Night,Autumn,3.5,2,0.7071067811865476,0.2
Montpellier,voiture,Low Stress,05:00 - 06:00,Night,Spring,4.0,1,0.0,0.1
Montpellier,voiture,Low Stress,05:00 - 06:00,Night,Summer,3.0,1,0.0,0.1
Montpellier,voiture,Low Stress,06:00 - 07:00,Night,Autumn,3.0,1,0.0,0.1
Montpellier,voiture,Low Stress,06:00 - 07:00,Night,Spring,1.0,1,0.0,0.1
Montpellier,voiture,Low Stress,06:00 - 07:00,Night,Summer,3.3333333333333335,3,1.1547005383792515,0.3
Montpellier,voiture,Low Stress,06:00 - 07:00,Night,Winter,4.0,1,0.0,0.1
Montpellier,voiture,Low Stress,07:00 - 08:00,Peak,Autumn,1.0,1,0.0,0.1
Montpellier,voiture,Low Stress,07:00 - 08:00,Peak,Spring,2.0,2,1.4142135623730951,0.2
Montpellier,voiture,Low Stress,07:00 - 08:00,Peak,Summer,3.0,1,0.0,0.1
Montpellier,voiture,Low Stress,07:00 - 08:00,Peak,Winter,2.0,1,0.0,0.1
Montpellier,voiture,Low Stress,08:00 - 09:00,Peak,Autumn,2.0,4,1.1547005383792515,0.4
Montpellier,voiture,Low Stress,08:00 - 09:00,Peak,Spring,3.0,3,0.0,0.3
Montpellier,voiture,Low Stress,08:00 - 09:00,Peak,Summer,3.0,2,0.0,0.2
Montpellier,voiture,Low Stress,09:00 - 10:00,Peak,Autumn,3.0,3,1.0,0.3
Montpellier,voiture,Low Stress,09:00 - 10:00,Peak,Spring,2.0,2,1.4142135623730951,0.2
Montpellier,voiture,Low Stress,09:00 - 10:00,Peak,Summer,3.5,2,0.7071067811865476,0.2
Montpellier,voiture,Low Stress,09:00 - 10:00,Peak,Winter,2.5,2,0.7071067811865476,0.2
Montpellier,voiture,Low Stress,10:00 - 11:00,Off-Peak,Autumn,3.4,5,1.1401754250991378,0.5
Montpellier,voiture,Low Stress,10:00 - 11:00,Off-Peak,Summer,2.5,2,0.7071067811865476,0.2
Montpellier,voiture,Low Stress,10:00 - 11:00,Off-Peak,Winter,1.4,5,0.5477225575051662,0.5
Montpellier,voiture,Low Stress,11:00 - 12:00,Off-Peak,Autumn,4.0,3,1.0,0.3
Montpellier,voiture,Low Stress,11:00 - 12:00,Off-Peak,Spring,4.0,1,0.0,0.1
Montpellier,voiture,Low Stress,11:00 - 12:00,Off-Peak,Summer,2.6,5,0.8944271909999159,0.5
Montpellier,voiture,Low Stress,11:00 - 12:00,Off-Peak,Winter,1.6666666666666667,3,0.5773502691896258,0.3
Montpellier,voiture,Low Stress,12:00 - 13:00,Off-Peak,Autumn,3.0,2,1.4142135623730951,0.2
Montpellier,voiture,Low Stress,12:00 - 13:00,Off-Peak,Spring,3.3333333333333335,3,0.5773502691896258,0.3
Montpellier,voiture,Low Stress,12:00 - 13:00,Off-Peak,Summer,2.3333333333333335,3,0.5773502691896257,0.3
Montpellier,voiture,Low Stress,12:00 - 13:00,Off-Peak,Winter,2.6666666666666665,3,1.5275252316519468,0.3
Montpellier,voiture,Low Stress,13:00 - 14:00,Off-Peak,Autumn,5.0,1,0.0,0.1
Montpellier,voiture,Low Stress,13:00 - 14:00,Off-Peak,Summer,4.0,1,0.0,0.1
Montpellier,voiture,Low Stress,13:00 - 14:00,Off-Peak,Winter,1.0,1,0.0,0.1
Montpellier,voiture,Low Stress,14:00 - 15:00,Off-Peak,Spring,1.0,1,0.0,0.1
Montpellier,voiture,Low Stress,14:00 - 15:00,Off-Peak,Summer,2.0,1,0.0,0.1
Montpellier,voiture,Low Stress,14:00 - 15:00,Off-Peak,Winter,3.5,2,0.7071067811865476,0.2
Montpellier,voiture,Low Stress,15:00 - 16:00,Off-Peak,Autumn,3.0,1,0.0,0.1
Montpellier,voiture,Low Stress,15:00 - 16:00,Off-Peak,Spring,2.3333333333333335,3,0.5773502691896257,0.3
Montpellier,voiture,Low Stress,15:00 - 16:00,Off-Peak,Summer,3.3333333333333335,3,0.5773502691896257,0.3
Montpellier,voiture,Low Stress,15:00 - 16:00,Off-Peak,Winter,1.3333333333333333,3,0.5773502691896257,0.3
Montpellier,voiture,Low Stress,16:00 - 17:00,Off-Peak,Autumn,2.5,2,0.7071067811865476,0.2
Montpellier,voiture,Low Stress,16:00 - 17:00,Off-Peak,Spring,2.142857142857143,7,1.2149857925879117,0.7
Montpellier,voiture,Low Stress,16:00 - 17:00,Off-Peak,Summer,2.0,1,0.0,0.1
Montpellier,voiture,Low Stress,16:00 - 17:00,Off-Peak,Winter,2.0,1,0.0,0.1
Montpellier,voiture,Low Stress,17:00 - 18:00,Peak,Autumn,3.0,2,0.0,0.2
Montpellier,voiture,Low Stress,17:00 - 18:00,Peak,Spring,3.0,4,0.816496580927726,0.4
Montpellier,voiture,Low Stress,18:00 - 19:00,Peak,Autumn,3.0,1,0.0,0.1
Montpellier,voiture,Low Stress,18:00 - 19:00,Peak,Spring,4.0,1,0.0,0.1
Montpellier,voiture,Low Stress,18:00 - 19:00,Peak,Summer,,0,0.0,0.0
Montpellier,voiture,Low Stress,18:00 - 19:00,Peak,Winter,3.3333333333333335,3,1.5275252316519465,0.3
Montpellier,voiture,Low Stress,19:00 - 20:00,Peak,Spring,2.0,1,0.0,0.1
Montpellier,voiture,Low Stress,19:00 - 20:00,Peak,Winter,3.0,1,0.0,0.1
Montpellier,voiture,Low Stress,20:00 - 21:00,Night,Autumn,4.5,2,0.7071067811865476,0.2
Montpellier,voiture,Low Stress,20:00 - 21:00,Night,Spring,3.5,2,0.7071067811865476,0.2
Montpellier,voiture,Low Stress,20:00 - 21:00,Night,Winter,1.5,2,0.7071067811865476,0.2
Montpellier,voiture,Low Stress,21:00 - 22:00,Night,Autumn,3.0,2,1.4142135623730951,0.2
Montpellier,voiture,Low Stress,21:00 - 22:00,Night,Spring,3.5,2,0.7071067811865476,0.2
Montpellier,voiture,Low Stress,21:00 - 22:00,Night,Summer,2.8,5,1.0954451150103324,0.5
Montpellier,voiture,Low Stress,21:00 - 22:00,Night,Winter,3.0,1,0.0,0.1
Montpellier,voiture,Low Stress,22:00 - 23:00,Night,Autumn,2.75,4,0.9574271077563382,0.4
Montpellier,voiture,Low Stress,22:00 - 23:00,Night,Spring,2.5,4,1.2909944487358056,0.4
Montpellier,voiture,Low Stress,22:00 - 23:00,Night,Summer,2.0,2,0.0,0.2
Montpellier,voiture,Low Stress,22:00 - 23:00,Night,Winter,4.0,1,0.0,0.1
Montpellier,voiture,Low Stress,23:00 - 24:00,Night,Autumn,4.0,1,0.0,0.1
Montpellier,voiture,Low Stress,23:00 - 24:00,Night,Spring,5.0,1,0.0,0.1
Montpellier,voiture,Low Stress,23:00 - 24:00,Night,Summer,5.0,1,0.0,0.1
Montpellier,voiture,Low Stress,23:00 - 24:00,Night,Winter,3.0,5,1.224744871391589,0.5
Montpellier,vélo,High Stress,00:00 - 01:00,Night,Summer,4.0,1,0.0,0.1
Montpellier,vélo,High Stress,02:00 - 03:00,Night,Autumn,3.0,1,0.0,0.1
Montpellier,vélo,High Stress,03:00 - 04:00,Night,Spring,4.0,1,0.0,0.1
Montpellier,vélo,High Stress,04:00 - 05:00,Night,Spring,3.0,1,0.0,0.1
Montpellier,vélo,High Stress,04:00 - 05:00,Night,Summer,2.0,1,0.0,0.1
Montpellier,vélo,High Stress,07:00 - 08:00,Peak,Autumn,1.0,1,0.0,0.1
Montpellier,vélo,High Stress,08:00 - 09:00,Peak,Autumn,3.0,1,0.0,0.1
Montpellier,vélo,High Stress,09:00 - 10:00,Peak,Autumn,2.0,1,0.0,0.1
Montpellier,vélo,High Stress,11:00 - 12:00,Off-Peak,Autumn,4.0,1,0.0,0.1
Montpellier,vélo,High Stress,11:00 - 12:00,Off-Peak,Summer,2.5,2,2.1213203435596424,0.2
Montpellier,vélo,High Stress,13:00 - 14:00,Off-Peak,Autumn,3.0,1,0.0,0.1
Montpellier,vélo,High Stress,15:00 - 16:00,Off-Peak,Autumn,2.0,1,0.0,0.1
Montpellier,vélo,High Stress,15:00 - 16:00,Off-Peak,Winter,1.0,1,0.0,0.1
Montpellier,vélo,High Stress,17:00 - 18:00,Peak,Spring,2.0,1,0.0,0.1
Montpellier,vélo,High Stress,18:00 - 19:00,Peak,Spring,1.0,1,0.0,0.1
Montpellier,vélo,High Stress,18:00 - 19:00,Peak,Summer,2.5,2,0.7071067811865476,0.2
Montpellier,vélo,High Stress,19:00 - 20:00,Peak,Summer,2.0,1,0.0,0.1
Montpellier,vélo,High Stress,20:00 - 21:00,Night,Spring,4.0,1,0.0,0.1
Montpellier,vélo,High Stress,21:00 - 22:00,Night,Winter,1.0,1,0.0,0.1
Montpellier,vélo,High Stress,22:00 - 23:00,Night,Summer,1.0,1,0.0,0.1
Montpellier,vélo,High Stress,22:00 - 23:00,Night,Winter,3.0,1,0.0,0.1
Montpellier,vélo,Low Stress,00:00 - 01:00,Night,Autumn,2.0,1,0.0,0.1
Montpellier,vélo,Low Stress,00:00 - 01:00,Night,Spring,2.0,1,0.0,0.1
Montpellier,vélo,Low Stress,00:00 - 01:00,Night,Winter,5.0,1,0.0,0.1
Montpellier,vélo,Low Stress,01:00 - 02:00,Night,Autumn,2.0,1,0.0,0.1
Montpellier,vélo,Low Stress,01:00 - 02:00,Night,Spring,5.0,1,0.0,0.1
Montpellier,vélo,Low Stress,02:00 - 03:00,Night,Autumn,2.5,2,0.7071067811865476,0.2
Montpellier,vélo,Low Stress,02:00 - 03:00,Night,Spring,2.0,2,0.0,0.2
Montpellier,vélo,Low Stress,02:00 - 03:00,Night,Summer,2.0,1,0.0,0.1
Montpellier,vélo,Low Stress,02:00 - 03:00,Night,Winter,3.0,1,0.0,0.1
Montpellier,vélo,Low Stress,03:00 - 04:00,Night,Spring,3.0,1,0.0,0.1
Montpellier,vélo,Low Stress,03:00 - 04:00,Night,Summer,2.0,2,1.4142135623730951,0.2
Montpellier,vélo,Low Stress,03:00 - 04:00,Night,Winter,2.0,1,0.0,0.1
Montpellier,vélo,Low Stress,04:00 - 05:00,Night,Spring,2.0,1,0.0,0.1
Montpellier,vélo,Low Stress,04:00 - 05:00,Night,Winter,2.0,1,0.0,0.1
Montpellier,vélo,Low Stress,05:00 - 06:00,Night,Autumn,3.0,1,0.0,0.1
Montpellier,vélo,Low Stress,05:00 - 06:00,Night,Spring,1.0,1,0.0,0.1
Montpellier,vélo,Low Stress,05:00 - 06:00,Night,Winter,5.0,1,0.0,0.1
Montpellier,vélo,Low Stress,06:00 - 07:00,Night,Spring,2.0,1,0.0,0.1
Montpellier,vélo,Low Stress,06:00 - 07:00,Night,Summer,2.0,1,0.0,0.1
Montpellier,vélo,Low Stress,06:00 - 07:00,Night,Winter,2.0,1,0.0,0.1
Montpellier,vélo,Low Stress,07:00 - 08:00,Peak,Autumn,2.5,2,0.7071067811865476,0.2
Montpellier,vélo,Low Stress,07:00 - 08:00,Peak,Summer,4.0,1,0.0,0.1
Montpellier,vélo,Low Stress,08:00 - 09:00,Peak,Autumn,2.0,1,0.0,0.1
Montpellier,vélo,Low Stress,08:00 - 09:00,Peak,Spring,2.0,1,0.0,0.1
Montpellier,vélo,Low Stress,08:00 - 09:00,Peak,Summer,3.0,1,0.0,0.1
Montpellier,vélo,Low Stress,08:00 - 09:00,Peak,Winter,2.0,4,1.1547005383792515,0.4
Montpellier,vélo,Low Stress,09:00 - 10:00,Peak,Autumn,2.0,1,0.0,0.1
Montpellier,vélo,Low Stress,09:00 - 10:00,Peak,Spring,2.0,2,0.0,0.2
Montpellier,vélo,Low Stress,09:00 - 10:00,Peak,Summer,2.3333333333333335,3,0.5773502691896257,0.3
Montpellier,vélo,Low Stress,10:00 - 11:00,Off-Peak,Autumn,2.0,4,1.1547005383792515,0.4
Montpellier,vélo,Low Stress,11:00 - 12:00,Off-Peak,Autumn,3.0,1,0.0,0.1
Montpellier,vélo,Low Stress,12:00 - 13:00,Off-Peak,Spring,3.0,2,1.4142135623730951,0.2
Montpellier,vélo,Low Stress,13:00 - 14:00,Off-Peak,Spring,3.5,2,0.7071067811865476,0.2
Montpellier,vélo,Low Stress,13:00 - 14:00,Off-Peak,Summer,3.0,1,0.0,0.1
Montpellier,vélo,Low Stress,13:00 - 14:00,Off-Peak,Winter,1.0,2,0.0,0.2
Montpellier,vélo,Low Stress,14:00 - 15:00,Off-Peak,Spring,2.0,3,1.0,0.3
Montpellier,vélo,Low Stress,14:00 - 15:00,Off-Peak,Winter,3.0,1,0.0,0.1
Montpellier,vélo,Low Stress,15:00 - 16:00,Off-Peak,Autumn,2.0,1,0.0,0.1
Montpellier,vélo,Low Stress,15:00 - 16:00,Off-Peak,Spring,1.0,1,0.0,0.1
Montpellier,vélo,Low Stress,15:00 - 16:00,Off-Peak,Summer,5.0,1,0.0,0.1
Montpellier,vélo,Low Stress,16:00 - 17:00,Off-Peak,Spring,,0,0.0,0.0
Montpellier,vélo,Low Stress,16:00 - 17:00,Off-Peak,Winter,4.0,1,0.0,0.1
Montpellier,vélo,Low Stress,17:00 - 18:00,Peak,Autumn,4.0,1,0.0,0.1
Montpellier,vélo,Low Stress,17:00 - 18:00,Peak,Spring,1.0,1,0.0,0.1
Montpellier,vélo,Low Stress,17:00 - 18:00,Peak,Summer,3.0,1,0.0,0.1
Montpellier,vélo,Low Stress,17:00 - 18:00,Peak,Winter,3.5,2,0.7071067811865476,0.2
Montpellier,vélo,Low Stress,18:00 - 19:00,Peak,Autumn,2.0,2,1.4142135623730951,0.2
Montpellier,vélo,Low Stress,18:00 - 19:00,Peak,Winter,1.0,1,0.0,0.1
Montpellier,vélo,Low Stress,19:00 - 20:00,Peak,Summer,3.0,2,1.4142135623730951,0.2
Montpellier,vélo,Low Stress,20:00 - 21:00,Night,Spring,1.5,2,0.7071067811865476,0.2
Montpellier,vélo,Low Stress,20:00 - 21:00,Night,Summer,3.0,2,0.0,0.2
Montpellier,vélo,Low Stress,21:00 - 22:00,Night,Spring,3.0,1,0.0,0.1
Montpellier,vélo,Low Stress,21:00 - 22:00,Night,Summer,2.5,2,0.7071067811865476,0.2
Montpellier,vélo,Low Stress,21:00 - 22:00,Night,Winter,2.0,2,0.0,0.2
Montpellier,vélo,Low Stress,22:00 - 23:00,Night,Autumn,2.0,1,0.0,0.1
Montpellier,vélo,Low Stress,22:00 - 23:00,Night,Summer,2.3333333333333335,3,0.5773502691896257,0.3
Montpellier,vélo,Low Stress,22:00 - 23:00,Night,Winter,,0,0.0,0.0
Montpellier,vélo,Low Stress,23:00 - 24:00,Night,Autumn,2.0,1,0.0,0.1
Montpellier,vélo,Low Stress,23:00 - 24:00,Night,Summer,2.0,2,1.4142135623730951,0.2
Montpellier,vélo,Low Stress,23:00 - 24:00,Night,Winter,1.0,1,0.0,0.1
Nantes,bus,High Stress,00:00 - 01:00,Night,Summer,1.0,1,0.0,0.1
Nantes,bus,High Stress,01:00 - 02:00,Night,Autumn,2.0,1,0.0,0.1
Nantes,bus,High Stress,01:00 - 02:00,Night,Summer,3.0,1,0.0,0.1
Nantes,bus,High Stress,02:00 - 03:00,Night,Spring,2.5,2,0.7071067811865476,0.2
Nantes,bus,High Stress,03:00 - 04:00,Night,Autumn,3.0,1,0.0,0.1
Nantes,bus,High Stress,03:00 - 04:00,Night,Spring,3.5,2,0.7071067811865476,0.2
Nantes,bus,High Stress,04:00 - 05:00,Night,Spring,3.0,1,0.0,0.1
Nantes,bus,High Stress,04:00 - 05:00,Night,Winter,1.0,1,0.0,0.1
Nantes,bus,High Stress,05:00 - 06:00,Night,Autumn,2.0,2,0.0,0.2
Nantes,bus,High Stress,05:00 - 06:00,Night,Summer,3.0,2,1.4142135623730951,0.2
Nantes,bus,High Stress,06:00 - 07:00,Night,Autumn,2.5,2,2.1213203435596424,0.2
Nantes,bus,High Stress,06:00 - 07:00,Night,Summer,3.0,1,0.0,0.1
Nantes,bus,High Stress,07:00 - 08:00,Peak,Spring,3.0,3,2.0,0.3
Nantes,bus,High Stress,07:00 - 08:00,Peak,Winter,3.0,1,0.0,0.1
Nantes,bus,High Stress,08:00 - 09:00,Peak,Autumn,2.0,2,0.0,0.2
Nantes,bus,High Stress,08:00 - 09:00,Peak,Summer,3.0,1,0.0,0.1
Nantes,bus,High Stress,08:00 - 09:00,Peak,Winter,3.0,1,0.0,0.1
Nantes,bus,High Stress,09:00 - 10:00,Peak,Summer,1.0,1,0.0,0.1
Nantes,bus,High Stress,10:00 - 11:00,Off-Peak,Spring,1.0,1,0.0,0.1
Nantes,bus,High Stress,11:00 - 12:00,Off-Peak,Autumn,2.0,2,1.4142135623730951,0.2
Nantes,bus,High Stress,11:00 - 12:00,Off-Peak,Summer,3.0,2,0.0,0.2
Nantes,bus,High Stress,12:00 - 13:00,Off-Peak,Autumn,1.0,1,0.0,0.1
Nantes,bus,High Stress,12:00 - 13:00,Off-Peak,Spring,3.0,2,0.0,0.2
Nantes,bus,High Stress,12:00 - 13:00,Off-Peak,Winter,3.5,2,2.1213203435596424,0.2
Nantes,bus,High Stress,13:00 - 14:00,Off-Peak,Spring,2.6666666666666665,3,0.5773502691896258,0.3
Nantes,bus,High Stress,14:00 - 15:00,Off-Peak,Autumn,3.0,1,0.0,0.1
Nantes,bus,High Stress,14:00 - 15:00,Off-Peak,Spring,2.3333333333333335,3,1.5275252316519468,0.3
Nantes,bus,High Stress,15:00 - 16:00,Off-Peak,Spring,3.0,1,0.0,0.1
Nantes,bus,High Stress,15:00 - 16:00,Off-Peak,Summer,3.0,1,0.0,0.1
Nantes,bus,High Stress,16:00 - 17:00,Off-Peak,Spring,3.0,1,0.0,0.1
Nantes,bus,High Stress,16:00 - 17:00,Off-Peak,Winter,,0,0.0,0.0
Nantes,bus,High Stress,17:00 - 18:00,Peak,Spring,4.0,1,0.0,0.1
Nantes,bus,High Stress,17:00 - 18:00,Peak,Summer,4.0,1,0.0,0.1
Nantes,bus,High Stress,18:00 - 19:00,Peak,Spring,3.0,3,1.0,0.3
Nantes,bus,High Stress,19:00 - 20:00,Peak,Spring,4.0,1,0.0,0.1
Nantes,bus,High Stress,19:00 - 20:00,Peak,Winter,3.0,1,0.0,0.1
Nantes,bus,High Stress,20:00 - 21:00,Night,Spring,2.5,2,0.7071067811865476,0.2
Nantes,bus,High Stress,20:00 - 21:00,Night,Winter,2.0,2,0.0,0.2
Nantes,bus,High Stress,21:00 - 22:00,Night,Autumn,5.0,1,0.0,0.1
Nantes,bus,High Stress,21:00 - 22:00,Night,Spring,3.0,2,0.0,0.2
Nantes,bus,High Stress,21:00 - 22:00,Night,Summer,4.0,1,0.0,0.1
Nantes,bus,High Stress,22:00 - 23:00,Night,Autumn,3.0,1,0.0,0.1
Nantes,bus,High Stress,22:00 - 23:00,Night,Winter,3.0,1,0.0,0.1
Nantes,bus,High Stress,23:00 - 24:00,Night,Summer,2.0,1,0.0,0.1
Nantes,bus,Low Stress,00:00 - 01:00,Night,Autumn,2.5,2,0.7071067811865476,0.2
Nantes,bus,Low Stress,00:00 - 01:00,Night,Spring,2.6666666666666665,3,1.1547005383792517,0.3
Nantes,bus,Low Stress,00:00 - 01:00,Night,Summer,2.5,2,2.1213203435596424,0.2
Nantes,bus,Low Stress,00:00 - 01:00,Night,Winter,2.0,2,1.4142135623730951,0.2
Nantes,bus,Low Stress,01:00 - 02:00,Night,Autumn,2.0,1,0.0,0.1
Nantes,bus,Low Stress,01:00 - 02:00,Night,Spring,3.0,1,0.0,0.1
Nantes,bus,Low Stress,01:00 - 02:00,Night,Summer,2.0,6,0.8944271909999159,0.6
Nantes,bus,Low Stress,01:00 - 02:00,Night,Winter,2.0,4,0.816496580927726,0.4
Nantes,bus,Low Stress,02:00 - 03:00,Night,Autumn,2.0,5,1.224744871391589,0.5
Nantes,bus,Low Stress,02:00 - 03:00,Night,Spring,3.0,2,0.0,0.2
Nantes,bus,Low Stress,02:00 - 03:00,Night,Summer,2.0,6,0.8944271909999159,0.6
Nantes,bus,Low Stress,02:00 - 03:00,Night,Winter,2.6666666666666665,3,0.5773502691896257,0.3
Nantes,bus,Low Stress,03:00 - 04:00,Night,Autumn,3.0,2,0.0,0.2
Nantes,bus,Low Stress,03:00 - 04:00,Night,Spring,2.5,6,1.224744871391589,0.6
Nantes,bus,Low Stress,03:00 - 04:00,Night,Summer,2.3333333333333335,3,0.5773502691896257,0.3
Nantes,bus,Low Stress,03:00 - 04:00,Night,Winter,4.0,1,0.0,0.1
Nantes,bus,Low Stress,04:00 - 05:00,Night,Autumn,2.0,1,0.0,0.1
Nantes,bus,Low Stress,04:00 - 05:00,Night,Spring,3.0,1,0.0,0.1
Nantes,bus,Low Stress,04:00 - 05:00,Night,Summer,2.0,2,1.4142135623730951,0.2
Nantes,bus,Low Stress,04:00 - 05:00,Night,Winter,3.0,1,0.0,0.1
Nantes,bus,Low Stress,05:00 - 06:00,Night,Autumn,1.6666666666666667,3,0.5773502691896258,0.3
Nantes,bus,Low Stress,05:00 - 06:00,Night,Summer,2.0,3,1.0,0.3
Nantes,bus,Low Stress,05:00 - 06:00,Night,Winter,3.0,3,1.0,0.3
Nantes,bus,Low Stress,06:00 - 07:00,Night,Autumn,4.0,1,0.0,0.1
Nantes,bus,Low Stress,06:00 - 07:00,Night,Spring,2.75,4,1.5,0.4
Nantes,bus,Low Stress,06:00 - 07:00,Night,Summer,2.8,5,0.8366600265340756,0.5
Nantes,bus,Low Stress,06:00 - 07:00,Night,Winter,2.6666666666666665,6,1.0327955589886444,0.6
Nantes,bus,Low Stress,07:00 - 08:00,Peak,Autumn,2.8,5,1.3038404810405297,0.5
Nantes,bus,Low Stress,07:00 - 08:00,Peak,Spring,2.0,2,1.4142135623730951,0.2
Nantes,bus,Low Stress,07:00 - 08:00,Peak,Summer,2.3333333333333335,3,0.5773502691896257,0.3
Nantes,bus,Low Stress,07:00 - 08:00,Peak,Winter,2.75,4,1.5000000000000002,0.4
Nantes,bus,Low Stress,08:00 - 09:00,Peak,Autumn,1.0,2,0.0,0.2
Nantes,bus,Low Stress,08:00 - 09:00,Peak,Spring,2.0,2,1.4142135623730951,0.2
Nantes,bus,Low Stress,08:00 - 09:00,Peak,Summer,2.0,2,1.4142135623730951,0.2
Nantes,bus,Low Stress,08:00 - 09:00,Peak,Winter,1.6666666666666667,3,0.5773502691896257,0.3
Nantes,bus,Low Stress,09:00 - 10:00,Peak,Autumn,3.8,5,1.0954451150103324,0.5
Nantes,bus,Low Stress,09:00 - 10:00,Peak,Spring,3.0,1,0.0,0.1
Nantes,bus,Low Stress,09:00 - 10:00,Peak,Summer,3.0,4,1.4142135623730951,0.4
Nantes,bus,Low Stress,09:00 - 10:00,Peak,Winter,3.0,5,0.7071067811865476,0.5
Nantes,bus,Low Stress,10:00 - 11:00,Off-Peak,Autumn,3.0,5,1.0,0.5
Nantes,bus,Low Stress,10:00 - 11:00,Off-Peak,Spring,3.0,2,0.0,0.2
Nantes,bus,Low Stress,10:00 - 11:00,Off-Peak,Summer,2.0,2,0.0,0.2
Nantes,bus,Low Stress,10:00 - 11:00,Off-Peak,Winter,2.0,1,0.0,0.1
Nantes,bus,Low Stress,11:00 - 12:00,Off-Peak,Autumn,2.5,2,0.7071067811865476,0.2
Nantes,bus,Low Stress,11:00 - 12:00,Off-Peak,Spring,3.0,1,0.0,0.1
Nantes,bus,Low Stress,11:00 - 12:00,Off-Peak,Summer,2.0,1,0.0,0.1
Nantes,bus,Low Stress,11:00 - 12:00,Off-Peak,Winter,2.3333333333333335,3,0.5773502691896257,0.3
Nantes,bus,Low Stress,12:00 - 13:00,Off-Peak,Spring,2.0,2,1.4142135623730951,0.2
Nantes,bus,Low Stress,12:00 - 13:00,Off-Peak,Summer,1.5,2,0.7071067811865476,0.2
Nantes,bus,Low Stress,12:00 - 13:00,Off-Peak,Winter,3.5,2,0.7071067811865476,0.2
Nantes,bus,Low Stress,13:00 - 14:00,Off-Peak,Autumn,2.0,2,0.0,0.2
Nantes,bus,Low Stress,13:00 - 14:00,Off-Peak,Spring,3.5,2,0.7071067811865476,0.2
Nantes,bus,Low Stress,13:00 - 14:00,Off-Peak,Summer,2.0,6,0.8944271909999159,0.6
Nantes,bus,Low Stress,13:00 - 14:00,Off-Peak,Winter,3.0,1,0.0,0.1
Nantes,bus,Low Stress,14:00 - 15:00,Off-Peak,Autumn,3.0,2,0.0,0.2
Nantes,bus,Low Stress,14:00 - 15:00,Off-Peak,Spring,2.5,2,0.7071067811865476,0.2
Nantes,bus,Low Stress,14:00 - 15:00,Off-Peak,Summer,3.25,4,1.2583057392117916,0.4
Nantes,bus,Low Stress,14:00 - 15:00,Off-Peak,Winter,2.2,5,0.8366600265340756,0.5
Nantes,bus,Low Stress,15:00 - 16:00,Off-Peak,Autumn,2.8,5,1.0954451150103321,0.5
Nantes,bus,Low Stress,15:00 - 16:00,Off-Peak,Spring,2.6666666666666665,3,0.5773502691896258,0.3
Nantes,bus,Low Stress,15:00 - 16:00,Off-Peak,Summer,2.3333333333333335,3,1.5275252316519465,0.3
Nantes,bus,Low Stress,15:00 - 16:00,Off-Peak,Winter,2.0,5,1.0,0.5
Nantes,bus,Low Stress,16:00 - 17:00,Off-Peak,Autumn,3.0,1,0.0,0.1
Nantes,bus,Low Stress,16:00 - 17:00,Off-Peak,Spring,2.5,2,0.7071067811865476,0.2
Nantes,bus,Low Stress,16:00 - 17:00,Off-Peak,Summer,3.0,2,0.0,0.2
Nantes,bus,Low Stress,16:00 - 17:00,Off-Peak,Winter,2.0,1,0.0,0.1
Nantes,bus,Low Stress,17:00 - 18:00,Peak,Autumn,1.0,1,0.0,0.1
Nantes,bus,Low Stress,17:00 - 18:00,Peak,Spring,2.2,5,0.447213595499958,0.5
Nantes,bus,Low Stress,17:00 - 18:00,Peak,Summer,1.0,2,0.0,0.2
Nantes,bus,Low Stress,17:00 - 18:00,Peak,Winter,2.4,5,0.5477225575051661,0.5
Nantes,bus,Low Stress,18:00 - 19:00,Peak,Autumn,3.0,1,0.0,0.1
Nantes,bus,Low Stress,18:00 - 19:00,Peak,Spring,2.6666666666666665,3,0.5773502691896258,0.3
Nantes,bus,Low Stress,18:00 - 19:00,Peak,Summer,3.0,1,0.0,0.1
Nantes,bus,Low Stress,18:00 - 19:00,Peak,Winter,3.0,2,0.0,0.2
Nantes,bus,Low Stress,19:00 - 20:00,Peak,Autumn,1.0,1,0.0,0.1
Nantes,bus,Low Stress,19:00 - 20:00,Peak,Spring,2.0,3,1.0,0.3
Nantes,bus,Low Stress,19:00 - 20:00,Peak,Summer,2.0,1,0.0,0.1
Nantes,bus,Low Stress,19:00 - 20:00,Peak,Winter,2.6,5,1.140175425099138,0.5
Nantes,bus,Low Stress,20:00 - 21:00,Night,Autumn,2.6,5,0.5477225575051662,0.5
Nantes,bus,Low Stress,20:00 - 21:00,Night,Spring,2.5,8,0.9258200997725515,0.8
Nantes,bus,Low Stress,20:00 - 21:00,Night,Winter,2.3333333333333335,3,0.5773502691896258,0.3
Nantes,bus,Low Stress,21:00 - 22:00,Night,Autumn,2.25,4,1.2583057392117916,0.4
Nantes,bus,Low Stress,21:00 - 22:00,Night,Spring,2.2,5,1.6431676725154982,0.5
Nantes,bus,Low Stress,21:00 - 22:00,Night,Winter,1.6666666666666667,3,0.5773502691896257,0.3
Nantes,bus,Low Stress,22:00 - 23:00,Night,Autumn,1.4,5,0.5477225575051662,0.5
Nantes,bus,Low Stress,23:00 - 24:00,Night,Autumn,2.5,2,0.7071067811865476,0.2
Nantes,bus,Low Stress,23:00 - 24:00,Night,Spring,2.5,4,1.0,0.4
Nantes,bus,Low Stress,23:00 - 24:00,Night,Summer,2.5,2,0.7071067811865476,0.2
Nantes,bus,Low Stress,23:00 - 24:00,Night,Winter,2.3333333333333335,3,1.1547005383792517,0.3
Nantes,métro,High Stress,00:00 - 01:00,Night,Summer,2.5,2,0.7071067811865476,0.2
Nantes,métro,High Stress,01:00 - 02:00,Night,Summer,2.0,1,0.0,0.1
Nantes,métro,High Stress,02:00 - 03:00,Night,Spring,3.0,1,0.0,0.1
Nantes,métro,High Stress,03:00 - 04:00,Night,Spring,2.0,1,0.0,0.1
Nantes,métro,High Stress,04:00 - 05:00,Night,Spring,2.0,1,0.0,0.1
Nantes,métro,High Stress,04:00 - 05:00,Night,Summer,2.6666666666666665,3,0.5773502691896258,0.3
Nantes,métro,High Stress,05:00 - 06:00,Night,Autumn,3.0,1,0.0,0.1
Nantes,métro,High Stress,06:00 - 07:00,Night,Summer,2.0,1,0.0,0.1
Nantes,métro,High Stress,07:00 - 08:00,Peak,Autumn,1.0,1,0.0,0.1
Nantes,métro,High Stress,07:00 - 08:00,Peak,Spring,4.0,1,0.0,0.1
Nantes,métro,High Stress,07:00 - 08:00,Peak,Winter,2.0,1,0.0,0.1
Nantes,métro,High Stress,08:00 - 09:00,Peak,Spring,2.5,2,0.7071067811865476,0.2
Nantes,métro,High Stress,11:00 - 12:00,Off-Peak,Autumn,1.5,2,0.7071067811865476,0.2
Nantes,métro,High Stress,11:00 - 12:00,Off-Peak,Winter,2.6666666666666665,3,0.5773502691896258,0.3
Nantes,métro,High Stress,12:00 - 13:00,Off-Peak,Spring,2.0,1,0.0,0.1
Nantes,métro,High Stress,13:00 - 14:00,Off-Peak,Spring,3.0,1,0.0,0.1
Nantes,métro,High Stress,14:00 - 15:00,Off-Peak,Autumn,3.5,2,2.1213203435596424,0.2
Nantes,métro,High Stress,14:00 - 15:00,Off-Peak,Summer,2.0,1,0.0,0.1
Nantes,métro,High Stress,15:00 - 16:00,Off-Peak,Autumn,3.0,2,0.0,0.2
Nantes,métro,High Stress,15:00 - 16:00,Off-Peak,Spring,5.0,1,0.0,0.1
Nantes,métro,High Stress,15:00 - 16:00,Off-Peak,Winter,4.0,1,0.0,0.1
Nantes,métro,High Stress,17:00 - 18:00,Peak,Autumn,2.0,1,0.0,0.1
Nantes,métro,High Stress,18:00 - 19:00,Peak,Autumn,4.0,2,0.0,0.2
Nantes,métro,High Stress,18:00 - 19:00,Peak,Summer,3.0,1,0.0,0.1
Nantes,métro,High Stress,19:00 - 20:00,Peak,Spring,2.0,2,0.0,0.2
Nantes,métro,High Stress,19:00 - 20:00,Peak,Summer,2.0,1,0.0,0.1
Nantes,métro,High Stress,20:00 - 21:00,Night,Autumn,1.0,1,0.0,0.1
Nantes,métro,High Stress,20:00 - 21:00,Night,Winter,2.0,2,1.4142135623730951,0.2
Nantes,métro,High Stress,21:00 - 22:00,Night,Spring,1.0,1,0.0,0.1
Nantes,métro,High Stress,22:00 - 23:00,Night,Autumn,3.0,2,0.0,0.2
Nantes,métro,High Stress,23:00 - 24:00,Night,Autumn,3.0,1,0.0,0.1
Nantes,métro,High Stress,23:00 - 24:00,Night,Summer,1.0,1,0.0,0.1
Nantes,métro,High Stress,23:00 - 24:00,Night,Winter,2.0,1,0.0,0.1
Nantes,métro,Low Stress,00:00 - 01:00,Night,Autumn,1.0,1,0.0,0.1
Nantes,métro,Low Stress,00:00 - 01:00,Night,Spring,3.0,1,0.0,0.1
Nantes,métro,Low Stress,00:00 - 01:00,Night,Summer,,0,0.0,0.0
Nantes,métro,Low Stress,00:00 - 01:00,Night,Winter,3.0,1,0.0,0.1
Nantes,métro,Low Stress,01:00 - 02:00,Night,Autumn,2.25,4,0.9574271077563382,0.4
Nantes,métro,Low Stress,01:00 - 02:00,Night,Spring,3.25,4,0.9574271077563381,0.4
Nantes,métro,Low Stress,01:00 - 02:00,Night,Summer,3.0,3,1.7320508075688772,0.3
Nantes,métro,Low Stress,01:00 - 02:00,Night,Winter,2.5,2,0.7071067811865476,0.2
Nantes,métro,Low Stress,02:00 - 03:00,Night,Autumn,2.5,2,2.1213203435596424,0.2
Nantes,métro,Low Stress,02:00 - 03:00,Night,Summer,2.5,4,1.2909944487358056,0.4
Nantes,métro,Low Stress,02:00 - 03:00,Night,Winter,1.0,1,0.0,0.1
Nantes,métro,Low Stress,03:00 - 04:00,Night,Autumn,2.3333333333333335,3,0.5773502691896258,0.3
Nantes,métro,Low Stress,03:00 - 04:00,Night,Spring,2.3333333333333335,3,1.1547005383792515,0.3
Nantes,métro,Low Stress,03:00 - 04:00,Night,Summer,2.0,1,0.0,0.1
Nantes,métro,Low Stress,03:00 - 04:00,Night,Winter,2.0,1,0.0,0.1
Nantes,métro,Low Stress,04:00 - 05:00,Night,Autumn,1.5,2,0.7071067811865476,0.2
Nantes,métro,Low Stress,04:00 - 05:00,Night,Spring,2.1666666666666665,6,1.1690451944500122,0.6
Nantes,métro,Low Stress,04:00 - 05:00,Night,Summer,2.0,1,0.0,0.1
Nantes,métro,Low Stress,04:00 - 05:00,Night,Winter,3.5,2,0.7071067811865476,0.2
Nantes,métro,Low Stress,05:00 - 06:00,Night,Autumn,2.0,2,1.4142135623730951,0.2
Nantes,métro,Low Stress,05:00 - 06:00,Night,Spring,2.3333333333333335,3,1.1547005383792515,0.3
Nantes,métro,Low Stress,05:00 - 06:00,Night,Summer,3.0,1,0.0,0.1
Nantes,métro,Low Stress,05:00 - 06:00,Night,Winter,2.5,2,0.7071067811865476,0.2
Nantes,métro,Low Stress,06:00 - 07:00,Night,Autumn,2.6666666666666665,6,1.0327955589886444,0.6
Nantes,métro,Low Stress,06:00 - 07:00,Night,Spring,2.5,4,1.2909944487358056,0.4
Nantes,métro,Low Stress,06:00 - 07:00,Night,Summer,2.5,2,2.1213203435596424,0.2
Nantes,métro,Low Stress,06:00 - 07:00,Night,Winter,2.0,3,1.0,0.3
Nantes,métro,Low Stress,07:00 - 08:00,Peak,Autumn,4.0,1,0.0,0.1
Nantes,métro,Low Stress,07:00 - 08:00,Peak,Summer,1.6666666666666667,3,1.1547005383792517,0.3
Nantes,métro,Low Stress,07:00 - 08:00,Peak,Winter,4.0,1,0.0,0.1
Nantes,métro,Low Stress,08:00 - 09:00,Peak,Autumn,3.0,2,1.4142135623730951,0.2
Nantes,métro,Low Stress,08:00 - 09:00,Peak,Spring,2.0,2,0.0,0.2
Nantes,métro,Low Stress,08:00 - 09:00,Peak,Summer,2.0,4,0.816496580927726,0.4
Nantes,métro,Low Stress,08:00 - 09:00,Peak,Winter,2.0,1,0.0,0.1
Nantes,métro,Low Stress,09:00 - 10:00,Peak,Summer,2.5,4,0.5773502691896257,0.4
Nantes,métro,Low Stress,09:00 - 10:00,Peak,Winter,2.0,2,1.4142135623730951,0.2
Nantes,métro,Low Stress,10:00 - 11:00,Off-Peak,Autumn,4.5,2,0.7071067811865476,0.2
Nantes,métro,Low Stress,10:00 - 11:00,Off-Peak,Spring,2.0,1,0.0,0.1
Nantes,métro,Low Stress,10:00 - 11:00,Off-Peak,Summer,1.3333333333333333,3,0.5773502691896257,0.3
Nantes,métro,Low Stress,10:00 - 11:00,Off-Peak,Winter,2.0,5,0.7071067811865476,0.5
Nantes,métro,Low Stress,11:00 - 12:00,Off-Peak,Autumn,2.3333333333333335,6,0.816496580927726,0.6
Nantes,métro,Low Stress,11:00 - 12:00,Off-Peak,Spring,1.8,5,0.4472135954999579,0.5
Nantes,métro,Low Stress,11:00 - 12:00,Off-Peak,Summer,2.25,4,1.5,0.4
Nantes,métro,Low Stress,11:00 - 12:00,Off-Peak,Winter,2.0,2,1.4142135623730951,0.2
Nantes,métro,Low Stress,12:00 - 13:00,Off-Peak,Spring,3.5,2,0.7071067811865476,0.2
Nantes,métro,Low Stress,12:00 - 13:00,Off-Peak,Summer,3.5,2,0.7071067811865476,0.2
Nantes,métro,Low Stress,12:00 - 13:00,Off-Peak,Winter,2.0,2,0.0,0.2
Nantes,métro,Low Stress,13:00 - 14:00,Off-Peak,Autumn,2.0,2,1.4142135623730951,0.2
Nantes,métro,Low Stress,13:00 - 14:00,Off-Peak,Spring,2.3333333333333335,3,0.5773502691896258,0.3
Nantes,métro,Low Stress,13:00 - 14:00,Off-Peak,Summer,4.0,2,1.4142135623730951,0.2
Nantes,métro,Low Stress,14:00 - 15:00,Off-Peak,Autumn,3.0,4,0.816496580927726,0.4
Nantes,métro,Low Stress,14:00 - 15:00,Off-Peak,Spring,2.75,4,0.5,0.4
Nantes,métro,Low Stress,14:00 - 15:00,Off-Peak,Winter,2.0,1,0.0,0.1
Nantes,métro,Low Stress,15:00 - 16:00,Off-Peak,Autumn,3.0,3,1.0,0.3
Nantes,métro,Low Stress,15:00 - 16:00,Off-Peak,Spring,2.3333333333333335,6,1.2110601416389968,0.6
Nantes,métro,Low Stress,15:00 - 16:00,Off-Peak,Summer,2.5,2,0.7071067811865476,0.2
Nantes,métro,Low Stress,15:00 - 16:00,Off-Peak,Winter,2.5,2,0.7071067811865476,0.2
Nantes,métro,Low Stress,16:00 - 17:00,Off-Peak,Spring,2.0,3,0.0,0.3
Nantes,métro,Low Stress,16:00 - 17:00,Off-Peak,Summer,3.0,3,2.0,0.3
Nantes,métro,Low Stress,16:00 - 17:00,Off-Peak,Winter,3.0,3,0.0,0.3
Nantes,métro,Low Stress,17:00 - 18:00,Peak,Autumn,5.0,1,0.0,0.1
Nantes,métro,Low Stress,17:00 - 18:00,Peak,Spring,3.0,1,0.0,0.1
Nantes,métro,Low Stress,17:00 - 18:00,Peak,Summer,2.0,2,1.4142135623730951,0.2
Nantes,métro,Low Stress,17:00 - 18:00,Peak,Winter,1.5,2,0.7071067811865476,0.2
Nantes,métro,Low Stress,18:00 - 19:00,Peak,Spring,2.0,1,0.0,0.1
Nantes,métro,Low Stress,18:00 - 19:00,Peak,Summer,3.3333333333333335,3,1.1547005383792515,0.3
Nantes,métro,Low Stress,18:00 - 19:00,Peak,Winter,2.6666666666666665,3,0.5773502691896258,0.3
Nantes,métro,Low Stress,19:00 - 20:00,Peak,Autumn,3.0,5,1.224744871391589,0.5
Nantes,métro,Low Stress,19:00 - 20:00,Peak,Spring,2.0,2,1.4142135623730951,0.2
Nantes,métro,Low Stress,19:00 - 20:00,Peak,Winter,3.5,2,2.1213203435596424,0.2
Nantes,métro,Low Stress,20:00 - 21:00,Night,Autumn,3.0,2,1.4142135623730951,0.2
Nantes,métro,Low Stress,20:00 - 21:00,Night,Spring,2.0,1,0.0,0.1
Nantes,métro,Low Stress,20:00 - 21:00,Night,Summer,2.2,5,0.8366600265340756,0.5
Nantes,métro,Low Stress,20:00 - 21:00,Night,Winter,2.6666666666666665,3,1.1547005383792515,0.3
Nantes,métro,Low Stress,21:00 - 22:00,Night,Autumn,3.0,1,0.0,0.1
Nantes,métro,Low Stress,21:00 - 22:00,Night,Spring,2.0,1,0.0,0.1
Nantes,métro,Low Stress,21:00 - 22:00,Night,Summer,1.6666666666666667,3,0.5773502691896257,0.3
Nantes,métro,Low Stress,21:00 - 22:00,Night,Winter,1.5,2,0.7071067811865476,0.2
Nantes,métro,Low Stress,22:00 - 23:00,Night,Autumn,2.75,4,0.9574271077563381,0.4
Nantes,métro,Low Stress,22:00 - 23:00,Night,Spring,2.25,4,0.5,0.4
Nantes,métro,Low Stress,22:00 - 23:00,Night,Summer,3.3333333333333335,3,1.5275252316519465,0.3
Nantes,métro,Low Stress,22:00 - 23:00,Night,Winter,3.5,2,0.7071067811865476,0.2
Nantes,métro,Low Stress,23:00 - 24:00,Night,Autumn,3.0,1,0.0,0.1
Nantes,métro,Low Stress,23:00 - 24:00,Night,Spring,3.0,3,1.0,0.3
Nantes,métro,Low Stress,23:00 - 24:00,Night,Summer,3.0,1,0.0,0.1
Nantes,métro,Low Stress,23:00 - 24:00,Night,Winter,3.0,3,2.0,0.3
Nantes,tram,High Stress,00:00 - 01:00,Night,Spring,1.0,1,0.0,0.1
Nantes,tram,High Stress,01:00 - 02:00,Night,Winter,4.0,1,0.0,0.1
Nantes,tram,High Stress,03:00 - 04:00,Night,Autumn,3.0,2,1.4142135623730951,0.2
Nantes,tram,High Stress,04:00 - 05:00,Night,Winter,2.0,1,0.0,0.1
Nantes,tram,High Stress,05:00 - 06:00,Night,Autumn,1.0,1,0.0,0.1
Nantes,tram,High Stress,05:00 - 06:00,Night,Spring,3.0,1,0.0,0.1
Nantes,tram,High Stress,05:00 - 06:00,Night,Winter,2.0,1,0.0,0.1
Nantes,tram,High Stress,06:00 - 07:00,Night,Spring,2.0,1,0.0,0.1
Nantes,tram,High Stress,07:00 - 08:00,Peak,Autumn,2.0,2,0.0,0.2
Nantes,tram,High Stress,08:00 - 09:00,Peak,Summer,3.0,1,0.0,0.1
Nantes,tram,High Stress,09:00 - 10:00,Peak,Winter,3.0,1,0.0,0.1
Nantes,tram,High Stress,10:00 - 11:00,Off-Peak,Summer,3.0,3,1.7320508075688772,0.3
Nantes,tram,High Stress,12:00 - 13:00,Off-Peak,Spring,2.0,1,0.0,0.1
Nantes,tram,High Stress,12:00 - 13:00,Off-Peak,Summer,3.0,1,0.0,0.1
Nantes,tram,High Stress,12:00 - 13:00,Off-Peak,Winter,4.0,1,0.0,0.1
Nantes,tram,High Stress,13:00 - 14:00,Off-Peak,Autumn,3.0,1,0.0,0.1
Nantes,tram,High Stress,13:00 - 14:00,Off-Peak,Spring,2.0,1,0.0,0.1
Nantes,tram,High Stress,13:00 - 14:00,Off-Peak,Winter,2.0,2,0.0,0.2
Nantes,tram,High Stress,14:00 - 15:00,Off-Peak,Spring,3.0,1,0.0,0.1
Nantes,tram,High Stress,14:00 - 15:00,Off-Peak,Winter,2.0,1,0.0,0.1
Nantes,tram,High Stress,15:00 - 16:00,Off-Peak,Summer,2.0,1,0.0,0.1
Nantes,tram,High Stress,16:00 - 17:00,Off-Peak,Autumn,2.0,1,0.0,0.1
Nantes,tram,High Stress,16:00 - 17:00,Off-Peak,Winter,3.0,1,0.0,0.1
Nantes,tram,High Stress,17:00 - 18:00,Peak,Spring,3.0,1,0.0,0.1
Nantes,tram,High Stress,18:00 - 19:00,Peak,Spring,4.0,1,0.0,0.1
Nantes,tram,High Stress,18:00 - 19:00,Peak,Summer,2.0,1,0.0,0.1
Nantes,tram,High Stress,18:00 - 19:00,Peak,Winter,3.0,1,0.0,0.1
Nantes,tram,High Stress,19:00 - 20:00,Peak,Autumn,2.0,1,0.0,0.1
Nantes,tram,High Stress,19:00 - 20:00,Peak,Summer,2.5,2,0.7071067811865476,0.2
Nantes,tram,High Stress,21:00 - 22:00,Night,Spring,3.0,1,0.0,0.1
Nantes,tram,High Stress,21:00 - 22:00,Night,Summer,3.5,2,0.7071067811865476,0.2
Nantes,tram,High Stress,22:00 - 23:00,Night,Winter,1.0,1,0.0,0.1
Nantes,tram,Low Stress,00:00 - 01:00,Night,Autumn,2.5,2,0.7071067811865476,0.2
Nantes,tram,Low Stress,00:00 - 01:00,Night,Spring,3.0,1,0.0,0.1
Nantes,tram,Low Stress,00:00 - 01:00,Night,Winter,3.0,1,0.0,0.1
Nantes,tram,Low Stress,01:00 - 02:00,Night,Autumn,3.0,2,0.0,0.2
Nantes,tram,Low Stress,01:00 - 02:00,Night,Spring,5.0,1,0.0,0.1
Nantes,tram,Low Stress,01:00 - 02:00,Night,Summer,1.0,1,0.0,0.1
Nantes,tram,Low Stress,01:00 - 02:00,Night,Winter,1.75,4,0.9574271077563381,0.4
Nantes,tram,Low Stress,02:00 - 03:00,Night,Autumn,2.0,1,0.0,0.1
Nantes,tram,Low Stress,02:00 - 03:00,Night,Summer,3.0,4,0.816496580927726,0.4
Nantes,tram,Low Stress,03:00 - 04:00,Night,Autumn,3.0,3,2.0,0.3
Nantes,tram,Low Stress,03:00 - 04:00,Night,Spring,2.3333333333333335,3,0.5773502691896258,0.3
Nantes,tram,Low Stress,03:00 - 04:00,Night,Summer,3.0,1,0.0,0.1
Nantes,tram,Low Stress,03:00 - 04:00,Night,Winter,3.0,1,0.0,0.1
Nantes,tram,Low Stress,04:00 - 05:00,Night,Summer,2.5,2,0.7071067811865476,0.2
Nantes,tram,Low Stress,04:00 - 05:00,Night,Winter,2.0,1,0.0,0.1
Nantes,tram,Low Stress,05:00 - 06:00,Night,Autumn,4.0,1,0.0,0.1
Nantes,tram,Low Stress,05:00 - 06:00,Night,Summer,2.0,2,1.4142135623730951,0.2
Nantes,tram,Low Stress,05:00 - 06:00,Night,Winter,3.5,2,0.7071067811865476,0.2
Nantes,tram,Low Stress,06:00 - 07:00,Night,Autumn,3.0,1,0.0,0.1
Nantes,tram,Low Stress,06:00 - 07:00,Night,Spring,2.0,1,0.0,0.1
Nantes,tram,Low Stress,06:00 - 07:00,Night,Summer,3.0,2,1.4142135623730951,0.2
Nantes,tram,Low Stress,06:00 - 07:00,Night,Winter,2.5,2,0.7071067811865476,0.2
Nantes,tram,Low Stress,07:00 - 08:00,Peak,Autumn,2.5,2,2.1213203435596424,0.2
Nantes,tram,Low Stress,07:00 - 08:00,Peak,Spring,2.5,4,0.5773502691896257,0.4
Nantes,tram,Low Stress,07:00 - 08:00,Peak,Winter,2.6666666666666665,3,1.1547005383792515,0.3
Nantes,tram,Low Stress,08:00 - 09:00,Peak,Autumn,2.5,4,0.5773502691896257,0.4
Nantes,tram,Low Stress,08:00 - 09:00,Peak,Summer,3.0,1,0.0,0.1
Nantes,tram,Low Stress,08:00 - 09:00,Peak,Winter,2.0,1,0.0,0.1
Nantes,tram,Low Stress,09:00 - 10:00,Peak,Autumn,4.0,2,1.4142135623730951,0.2
Nantes,tram,Low Stress,09:00 - 10:00,Peak,Spring,4.0,1,0.0,0.1
Nantes,tram,Low Stress,09:00 - 10:00,Peak,Summer,2.6666666666666665,3,0.5773502691896258,0.3
Nantes,tram,Low Stress,09:00 - 10:00,Peak,Winter,3.0,1,0.0,0.1
Nantes,tram,Low Stress,10:00 - 11:00,Off-Peak,Autumn,1.0,1,0.0,0.1
Nantes,tram,Low Stress,10:00 - 11:00,Off-Peak,Spring,3.2,5,1.3038404810405297,0.5
Nantes,tram,Low Stress,10:00 - 11:00,Off-Peak,Winter,2.75,4,0.9574271077563381,0.4
Nantes,tram,Low Stress,11:00 - 12:00,Off-Peak,Autumn,3.0,1,0.0,0.1
Nantes,tram,Low Stress,11:00 - 12:00,Off-Peak,Spring,2.0,1,0.0,0.1
Nantes,tram,Low Stress,11:00 - 12:00,Off-Peak,Summer,1.0,1,0.0,0.1
Nantes,tram,Low Stress,12:00 - 13:00,Off-Peak,Autumn,2.5,2,0.7071067811865476,0.2
Nantes,tram,Low Stress,12:00 - 13:00,Off-Peak,Summer,3.0,1,0.0,0.1
Nantes,tram,Low Stress,12:00 - 13:00,Off-Peak,Winter,2.3333333333333335,3,0.5773502691896258,0.3
Nantes,tram,Low Stress,13:00 - 14:00,Off-Peak,Spring,3.0,2,0.0,0.2
Nantes,tram,Low Stress,13:00 - 14:00,Off-Peak,Summer,2.3333333333333335,3,0.5773502691896258,0.3
Nantes,tram,Low Stress,13:00 - 14:00,Off-Peak,Winter,3.0,3,1.0,0.3
Nantes,tram,Low Stress,14:00 - 15:00,Off-Peak,Autumn,1.0,1,0.0,0.1
Nantes,tram,Low Stress,14:00 - 15:00,Off-Peak,Spring,2.0,1,0.0,0.1
Nantes,tram,Low Stress,14:00 - 15:00,Off-Peak,Winter,1.5,2,0.7071067811865476,0.2
Nantes,tram,Low Stress,15:00 - 16:00,Off-Peak,Spring,2.0,1,0.0,0.1
Nantes,tram,Low Stress,15:00 - 16:00,Off-Peak,Summer,2.5,2,2.1213203435596424,0.2
Nantes,tram,Low Stress,15:00 - 16:00,Off-Peak,Winter,3.0,1,0.0,0.1
Nantes,tram,Low Stress,16:00 - 17:00,Off-Peak,Spring,3.0,1,0.0,0.1
Nantes,tram,Low Stress,16:00 - 17:00,Off-Peak,Summer,2.3333333333333335,3,0.5773502691896257,0.3
Nantes,tram,Low Stress,16:00 - 17:00,Off-Peak,Winter,2.0,1,0.0,0.1
Nantes,tram,Low Stress,17:00 - 18:00,Peak,Autumn,2.5,2,0.7071067811865476,0.2
Nantes,tram,Low Stress,17:00 - 18:00,Peak,Spring,3.0,1,0.0,0.1
Nantes,tram,Low Stress,17:00 - 18:00,Peak,Summer,2.0,1,0.0,0.1
Nantes,tram,Low Stress,17:00 - 18:00,Peak,Winter,1.6666666666666667,3,1.1547005383792517,0.3
Nantes,tram,Low Stress,18:00 - 19:00,Peak,Autumn,3.0,1,0.0,0.1
Nantes,tram,Low Stress,18:00 - 19:00,Peak,Spring,4.0,2,0.0,0.2
Nantes,tram,Low Stress,18:00 - 19:00,Peak,Summer,2.3333333333333335,3,1.1547005383792515,0.3
Nantes,tram,Low Stress,19:00 - 20:00,Peak,Autumn,2.5,2,2.1213203435596424,0.2
Nantes,tram,Low Stress,19:00 - 20:00,Peak,Spring,4.0,1,0.0,0.1
Nantes,tram,Low Stress,19:00 - 20:00,Peak,Summer,3.0,1,0.0,0.1
Nantes,tram,Low Stress,19:00 - 20:00,Peak,Winter,2.0,3,1.0,0.3
Nantes,tram,Low Stress,20:00 - 21:00,Night,Spring,1.0,1,0.0,0.1
Nantes,tram,Low Stress,20:00 - 21:00,Night,Summer,2.5,2,0.7071067811865476,0.2
Nantes,tram,Low Stress,20:00 - 21:00,Night,Winter,1.5,2,0.7071067811865476,0.2
Nantes,tram,Low Stress,21:00 - 22:00,Night,Autumn,4.0,1,0.0,0.1
Nantes,tram,Low Stress,21:00 - 22:00,Night,Spring,1.0,1,0.0,0.1
Nantes,tram,Low Stress,21:00 - 22:00,Night,Summer,4.0,1,0.0,0.1
Nantes,tram,Low Stress,22:00 - 23:00,Night,Spring,2.0,1,0.0,0.1
Nantes,tram,Low Stress,22:00 - 23:00,Night,Winter,3.6666666666666665,3,0.5773502691896258,0.3
Nantes,tram,Low Stress,23:00 - 24:00,Night,Spring,3.0,1,0.0,0.1
Nantes,tram,Low Stress,23:00 - 24:00,Night,Summer,3.0,2,0.0,0.2
Nantes,tram,Low Stress,23:00 - 24:00,Night,Winter,1.5,2,0.7071067811865476,0.2
Nantes,voiture,High Stress,00:00 - 01:00,Night,Spring,3.0,1,0.0,0.1
Nantes,voiture,High Stress,00:00 - 01:00,Night,Winter,2.0,1,0.0,0.1
Nantes,voiture,High Stress,01:00 - 02:00,Night,Winter,2.0,1,0.0,0.1
Nantes,voiture,High Stress,02:00 - 03:00,Night,Winter,2.0,1,0.0,0.1
Nantes,voiture,High Stress,03:00 - 04:00,Night,Autumn,4.0,1,0.0,0.1
Nantes,voiture,High Stress,03:00 - 04:00,Night,Spring,2.0,1,0.0,0.1
Nantes,voiture,High Stress,03:00 - 04:00,Night,Winter,4.0,1,0.0,0.1
Nantes,voiture,High Stress,04:00 - 05:00,Night,Autumn,3.0,1,0.0,0.1
Nantes,voiture,High Stress,04:00 - 05:00,Night,Spring,3.0,1,0.0,0.1
Nantes,voiture,High Stress,06:00 - 07:00,Night,Spring,3.0,1,0.0,0.1
Nantes,voiture,High Stress,06:00 - 07:00,Night,Summer,1.5,2,0.7071067811865476,0.2
Nantes,voiture,High Stress,06:00 - 07:00,Night,Winter,3.0,1,0.0,0.1
Nantes,voiture,High Stress,07:00 - 08:00,Peak,Spring,2.0,1,0.0,0.1
Nantes,voiture,High Stress,07:00 - 08:00,Peak,Winter,2.0,1,0.0,0.1
Nantes,voiture,High Stress,09:00 - 10:00,Peak,Autumn,2.0,1,0.0,0.1
Nantes,voiture,High Stress,09:00 - 10:00,Peak,Spring,1.0,1,0.0,0.1
Nantes,voiture,High Stress,09:00 - 10:00,Peak,Summer,3.0,2,1.4142135623730951,0.2
Nantes,voiture,High Stress,10:00 - 11:00,Off-Peak,Winter,2.0,1,0.0,0.1
Nantes,voiture,High Stress,11:00 - 12:00,Off-Peak,Winter,3.0,1,0.0,0.1
Nantes,voiture,High Stress,13:00 - 14:00,Off-Peak,Summer,3.0,1,0.0,0.1
Nantes,voiture,High Stress,14:00 - 15:00,Off-Peak,Spring,3.0,1,0.0,0.1
Nantes,voiture,High Stress,14:00 - 15:00,Off-Peak,Summer,1.0,1,0.0,0.1
Nantes,voiture,High Stress,15:00 - 16:00,Off-Peak,Spring,3.0,1,0.0,0.1
Nantes,voiture,High Stress,15:00 - 16:00,Off-Peak,Summer,2.5,2,0.7071067811865476,0.2
Nantes,voiture,High Stress,17:00 - 18:00,Peak,Summer,2.0,1,0.0,0.1
Nantes,voiture,High Stress,18:00 - 19:00,Peak,Summer,1.5,2,0.7071067811865476,0.2
Nantes,voiture,High Stress,19:00 - 20:00,Peak,Autumn,2.3333333333333335,3,1.5275252316519465,0.3
Nantes,voiture,High Stress,20:00 - 21:00,Night,Spring,1.0,1,0.0,0.1
Nantes,voiture,High Stress,21:00 - 22:00,Night,Spring,2.0,1,0.0,0.1
Nantes,voiture,High Stress,21:00 - 22:00,Night,Winter,1.0,1,0.0,0.1
Nantes,voiture,High Stress,22:00 - 23:00,Night,Spring,2.0,1,0.0,0.1
Nantes,voiture,High Stress,22:00 - 23:00,Night,Summer,4.0,1,0.0,0.1
Nantes,voiture,High Stress,23:00 - 24:00,Night,Summer,1.0,1,0.0,0.1
Nantes,voiture,Low Stress,00:00 - 01:00,Night,Autumn,3.0,1,0.0,0.1
Nantes,voiture,Low Stress,00:00 - 01:00,Night,Spring,1.5,2,0.7071067811865476,0.2
Nantes,voiture,Low Stress,00:00 - 01:00,Night,Summer,2.3333333333333335,3,1.5275252316519465,0.3
Nantes,voiture,Low Stress,00:00 - 01:00,Night,Winter,2.0,3,1.0,0.3
Nantes,voiture,Low Stress,01:00 - 02:00,Night,Autumn,2.0,1,0.0,0.1
Nantes,voiture,Low Stress,01:00 - 02:00,Night,Spring,3.0,1,0.0,0.1
Nantes,voiture,Low Stress,01:00 - 02:00,Night,Winter,2.3333333333333335,3,0.5773502691896258,0.3
Nantes,voiture,Low Stress,02:00 - 03:00,Night,Autumn,2.0,2,0.0,0.2
Nantes,voiture,Low Stress,02:00 - 03:00,Night,Spring,2.3333333333333335,3,0.5773502691896258,0.3
Nantes,voiture,Low Stress,02:00 - 03:00,Night,Summer,2.0,1,0.0,0.1
Nantes,voiture,Low Stress,03:00 - 04:00,Night,Autumn,3.0,2,1.4142135623730951,0.2
Nantes,voiture,Low Stress,03:00 - 04:00,Night,Spring,2.0,1,0.0,0.1
Nantes,voiture,Low Stress,03:00 - 04:00,Night,Summer,3.0,1,0.0,0.1
Nantes,voiture,Low Stress,03:00 - 04:00,Night,Winter,2.0,3,1.0,0.3
Nantes,voiture,Low Stress,04:00 - 05:00,Night,Autumn,2.0,3,1.0,0.3
Nantes,voiture,Low Stress,04:00 - 05:00,Night,Spring,3.6666666666666665,3,0.5773502691896257,0.3
Nantes,voiture,Low Stress,04:00 - 05:00,Night,Summer,3.2857142857142856,7,0.7559289460184545,0.7
Nantes,voiture,Low Stress,04:00 - 05:00,Night,Winter,3.5,2,0.7071067811865476,0.2
Nantes,voiture,Low Stress,05:00 - 06:00,Night,Autumn,2.0,1,0.0,0.1
Nantes,voiture,Low Stress,05:00 - 06:00,Night,Spring,2.0,5,0.7071067811865476,0.5
Nantes,voiture,Low Stress,05:00 - 06:00,Night,Summer,3.0,2,0.0,0.2
Nantes,voiture,Low Stress,05:00 - 06:00,Night,Winter,3.3333333333333335,3,0.5773502691896258,0.3
Nantes,voiture,Low Stress,06:00 - 07:00,Night,Autumn,3.5,4,1.0,0.4
Nantes,voiture,Low Stress,06:00 - 07:00,Night,Spring,4.0,1,0.0,0.1
Nantes,voiture,Low Stress,06:00 - 07:00,Night,Summer,3.0,2,1.4142135623730951,0.2
Nantes,voiture,Low Stress,06:00 - 07:00,Night,Winter,3.5,2,0.7071067811865476,0.2
Nantes,voiture,Low Stress,07:00 - 08:00,Peak,Spring,2.25,4,0.9574271077563381,0.4
Nantes,voiture,Low Stress,07:00 - 08:00,Peak,Summer,2.0,3,1.0,0.3
Nantes,voiture,Low Stress,07:00 - 08:00,Peak,Winter,4.0,1,0.0,0.1
Nantes,voiture,Low Stress,08:00 - 09:00,Peak,Autumn,2.4,5,0.8944271909999159,0.5
Nantes,voiture,Low Stress,08:00 - 09:00,Peak,Spring,4.5,2,0.7071067811865476,0.2
Nantes,voiture,Low Stress,08:00 - 09:00,Peak,Summer,2.0,2,0.0,0.2
Nantes,voiture,Low Stress,08:00 - 09:00,Peak,Winter,2.5,4,1.2909944487358056,0.4
Nantes,voiture,Low Stress,09:00 - 10:00,Peak,Autumn,2.5,4,1.0,0.4
Nantes,voiture,Low Stress,09:00 - 10:00,Peak,Summer,2.3333333333333335,3,0.5773502691896258,0.3
Nantes,voiture,Low Stress,09:00 - 10:00,Peak,Winter,3.0,3,0.0,0.3
Nantes,voiture,Low Stress,10:00 - 11:00,Off-Peak,Spring,3.0,2,1.4142135623730951,0.2
Nantes,voiture,Low Stress,11:00 - 12:00,Off-Peak,Autumn,3.2,5,1.0954451150103321,0.5
Nantes,voiture,Low Stress,11:00 - 12:00,Off-Peak,Spring,2.0,1,0.0,0.1
Nantes,voiture,Low Stress,11:00 - 12:00,Off-Peak,Winter,2.5,2,0.7071067811865476,0.2
Nantes,voiture,Low Stress,12:00 - 13:00,Off-Peak,Autumn,3.0,1,0.0,0.1
Nantes,voiture,Low Stress,12:00 - 13:00,Off-Peak,Spring,2.0,2,1.4142135623730951,0.2
Nantes,voiture,Low Stress,12:00 - 13:00,Off-Peak,Summer,1.0,1,0.0,0.1
Nantes,voiture,Low Stress,12:00 - 13:00,Off-Peak,Winter,4.5,2,0.7071067811865476,0.2
Nantes,voiture,Low Stress,13:00 - 14:00,Off-Peak,Autumn,3.0,1,0.0,0.1
Nantes,voiture,Low Stress,13:00 - 14:00,Off-Peak,Spring,2.5,2,0.7071067811865476,0.2
Nantes,voiture,Low Stress,13:00 - 14:00,Off-Peak,Summer,2.0,1,0.0,0.1
Nantes,voiture,Low Stress,13:00 - 14:00,Off-Peak,Winter,2.75,4,0.9574271077563381,0.4
Nantes,voiture,Low Stress,14:00 - 15:00,Off-Peak,Autumn,3.0,3,0.0,0.3
Nantes,voiture,Low Stress,14:00 - 15:00,Off-Peak,Spring,3.0,2,1.4142135623730951,0.2
Nantes,voiture,Low Stress,14:00 - 15:00,Off-Peak,Summer,1.5,4,0.5773502691896257,0.4
Nantes,voiture,Low Stress,15:00 - 16:00,Off-Peak,Spring,2.3333333333333335,3,0.5773502691896258,0.3
Nantes,voiture,Low Stress,15:00 - 16:00,Off-Peak,Winter,3.0,3,1.0,0.3
Nantes,voiture,Low Stress,16:00 - 17:00,Off-Peak,Autumn,2.0,1,0.0,0.1
Nantes,voiture,Low Stress,16:00 - 17:00,Off-Peak,Summer,1.0,1,0.0,0.1
Nantes,voiture,Low Stress,16:00 - 17:00,Off-Peak,Winter,,0,0.0,0.0
Nantes,voiture,Low Stress,17:00 - 18:00,Peak,Autumn,1.5,2,0.7071067811865476,0.2
Nantes,voiture,Low Stress,17:00 - 18:00,Peak,Spring,2.75,4,0.9574271077563381,0.4
Nantes,voiture,Low Stress,17:00 - 18:00,Peak,Summer,2.3333333333333335,3,0.5773502691896258,0.3
Nantes,voiture,Low Stress,17:00 - 18:00,Peak,Winter,2.3333333333333335,3,1.1547005383792517,0.3
Nantes,voiture,Low Stress,18:00 - 19:00,Peak,Autumn,2.6666666666666665,3,0.5773502691896257,0.3
Nantes,voiture,Low Stress,18:00 - 19:00,Peak,Spring,2.0,1,0.0,0.1
Nantes,voiture,Low Stress,18:00 - 19:00,Peak,Winter,2.0,1,0.0,0.1
Nantes,voiture,Low Stress,19:00 - 20:00,Peak,Autumn,1.0,1,0.0,0.1
Nantes,voiture,Low Stress,19:00 - 20:00,Peak,Spring,2.0,1,0.0,0.1
Nantes,voiture,Low Stress,19:00 - 20:00,Peak,Summer,2.0,1,0.0,0.1
Nantes,voiture,Low Stress,20:00 - 21:00,Night,Autumn,4.0,4,0.0,0.4
Nantes,voiture,Low Stress,20:00 - 21:00,Night,Spring,3.0,4,0.816496580927726,0.4
Nantes,voiture,Low Stress,20:00 - 21:00,Night,Summer,3.0,1,0.0,0.1
Nantes,voiture,Low Stress,20:00 - 21:00,Night,Winter,2.0,2,1.4142135623730951,0.2
Nantes,voiture,Low Stress,21:00 - 22:00,Night,Autumn,3.0,2,0.0,0.2
Nantes,voiture,Low Stress,21:00 - 22:00,Night,Spring,2.5,2,0.7071067811865476,0.2
Nantes,voiture,Low Stress,21:00 - 22:00,Night,Summer,2.6666666666666665,6,1.0327955589886444,0.6
Nantes,voiture,Low Stress,22:00 - 23:00,Night,Spring,4.0,1,0.0,0.1
Nantes,voiture,Low Stress,22:00 - 23:00,Night,Summer,2.6666666666666665,3,1.5275252316519468,0.3
Nantes,voiture,Low Stress,22:00 - 23:00,Night,Winter,3.0,5,1.224744871391589,0.5
Nantes,voiture,Low Stress,23:00 - 24:00,Night,Autumn,4.0,1,0.0,0.1
Nantes,voiture,Low Stress,23:00 - 24:00,Night,Spring,2.0,3,1.0,0.3
Nantes,voiture,Low Stress,23:00 - 24:00,Night,Winter,3.5,2,0.7071067811865476,0.2
Nantes,vélo,High Stress,00:00 - 01:00,Night,Summer,,0,0.0,0.0
Nantes,vélo,High Stress,02:00 - 03:00,Night,Summer,3.0,1,0.0,0.1
Nantes,vélo,High Stress,03:00 - 04:00,Night,Spring,3.0,2,0.0,0.2
Nantes,vélo,High Stress,03:00 - 04:00,Night,Summer,3.0,1,0.0,0.1
Nantes,vélo,High Stress,04:00 - 05:00,Night,Spring,2.0,2,0.0,0.2
Nantes,vélo,High Stress,05:00 - 06:00,Night,Spring,1.0,1,0.0,0.1
Nantes,vélo,High Stress,06:00 - 07:00,Night,Spring,2.0,1,0.0,0.1
Nantes,vélo,High Stress,06:00 - 07:00,Night,Winter,4.0,1,0.0,0.1
Nantes,vélo,High Stress,07:00 - 08:00,Peak,Autumn,2.0,1,0.0,0.1
Nantes,vélo,High Stress,10:00 - 11:00,Off-Peak,Autumn,3.0,1,0.0,0.1
Nantes,vélo,High Stress,13:00 - 14:00,Off-Peak,Autumn,1.0,1,0.0,0.1
Nantes,vélo,High Stress,13:00 - 14:00,Off-Peak,Spring,2.0,1,0.0,0.1
Nantes,vélo,High Stress,14:00 - 15:00,Off-Peak,Spring,3.0,1,0.0,0.1
Nantes,vélo,High Stress,14:00 - 15:00,Off-Peak,Winter,2.0,1,0.0,0.1
Nantes,vélo,High Stress,15:00 - 16:00,Off-Peak,Autumn,2.0,1,0.0,0.1
Nantes,vélo,High Stress,15:00 - 16:00,Off-Peak,Summer,2.0,2,1.4142135623730951,0.2
Nantes,vélo,High Stress,16:00 - 17:00,Off-Peak,Summer,2.0,1,0.0,0.1
Nantes,vélo,High Stress,16:00 - 17:00,Off-Peak,Winter,2.0,1,0.0,0.1
Nantes,vélo,High Stress,19:00 - 20:00,Peak,Autumn,2.0,1,0.0,0.1
Nantes,vélo,High Stress,20:00 - 21:00,Night,Spring,2.0,1,0.0,0.1
Nantes,vélo,High Stress,21:00 - 22:00,Night,Autumn,2.0,1,0.0,0.1
Nantes,vélo,Low Stress,00:00 - 01:00,Night,Autumn,2.0,2,0.0,0.2
Nantes,vélo,Low Stress,00:00 - 01:00,Night,Spring,3.0,3,1.7320508075688772,0.3
Nantes,vélo,Low Stress,01:00 - 02:00,Night,Spring,4.0,1,0.0,0.1
Nantes,vélo,Low Stress,01:00 - 02:00,Night,Summer,1.0,1,0.0,0.1
Nantes,vélo,Low Stress,01:00 - 02:00,Night,Winter,1.0,2,0.0,0.2
Nantes,vélo,Low Stress,02:00 - 03:00,Night,Summer,3.0,1,0.0,0.1
Nantes,vélo,Low Stress,02:00 - 03:00,Night,Winter,3.0,1,0.0,0.1
Nantes,vélo,Low Stress,03:00 - 04:00,Night,Autumn,2.25,4,0.9574271077563381,0.4
Nantes,vélo,Low Stress,04:00 - 05:00,Night,Autumn,3.0,1,0.0,0.1
Nantes,vélo,Low Stress,04:00 - 05:00,Night,Spring,1.5,2,0.7071067811865476,0.2
Nantes,vélo,Low Stress,04:00 - 05:00,Night,Summer,3.0,1,0.0,0.1
Nantes,vélo,Low Stress,04:00 - 05:00,Night,Winter,5.0,1,0.0,0.1
Nantes,vélo,Low Stress,05:00 - 06:00,Night,Autumn,3.0,1,0.0,0.1
Nantes,vélo,Low Stress,05:00 - 06:00,Night,Spring,2.0,2,1.4142135623730951,0.2
Nantes,vélo,Low Stress,05:00 - 06:00,Night,Summer,4.0,1,0.0,0.1
Nantes,vélo,Low Stress,06:00 - 07:00,Night,Autumn,2.0,1,0.0,0.1
Nantes,vélo,Low Stress,06:00 - 07:00,Night,Spring,2.5,2,2.1213203435596424,0.2
Nantes,vélo,Low Stress,06:00 - 07:00,Night,Summer,3.0,1,0.0,0.1
Nantes,vélo,Low Stress,06:00 - 07:00,Night,Winter,2.5,2,0.7071067811865476,0.2
Nantes,vélo,Low Stress,07:00 - 08:00,Peak,Autumn,2.0,1,0.0,0.1
Nantes,vélo,Low Stress,07:00 - 08:00,Peak,Summer,2.0,1,0.0,0.1
Nantes,vélo,Low Stress,07:00 - 08:00,Peak,Winter,3.0,3,0.0,0.3
Nantes,vélo,Low Stress,08:00 - 09:00,Peak,Spring,2.5,2,0.7071067811865476,0.2
Nantes,vélo,Low Stress,08:00 - 09:00,Peak,Winter,3.0,1,0.0,0.1
Nantes,vélo,Low Stress,09:00 - 10:00,Peak,Autumn,1.0,1,0.0,0.1
Nantes,vélo,Low Stress,09:00 - 10:00,Peak,Spring,2.3333333333333335,3,0.5773502691896258,0.3
Nantes,vélo,Low Stress,09:00 - 10:00,Peak,Summer,4.0,1,0.0,0.1
Nantes,vélo,Low Stress,09:00 - 10:00,Peak,Winter,3.5,2,2.1213203435596424,0.2
Nantes,vélo,Low Stress,10:00 - 11:00,Off-Peak,Autumn,2.75,4,1.5,0.4
Nantes,vélo,Low Stress,10:00 - 11:00,Off-Peak,Summer,1.0,1,0.0,0.1
Nantes,vélo,Low Stress,11:00 - 12:00,Off-Peak,Spring,3.0,2,0.0,0.2
Nantes,vélo,Low Stress,11:00 - 12:00,Off-Peak,Summer,,0,0.0,0.0
Nantes,vélo,Low Stress,11:00 - 12:00,Off-Peak,Winter,,0,0.0,0.0
Nantes,vélo,Low Stress,12:00 - 13:00,Off-Peak,Summer,3.5,2,0.7071067811865476,0.2
Nantes,vélo,Low Stress,13:00 - 14:00,Off-Peak,Spring,3.0,1,0.0,0.1
Nantes,vélo,Low Stress,13:00 - 14:00,Off-Peak,Summer,2.0,1,0.0,0.1
Nantes,vélo,Low Stress,13:00 - 14:00,Off-Peak,Winter,4.0,1,0.0,0.1
Nantes,vélo,Low Stress,14:00 - 15:00,Off-Peak,Autumn,3.0,1,0.0,0.1
Nantes,vélo,Low Stress,14:00 - 15:00,Off-Peak,Summer,1.0,1,0.0,0.1
Nantes,vélo,Low Stress,15:00 - 16:00,Off-Peak,Autumn,3.0,1,0.0,0.1
Nantes,vélo,Low Stress,15:00 - 16:00,Off-Peak,Spring,4.0,1,0.0,0.1
Nantes,vélo,Low Stress,15:00 - 16:00,Off-Peak,Summer,4.0,1,0.0,0.1
Nantes,vélo,Low Stress,16:00 - 17:00,Off-Peak,Autumn,4.0,1,0.0,0.1
Nantes,vélo,Low Stress,16:00 - 17:00,Off-Peak,Spring,3.0,1,0.0,0.1
Nantes,vélo,Low Stress,16:00 - 17:00,Off-Peak,Summer,3.0,2,0.0,0.2
Nantes,vélo,Low Stress,16:00 - 17:00,Off-Peak,Winter,3.0,3,1.0,0.3
Nantes,vélo,Low Stress,17:00 - 18:00,Peak,Autumn,2.0,1,0.0,0.1
Nantes,vélo,Low Stress,17:00 - 18:00,Peak,Summer,2.0,1,0.0,0.1
Nantes,vélo,Low Stress,17:00 - 18:00,Peak,Winter,2.0,2,0.0,0.2
Nantes,vélo,Low Stress,18:00 - 19:00,Peak,Autumn,3.0,2,0.0,0.2
Nantes,vélo,Low Stress,18:00 - 19:00,Peak,Spring,3.0,1,0.0,0.1
Nantes,vélo,Low Stress,18:00 - 19:00,Peak,Summer,2.0,1,0.0,0.1
Nantes,vélo,Low Stress,19:00 - 20:00,Peak,Autumn,3.0,1,0.0,0.1
Nantes,vélo,Low Stress,19:00 - 20:00,Peak,Spring,1.0,1,0.0,0.1
Nantes,vélo,Low Stress,19:00 - 20:00,Peak,Summer,2.0,1,0.0,0.1
Nantes,vélo,Low Stress,19:00 - 20:00,Peak,Winter,2.0,2,0.0,0.2
Nantes,vélo,Low Stress,20:00 - 21:00,Night,Autumn,1.0,1,0.0,0.1
Nantes,vélo,Low Stress,20:00 - 21:00,Night,Spring,3.0,2,0.0,0.2
Nantes,vélo,Low Stress,21:00 - 22:00,Night,Autumn,2.4,5,0.5477225575051662,0.5
Nantes,vélo,Low Stress,21:00 - 22:00,Night,Spring,2.0,1,0.0,0.1
Nantes,vélo,Low Stress,21:00 - 22:00,Night,Summer,4.0,1,0.0,0.1
Nantes,vélo,Low Stress,22:00 - 23:00,Night,Autumn,2.5,2,0.7071067811865476,0.2
Nantes,vélo,Low Stress,22:00 - 23:00,Night,Spring,3.5,2,0.7071067811865476,0.2
Nantes,vélo,Low Stress,22:00 - 23:00,Night,Summer,2.0,1,0.0,0.1
Nantes,vélo,Low Stress,22:00 - 23:00,Night,Winter,1.0,1,0.0,0.1
Nantes,vélo,Low Stress,23:00 - 24:00,Night,Summer,2.0,2,1.4142135623730951,0.2
Nantes,vélo,Low Stress,23:00 - 24:00,Night,Winter,3.5,2,0.7071067811865476,0.2
Paris,bus,High Stress,00:00 - 01:00,Night,Autumn,2.3333333333333335,3,0.5773502691896258,0.3
Paris,bus,High Stress,00:00 - 01:00,Night,Summer,3.5,2,0.7071067811865476,0.2
Paris,bus,High Stress,01:00 - 02:00,Night,Autumn,3.5,2,0.7071067811865476,0.2
Paris,bus,High Stress,01:00 - 02:00,Night,Spring,3.5,2,2.1213203435596424,0.2
Paris,bus,High Stress,01:00 - 02:00,Night,Summer,4.0,2,0.0,0.2
Paris,bus,High Stress,01:00 - 02:00,Night,Winter,5.0,1,0.0,0.1
Paris,bus,High Stress,02:00 - 03:00,Night,Autumn,1.0,1,0.0,0.1
Paris,bus,High Stress,02:00 - 03:00,Night,Spring,2.0,1,0.0,0.1
Paris,bus,High Stress,02:00 - 03:00,Night,Winter,1.0,1,0.0,0.1
Paris,bus,High Stress,03:00 - 04:00,Night,Autumn,2.5,2,0.7071067811865476,0.2
Paris,bus,High Stress,03:00 - 04:00,Night,Spring,2.0,1,0.0,0.1
Paris,bus,High Stress,03:00 - 04:00,Night,Summer,5.0,1,0.0,0.1
Paris,bus,High Stress,03:00 - 04:00,Night,Winter,2.0,1,0.0,0.1
Paris,bus,High Stress,04:00 - 05:00,Night,Autumn,2.0,1,0.0,0.1
Paris,bus,High Stress,04:00 - 05:00,Night,Spring,3.0,1,0.0,0.1
Paris,bus,High Stress,04:00 - 05:00,Night,Summer,2.5,2,0.7071067811865476,0.2
Paris,bus,High Stress,04:00 - 05:00,Night,Winter,1.0,1,0.0,0.1
Paris,bus,High Stress,05:00 - 06:00,Night,Autumn,2.0,1,0.0,0.1
Paris,bus,High Stress,05:00 - 06:00,Night,Spring,2.5,2,0.7071067811865476,0.2
Paris,bus,High Stress,05:00 - 06:00,Night,Summer,2.0,1,0.0,0.1
Paris,bus,High Stress,05:00 - 06:00,Night,Winter,2.4,5,0.8944271909999159,0.5
Paris,bus,High Stress,06:00 - 07:00,Night,Autumn,3.0,1,0.0,0.1
Paris,bus,High Stress,06:00 - 07:00,Night,Spring,2.3333333333333335,3,1.1547005383792517,0.3
Paris,bus,High Stress,06:00 - 07:00,Night,Summer,2.6666666666666665,3,1.5275252316519468,0.3
Paris,bus,High Stress,06:00 - 07:00,Night,Winter,2.0,2,0.0,0.2
Paris,bus,High Stress,07:00 - 08:00,Peak,Autumn,1.0,1,0.0,0.1
Paris,bus,High Stress,07:00 - 08:00,Peak,Spring,2.0,1,0.0,0.1
Paris,bus,High Stress,07:00 - 08:00,Peak,Summer,2.3333333333333335,3,1.5275252316519468,0.3
Paris,bus,High Stress,08:00 - 09:00,Peak,Autumn,2.6666666666666665,3,0.5773502691896258,0.3
Paris,bus,High Stress,08:00 - 09:00,Peak,Summer,3.0,1,0.0,0.1
Paris,bus,High Stress,08:00 - 09:00,Peak,Winter,3.0,2,0.0,0.2
Paris,bus,High Stress,09:00 - 10:00,Peak,Autumn,3.0,1,0.0,0.1
Paris,bus,High Stress,09:00 - 10:00,Peak,Spring,2.0,3,1.0,0.3
Paris,bus,High Stress,09:00 - 10:00,Peak,Summer,2.6666666666666665,3,0.5773502691896258,0.3
Paris,bus,High Stress,10:00 - 11:00,Off-Peak,Spring,3.3333333333333335,3,0.5773502691896257,0.3
Paris,bus,High Stress,10:00 - 11:00,Off-Peak,Summer,2.0,1,0.0,0.1
Paris,bus,High Stress,11:00 - 12:00,Off-Peak,Autumn,1.0,1,0.0,0.1
Paris,bus,High Stress,11:00 - 12:00,Off-Peak,Spring,1.0,1,0.0,0.1
Paris,bus,High Stress,11:00 - 12:00,Off-Peak,Summer,,0,0.0,0.0
Paris,bus,High Stress,11:00 - 12:00,Off-Peak,Winter,3.0,2,0.0,0.2
Paris,bus,High Stress,12:00 - 13:00,Off-Peak,Autumn,3.0,1,0.0,0.1
Paris,bus,High Stress,12:00 - 13:00,Off-Peak,Spring,1.0,2,0.0,0.2
Paris,bus,High Stress,12:00 - 13:00,Off-Peak,Summer,2.5,2,0.7071067811865476,0.2
Paris,bus,High Stress,12:00 - 13:00,Off-Peak,Winter,3.0,1,0.0,0.1
Paris,bus,High Stress,13:00 - 14:00,Off-Peak,Autumn,4.0,1,0.0,0.1
Paris,bus,High Stress,13:00 - 14:00,Off-Peak,Winter,4.0,1,0.0,0.1
Paris,bus,High Stress,14:00 - 15:00,Off-Peak,Autumn,3.0,2,0.0,0.2
Paris,bus,High Stress,14:00 - 15:00,Off-Peak,Spring,2.0,3,0.0,0.3
Paris,bus,High Stress,14:00 - 15:00,Off-Peak,Summer,3.5,2,0.7071067811865476,0.2
Paris,bus,High Stress,14:00 - 15:00,Off-Peak,Winter,3.0,3,1.0,0.3
Paris,bus,High Stress,15:00 - 16:00,Off-Peak,Spring,3.0,2,0.0,0.2
Paris,bus,High Stress,15:00 - 16:00,Off-Peak,Summer,3.0,1,0.0,0.1
Paris,bus,High Stress,15:00 - 16:00,Off-Peak,Winter,2.0,1,0.0,0.1
Paris,bus,High Stress,16:00 - 17:00,Off-Peak,Summer,2.25,4,0.49999999999999994,0.4
Paris,bus,High Stress,16:00 - 17:00,Off-Peak,Winter,1.5,2,0.7071067811865476,0.2
Paris,bus,High Stress,17:00 - 18:00,Peak,Autumn,3.0,1,0.0,0.1
Paris,bus,High Stress,17:00 - 18:00,Peak,Summer,3.0,1,0.0,0.1
Paris,bus,High Stress,17:00 - 18:00,Peak,Winter,3.0,1,0.0,0.1
Paris,bus,High Stress,18:00 - 19:00,Peak,Autumn,2.0,1,0.0,0.1
Paris,bus,High Stress,18:00 - 19:00,Peak,Spring,4.0,1,0.0,0.1
Paris,bus,High Stress,18:00 - 19:00,Peak,Summer,3.5,2,0.7071067811865476,0.2
Paris,bus,High Stress,19:00 - 20:00,Peak,Autumn,2.5,2,0.7071067811865476,0.2
Paris,bus,High Stress,19:00 - 20:00,Peak,Winter,3.0,1,0.0,0.1
Paris,bus,High Stress,20:00 - 21:00,Night,Autumn,2.0,2,1.4142135623730951,0.2
Paris,bus,High Stress,20:00 - 21:00,Night,Spring,1.5,2,0.7071067811865476,0.2
Paris,bus,High Stress,20:00 - 21:00,Night,Summer,2.0,1,0.0,0.1
Paris,bus,High Stress,21:00 - 22:00,Night,Autumn,2.3333333333333335,3,0.5773502691896258,0.3
Paris,bus,High Stress,21:00 - 22:00,Night,Spring,1.0,1,0.0,0.1
Paris,bus,High Stress,21:00 - 22:00,Night,Winter,3.0,1,0.0,0.1
Paris,bus,High Stress,22:00 - 23:00,Night,Spring,3.0,1,0.0,0.1
Paris,bus,High Stress,22:00 - 23:00,Night,Summer,2.0,1,0.0,0.1
Paris,bus,High Stress,22:00 - 23:00,Night,Winter,1.0,1,0.0,0.1
Paris,bus,High Stress,23:00 - 24:00,Night,Autumn,2.0,1,0.0,0.1
Paris,bus,High Stress,23:00 - 24:00,Night,Spring,2.5,2,0.7071067811865476,0.2
Paris,bus,High Stress,23:00 - 24:00,Night,Summer,5.0,1,0.0,0.1
Paris,bus,High Stress,23:00 - 24:00,Night,Winter,3.0,1,0.0,0.1
Paris,bus,Low Stress,00:00 - 01:00,Night,Autumn,3.0,8,0.7559289460184544,0.8
Paris,bus,Low Stress,00:00 - 01:00,Night,Spring,3.0,8,1.1952286093343936,0.8
Paris,bus,Low Stress,00:00 - 01:00,Night,Summer,2.75,4,1.5,0.4
Paris,bus,Low Stress,00:00 - 01:00,Night,Winter,2.5,6,0.8366600265340756,0.6
Paris,bus,Low Stress,01:00 - 02:00,Night,Autumn,3.6666666666666665,3,0.5773502691896257,0.3
Paris,bus,Low Stress,01:00 - 02:00,Night,Spring,2.625,8,0.9161253813129043,0.8
Paris,bus,Low Stress,01:00 - 02:00,Night,Summer,3.4,5,1.140175425099138,0.5
Paris,bus,Low Stress,01:00 - 02:00,Night,Winter,3.1666666666666665,6,0.752772652709081,0.6
Paris,bus,Low Stress,02:00 - 03:00,Night,Autumn,1.3333333333333333,3,0.5773502691896258,0.3
Paris,bus,Low Stress,02:00 - 03:00,Night,Spring,3.2,5,0.8366600265340756,0.5
Paris,bus,Low Stress,02:00 - 03:00,Night,Summer,2.2,5,0.447213595499958,0.5
Paris,bus,Low Stress,02:00 - 03:00,Night,Winter,2.6666666666666665,3,1.5275252316519465,0.3
Paris,bus,Low Stress,03:00 - 04:00,Night,Autumn,2.25,4,0.5,0.4
Paris,bus,Low Stress,03:00 - 04:00,Night,Spring,2.625,8,0.9161253813129043,0.8
Paris,bus,Low Stress,03:00 - 04:00,Night,Summer,2.857142857142857,7,0.6900655593423541,0.7
Paris,bus,Low Stress,03:00 - 04:00,Night,Winter,2.75,4,1.707825127659933,0.4
Paris,bus,Low Stress,04:00 - 05:00,Night,Autumn,2.2,5,0.8366600265340756,0.5
Paris,bus,Low Stress,04:00 - 05:00,Night,Spring,2.7,10,0.9486832980505139,1.0
Paris,bus,Low Stress,04:00 - 05:00,Night,Summer,2.4444444444444446,9,1.5898986690282426,0.9
Paris,bus,Low Stress,04:00 - 05:00,Night,Winter,2.5,6,1.0488088481701516,0.6
Paris,bus,Low Stress,05:00 - 06:00,Night,Autumn,2.5714285714285716,7,1.2724180205607034,0.7
Paris,bus,Low Stress,05:00 - 06:00,Night,Spring,2.8333333333333335,6,1.1690451944500122,0.6
Paris,bus,Low Stress,05:00 - 06:00,Night,Summer,2.5,6,1.0488088481701516,0.6
Paris,bus,Low Stress,05:00 - 06:00,Night,Winter,2.7142857142857144,14,1.1387288073563857,1.0
Paris,bus,Low Stress,06:00 - 07:00,Night,Autumn,2.75,12,0.9653072991634227,1.0
Paris,bus,Low Stress,06:00 - 07:00,Night,Spring,3.125,8,0.8345229603962802,0.8
Paris,bus,Low Stress,06:00 - 07:00,Night,Summer,3.3333333333333335,3,0.5773502691896258,0.3
Paris,bus,Low Stress,06:00 - 07:00,Night,Winter,1.5,2,0.7071067811865476,0.2
Paris,bus,Low Stress,07:00 - 08:00,Peak,Autumn,2.5,6,1.224744871391589,0.6
Paris,bus,Low Stress,07:00 - 08:00,Peak,Spring,2.4,5,0.5477225575051661,0.5
Paris,bus,Low Stress,07:00 - 08:00,Peak,Summer,3.2857142857142856,7,0.7559289460184544,0.7
Paris,bus,Low Stress,07:00 - 08:00,Peak,Winter,2.142857142857143,7,0.6900655593423543,0.7
Paris,bus,Low Stress,08:00 - 09:00,Peak,Autumn,2.5,4,1.2909944487358056,0.4
Paris,bus,Low Stress,08:00 - 09:00,Peak,Spring,2.375,8,0.9161253813129043,0.8
Paris,bus,Low Stress,08:00 - 09:00,Peak,Summer,3.75,4,0.49999999999999994,0.4
Paris,bus,Low Stress,08:00 - 09:00,Peak,Winter,3.2,5,1.3038404810405297,0.5
Paris,bus,Low Stress,09:00 - 10:00,Peak,Autumn,2.2,5,1.3038404810405297,0.5
Paris,bus,Low Stress,09:00 - 10:00,Peak,Spring,2.5714285714285716,7,1.1338934190276817,0.7
Paris,bus,Low Stress,09:00 - 10:00,Peak,Summer,2.0,3,1.0,0.3
Paris,bus,Low Stress,09:00 - 10:00,Peak,Winter,2.5,6,1.0488088481701516,0.6
Paris,bus,Low Stress,10:00 - 11:00,Off-Peak,Autumn,2.75,4,0.5,0.4
Paris,bus,Low Stress,10:00 - 11:00,Off-Peak,Spring,3.0,3,0.0,0.3
Paris,bus,Low Stress,10:00 - 11:00,Off-Peak,Summer,2.2857142857142856,7,0.7559289460184544,0.7
Paris,bus,Low Stress,10:00 - 11:00,Off-Peak,Winter,2.142857142857143,7,1.0690449676496976,0.7
Paris,bus,Low Stress,11:00 - 12:00,Off-Peak,Autumn,2.5,8,0.9258200997725514,0.8
Paris,bus,Low Stress,11:00 - 12:00,Off-Peak,Spring,2.2,5,0.8366600265340756,0.5
Paris,bus,Low Stress,11:00 - 12:00,Off-Peak,Summer,2.6,5,0.5477225575051661,0.5
Paris,bus,Low Stress,11:00 - 12:00,Off-Peak,Winter,3.0,1,0.0,0.1
Paris,bus,Low Stress,12:00 - 13:00,Off-Peak,Autumn,2.6,5,1.51657508881031,0.5
Paris,bus,Low Stress,12:00 - 13:00,Off-Peak,Spring,3.1666666666666665,6,0.9831920802501751,0.6
Paris,bus,Low Stress,12:00 - 13:00,Off-Peak,Summer,3.5,6,1.0488088481701516,0.6
Paris,bus,Low Stress,12:00 - 13:00,Off-Peak,Winter,2.5,2,0.7071067811865476,0.2
Paris,bus,Low Stress,13:00 - 14:00,Off-Peak,Autumn,2.4,5,1.3416407864998738,0.5
Paris,bus,Low Stress,13:00 - 14:00,Off-Peak,Spring,3.0,7,1.4142135623730951,0.7
Paris,bus,Low Stress,13:00 - 14:00,Off-Peak,Summer,3.4285714285714284,7,0.5345224838248488,0.7
Paris,bus,Low Stress,13:00 - 14:00,Off-Peak,Winter,3.0,7,0.0,0.7
Paris,bus,Low Stress,14:00 - 15:00,Off-Peak,Autumn,3.0,5,1.224744871391589,0.5
Paris,bus,Low Stress,14:00 - 15:00,Off-Peak,Spring,3.0,1,0.0,0.1
Paris,bus,Low Stress,14:00 - 15:00,Off-Peak,Summer,3.75,4,0.9574271077563381,0.4
Paris,bus,Low Stress,14:00 - 15:00,Off-Peak,Winter,2.0,3,1.0,0.3
Paris,bus,Low Stress,15:00 - 16:00,Off-Peak,Autumn,3.0,4,0.816496580927726,0.4
Paris,bus,Low Stress,15:00 - 16:00,Off-Peak,Spring,2.75,4,0.9574271077563381,0.4
Paris,bus,Low Stress,15:00 - 16:00,Off-Peak,Summer,3.0,3,1.0,0.3
Paris,bus,Low Stress,15:00 - 16:00,Off-Peak,Winter,2.0,4,0.0,0.4
Paris,bus,Low Stress,16:00 - 17:00,Off-Peak,Autumn,4.25,4,0.4999999999999999,0.4
Paris,bus,Low Stress,16:00 - 17:00,Off-Peak,Spring,2.5,2,0.7071067811865476,0.2
Paris,bus,Low Stress,16:00 - 17:00,Off-Peak,Summer,3.0,2,0.0,0.2
Paris,bus,Low Stress,16:00 - 17:00,Off-Peak,Winter,2.5,6,0.8366600265340756,0.6
Paris,bus,Low Stress,17:00 - 18:00,Peak,Autumn,2.888888888888889,9,1.0540925533894598,0.9
Paris,bus,Low Stress,17:00 - 18:00,Peak,Spring,4.0,1,0.0,0.1
Paris,bus,Low Stress,17:00 - 18:00,Peak,Summer,3.0,3,0.0,0.3
Paris,bus,Low Stress,17:00 - 18:00,Peak,Winter,1.625,8,0.7440238091428449,0.8
Paris,bus,Low Stress,18:00 - 19:00,Peak,Autumn,2.3333333333333335,6,1.0327955589886444,0.6
Paris,bus,Low Stress,18:00 - 19:00,Peak,Spring,3.0,2,0.0,0.2
Paris,bus,Low Stress,18:00 - 19:00,Peak,Summer,2.5714285714285716,7,0.9759000729485331,0.7
Paris,bus,Low Stress,18:00 - 19:00,Peak,Winter,3.142857142857143,7,1.0690449676496976,0.7
Paris,bus,Low Stress,19:00 - 20:00,Peak,Autumn,2.6666666666666665,9,1.2247448713915892,0.9
Paris,bus,Low Stress,19:00 - 20:00,Peak,Spring,3.0,7,0.5773502691896258,0.7
Paris,bus,Low Stress,19:00 - 20:00,Peak,Summer,2.0,1,0.0,0.1
Paris,bus,Low Stress,19:00 - 20:00,Peak,Winter,2.75,4,0.9574271077563381,0.4
Paris,bus,Low Stress,20:00 - 21:00,Night,Autumn,2.5,4,1.0,0.4
Paris,bus,Low Stress,20:00 - 21:00,Night,Spring,3.3333333333333335,6,1.2110601416389966,0.6
Paris,bus,Low Stress,20:00 - 21:00,Night,Summer,2.5,2,2.1213203435596424,0.2
Paris,bus,Low Stress,20:00 - 21:00,Night,Winter,1.8888888888888888,9,0.927960727138337,0.9
Paris,bus,Low Stress,21:00 - 22:00,Night,Autumn,3.0,9,1.118033988749895,0.9
Paris,bus,Low Stress,21:00 - 22:00,Night,Spring,2.2,5,0.4472135954999579,0.5
Paris,bus,Low Stress,21:00 - 22:00,Night,Summer,2.0,3,0.0,0.3
Paris,bus,Low Stress,21:00 - 22:00,Night,Winter,2.5,8,0.5345224838248488,0.8
Paris,bus,Low Stress,22:00 - 23:00,Night,Autumn,2.25,4,1.5,0.4
Paris,bus,Low Stress,22:00 - 23:00,Night,Spring,3.5,2,0.7071067811865476,0.2
Paris,bus,Low Stress,22:00 - 23:00,Night,Summer,3.0,1,0.0,0.1
Paris,bus,Low Stress,22:00 - 23:00,Night,Winter,2.1666666666666665,6,0.752772652709081,0.6
Paris,bus,Low Stress,23:00 - 24:00,Night,Autumn,2.25,4,0.9574271077563381,0.4
Paris,bus,Low Stress,23:00 - 24:00,Night,Spring,2.8,5,0.8366600265340756,0.5
Paris,bus,Low Stress,23:00 - 24:00,Night,Summer,2.4,5,0.8944271909999159,0.5
Paris,bus,Low Stress,23:00 - 24:00,Night,Winter,1.75,4,0.9574271077563382,0.4
Paris,métro,High Stress,00:00 - 01:00,Night,Autumn,3.0,1,0.0,0.1
Paris,métro,High Stress,00:00 - 01:00,Night,Spring,3.5,2,0.7071067811865476,0.2
Paris,métro,High Stress,00:00 - 01:00,Night,Winter,1.5,2,0.7071067811865476,0.2
Paris,métro,High Stress,01:00 - 02:00,Night,Autumn,2.5,2,0.7071067811865476,0.2
Paris,métro,High Stress,01:00 - 02:00,Night,Summer,1.0,1,0.0,0.1
Paris,métro,High Stress,01:00 - 02:00,Night,Winter,2.3333333333333335,3,0.5773502691896257,0.3
Paris,métro,High Stress,02:00 - 03:00,Night,Autumn,3.0,2,1.4142135623730951,0.2
Paris,métro,High Stress,02:00 - 03:00,Night,Spring,1.0,1,0.0,0.1
Paris,métro,High Stress,02:00 - 03:00,Night,Summer,2.5,2,0.7071067811865476,0.2
Paris,métro,High Stress,02:00 - 03:00,Night,Winter,3.0,1,0.0,0.1
Paris,métro,High Stress,03:00 - 04:00,Night,Autumn,2.3333333333333335,3,0.5773502691896258,0.3
Paris,métro,High Stress,03:00 - 04:00,Night,Summer,2.5,2,0.7071067811865476,0.2
Paris,métro,High Stress,04:00 - 05:00,Night,Autumn,3.5,2,0.7071067811865476,0.2
Paris,métro,High Stress,04:00 - 05:00,Night,Summer,3.0,4,0.816496580927726,0.4
Paris,métro,High Stress,05:00 - 06:00,Night,Autumn,3.0,1,0.0,0.1
Paris,métro,High Stress,05:00 - 06:00,Night,Spring,2.5,4,1.2909944487358056,0.4
Paris,métro,High Stress,05:00 - 06:00,Night,Winter,2.5,2,0.7071067811865476,0.2
Paris,métro,High Stress,06:00 - 07:00,Night,Spring,3.0,1,0.0,0.1
Paris,métro,High Stress,06:00 - 07:00,Night,Summer,2.0,1,0.0,0.1
Paris,métro,High Stress,06:00 - 07:00,Night,Winter,2.0,3,1.0,0.3
Paris,métro,High Stress,07:00 - 08:00,Peak,Autumn,2.3333333333333335,3,0.5773502691896257,0.3
Paris,métro,High Stress,07:00 - 08:00,Peak,Summer,3.0,2,0.0,0.2
Paris,métro,High Stress,08:00 - 09:00,Peak,Autumn,2.0,1,0.0,0.1
Paris,métro,High Stress,08:00 - 09:00,Peak,Spring,2.25,4,1.2583057392117916,0.4
Paris,métro,High Stress,08:00 - 09:00,Peak,Summer,2.0,1,0.0,0.1
Paris,métro,High Stress,08:00 - 09:00,Peak,Winter,2.0,2,0.0,0.2
Paris,métro,High Stress,09:00 - 10:00,Peak,Autumn,3.0,1,0.0,0.1
Paris,métro,High Stress,09:00 - 10:00,Peak,Summer,2.0,1,0.0,0.1
Paris,métro,High Stress,10:00 - 11:00,Off-Peak,Autumn,2.0,1,0.0,0.1
Paris,métro,High Stress,10:00 - 11:00,Off-Peak,Spring,3.0,2,1.4142135623730951,0.2
Paris,métro,High Stress,10:00 - 11:00,Off-Peak,Summer,2.5,2,0.7071067811865476,0.2
Paris,métro,High Stress,10:00 - 11:00,Off-Peak,Winter,4.0,1,0.0,0.1
Paris,métro,High Stress,11:00 - 12:00,Off-Peak,Autumn,3.0,1,0.0,0.1
Paris,métro,High Stress,11:00 - 12:00,Off-Peak,Spring,3.0,1,0.0,0.1
Paris,métro,High Stress,11:00 - 12:00,Off-Peak,Winter,2.0,3,0.0,0.3
Paris,métro,High Stress,12:00 - 13:00,Off-Peak,Spring,4.0,1,0.0,0.1
Paris,métro,High Stress,12:00 - 13:00,Off-Peak,Winter,1.5,2,0.7071067811865476,0.2
Paris,métro,High Stress,13:00 - 14:00,Off-Peak,Autumn,2.5,2,0.7071067811865476,0.2
Paris,métro,High Stress,13:00 - 14:00,Off-Peak,Spring,2.0,1,0.0,0.1
Paris,métro,High Stress,14:00 - 15:00,Off-Peak,Autumn,1.0,1,0.0,0.1
Paris,métro,High Stress,14:00 - 15:00,Off-Peak,Spring,2.6666666666666665,3,0.5773502691896257,0.3
Paris,métro,High Stress,14:00 - 15:00,Off-Peak,Winter,5.0,1,0.0,0.1
Paris,métro,High Stress,15:00 - 16:00,Off-Peak,Spring,3.5,4,0.5773502691896257,0.4
Paris,métro,High Stress,15:00 - 16:00,Off-Peak,Summer,2.0,1,0.0,0.1
Paris,métro,High Stress,15:00 - 16:00,Off-Peak,Winter,3.5,2,0.7071067811865476,0.2
Paris,métro,High Stress,16:00 - 17:00,Off-Peak,Autumn,3.0,2,1.4142135623730951,0.2
Paris,métro,High Stress,16:00 - 17:00,Off-Peak,Spring,3.0,1,0.0,0.1
Paris,métro,High Stress,16:00 - 17:00,Off-Peak,Summer,3.0,1,0.0,0.1
Paris,métro,High Stress,17:00 - 18:00,Peak,Autumn,2.0,1,0.0,0.1
Paris,métro,High Stress,17:00 - 18:00,Peak,Summer,2.3333333333333335,3,1.1547005383792517,0.3
Paris,métro,High Stress,17:00 - 18:00,Peak,Winter,2.0,1,0.0,0.1
Paris,métro,High Stress,18:00 - 19:00,Peak,Autumn,2.5,2,2.1213203435596424,0.2
Paris,métro,High Stress,18:00 - 19:00,Peak,Spring,3.0,2,1.4142135623730951,0.2
Paris,métro,High Stress,18:00 - 19:00,Peak,Summer,2.0,1,0.0,0.1
Paris,métro,High Stress,18:00 - 19:00,Peak,Winter,1.0,1,0.0,0.1
Paris,métro,High Stress,19:00 - 20:00,Peak,Autumn,1.0,1,0.0,0.1
Paris,métro,High Stress,19:00 - 20:00,Peak,Spring,2.6666666666666665,3,0.5773502691896258,0.3
Paris,métro,High Stress,19:00 - 20:00,Peak,Winter,3.0,3,1.7320508075688772,0.3
Paris,métro,High Stress,20:00 - 21:00,Night,Autumn,1.5,2,0.7071067811865476,0.2
Paris,métro,High Stress,20:00 - 21:00,Night,Spring,2.5,2,0.7071067811865476,0.2
Paris,métro,High Stress,20:00 - 21:00,Night,Summer,3.0,1,0.0,0.1
Paris,métro,High Stress,20:00 - 21:00,Night,Winter,3.0,1,0.0,0.1
Paris,métro,High Stress,21:00 - 22:00,Night,Spring,1.0,1,0.0,0.1
Paris,métro,High Stress,21:00 - 22:00,Night,Summer,2.0,2,0.0,0.2
Paris,métro,High Stress,21:00 - 22:00,Night,Winter,2.0,1,0.0,0.1
Paris,métro,High Stress,22:00 - 23:00,Night,Summer,2.0,2,0.0,0.2
Paris,métro,High Stress,23:00 - 24:00,Night,Autumn,3.0,3,1.0,0.3
Paris,métro,High Stress,23:00 - 24:00,Night,Spring,1.6666666666666667,3,0.5773502691896257,0.3
Paris,métro,Low Stress,00:00 - 01:00,Night,Autumn,2.75,4,0.9574271077563381,0.4
Paris,métro,Low Stress,00:00 - 01:00,Night,Spring,2.0,5,1.0,0.5
Paris,métro,Low Stress,00:00 - 01:00,Night,Summer,2.6666666666666665,6,0.5163977794943222,0.6
Paris,métro,Low Stress,00:00 - 01:00,Night,Winter,3.25,4,0.5,0.4
Paris,métro,Low Stress,01:00 - 02:00,Night,Autumn,1.75,4,0.5,0.4
Paris,métro,Low Stress,01:00 - 02:00,Night,Spring,2.6666666666666665,6,1.3662601021279464,0.6
Paris,métro,Low Stress,01:00 - 02:00,Night,Summer,3.0,4,1.1547005383792515,0.4
Paris,métro,Low Stress,01:00 - 02:00,Night,Winter,2.1666666666666665,6,0.752772652709081,0.6
Paris,métro,Low Stress,02:00 - 03:00,Night,Autumn,2.0,3,1.0,0.3
Paris,métro,Low Stress,02:00 - 03:00,Night,Spring,3.3333333333333335,3,1.1547005383792515,0.3
Paris,métro,Low Stress,02:00 - 03:00,Night,Summer,2.6666666666666665,3,1.1547005383792517,0.3
Paris,métro,Low Stress,02:00 - 03:00,Night,Winter,2.2,5,1.3038404810405297,0.5
Paris,métro,Low Stress,03:00 - 04:00,Night,Autumn,2.3333333333333335,3,0.5773502691896257,0.3
Paris,métro,Low Stress,03:00 - 04:00,Night,Spring,2.75,8,0.7071067811865475,0.8
Paris,métro,Low Stress,03:00 - 04:00,Night,Summer,3.111111111111111,9,1.0540925533894598,0.9
Paris,métro,Low Stress,03:00 - 04:00,Night,Winter,2.5,4,0.5773502691896257,0.4
Paris,métro,Low Stress,04:00 - 05:00,Night,Autumn,3.0,2,1.4142135623730951,0.2
Paris,métro,Low Stress,04:00 - 05:00,Night,Spring,2.5,6,0.8366600265340756,0.6
Paris,métro,Low Stress,04:00 - 05:00,Night,Summer,2.0,5,0.7071067811865476,0.5
Paris,métro,Low Stress,04:00 - 05:00,Night,Winter,2.25,4,0.9574271077563381,0.4
Paris,métro,Low Stress,05:00 - 06:00,Night,Autumn,2.0,5,0.7071067811865476,0.5
Paris,métro,Low Stress,05:00 - 06:00,Night,Spring,2.5,6,0.5477225575051662,0.6
Paris,métro,Low Stress,05:00 - 06:00,Night,Summer,1.75,4,1.5,0.4
Paris,métro,Low Stress,05:00 - 06:00,Night,Winter,2.6666666666666665,3,0.5773502691896258,0.3
Paris,métro,Low Stress,06:00 - 07:00,Night,Autumn,1.6666666666666667,3,1.1547005383792517,0.3
Paris,métro,Low Stress,06:00 - 07:00,Night,Spring,2.5,4,0.5773502691896257,0.4
Paris,métro,Low Stress,06:00 - 07:00,Night,Summer,3.4285714285714284,7,1.1338934190276817,0.7
Paris,métro,Low Stress,06:00 - 07:00,Night,Winter,2.5,8,1.1952286093343936,0.8
Paris,métro,Low Stress,07:00 - 08:00,Peak,Autumn,2.0,2,0.0,0.2
Paris,métro,Low Stress,07:00 - 08:00,Peak,Spring,2.9,10,1.1005049346146119,1.0
Paris,métro,Low Stress,07:00 - 08:00,Peak,Summer,2.6666666666666665,6,1.632993161855452,0.6
Paris,métro,Low Stress,07:00 - 08:00,Peak,Winter,2.75,4,0.5,0.4
Paris,métro,Low Stress,08:00 - 09:00,Peak,Autumn,2.6,5,1.1401754250991378,0.5
Paris,métro,Low Stress,08:00 - 09:00,Peak,Spring,2.5,2,0.7071067811865476,0.2
Paris,métro,Low Stress,08:00 - 09:00,Peak,Summer,2.4285714285714284,7,1.1338934190276817,0.7
Paris,métro,Low Stress,08:00 - 09:00,Peak,Winter,2.4,10,0.6992058987801011,1.0
Paris,métro,Low Stress,09:00 - 10:00,Peak,Autumn,3.2,5,0.8366600265340756,0.5
Paris,métro,Low Stress,09:00 - 10:00,Peak,Spring,3.5714285714285716,7,0.9759000729485332,0.7
Paris,métro,Low Stress,09:00 - 10:00,Peak,Summer,1.6666666666666667,3,0.5773502691896257,0.3
Paris,métro,Low Stress,09:00 - 10:00,Peak,Winter,1.6666666666666667,6,0.816496580927726,0.6
Paris,métro,Low Stress,10:00 - 11:00,Off-Peak,Autumn,2.25,4,0.49999999999999994,0.4
Paris,métro,Low Stress,10:00 - 11:00,Off-Peak,Spring,2.0,4,0.816496580927726,0.4
Paris,métro,Low Stress,10:00 - 11:00,Off-Peak,Summer,2.75,8,1.4880476182856899,0.8
Paris,métro,Low Stress,10:00 - 11:00,Off-Peak,Winter,3.0,4,0.816496580927726,0.4
Paris,métro,Low Stress,11:00 - 12:00,Off-Peak,Autumn,2.3333333333333335,6,1.2110601416389968,0.6
Paris,métro,Low Stress,11:00 - 12:00,Off-Peak,Spring,2.2857142857142856,7,0.7559289460184545,0.7
Paris,métro,Low Stress,11:00 - 12:00,Off-Peak,Summer,2.4,5,1.140175425099138,0.5
Paris,métro,Low Stress,11:00 - 12:00,Off-Peak,Winter,2.8,10,1.0327955589886444,1.0
Paris,métro,Low Stress,12:00 - 13:00,Off-Peak,Autumn,2.3333333333333335,3,0.5773502691896257,0.3
Paris,métro,Low Stress,12:00 - 13:00,Off-Peak,Spring,3.0,3,1.0,0.3
Paris,métro,Low Stress,12:00 - 13:00,Off-Peak,Summer,2.0,4,1.1547005383792515,0.4
Paris,métro,Low Stress,12:00 - 13:00,Off-Peak,Winter,2.25,4,0.5,0.4
Paris,métro,Low Stress,13:00 - 14:00,Off-Peak,Autumn,2.3333333333333335,6,1.0327955589886444,0.6
Paris,métro,Low Stress,13:00 - 14:00,Off-Peak,Spring,3.0,2,0.0,0.2
Paris,métro,Low Stress,13:00 - 14:00,Off-Peak,Summer,3.0,3,1.0,0.3
Paris,métro,Low Stress,13:00 - 14:00,Off-Peak,Winter,1.6666666666666667,3,1.1547005383792517,0.3
Paris,métro,Low Stress,14:00 - 15:00,Off-Peak,Autumn,1.5,2,0.7071067811865476,0.2
Paris,métro,Low Stress,14:00 - 15:00,Off-Peak,Spring,2.2857142857142856,7,1.1126972805283737,0.7
Paris,métro,Low Stress,14:00 - 15:00,Off-Peak,Summer,3.125,8,1.1259916264596033,0.8
Paris,métro,Low Stress,14:00 - 15:00,Off-Peak,Winter,3.1666666666666665,6,1.4719601443879746,0.6
Paris,métro,Low Stress,15:00 - 16:00,Off-Peak,Autumn,2.6666666666666665,3,0.5773502691896258,0.3
Paris,métro,Low Stress,15:00 - 16:00,Off-Peak,Spring,3.0,5,1.5811388300841898,0.5
Paris,métro,Low Stress,15:00 - 16:00,Off-Peak,Summer,2.0,1,0.0,0.1
Paris,métro,Low Stress,15:00 - 16:00,Off-Peak,Winter,3.0,5,1.224744871391589,0.5
Paris,métro,Low Stress,16:00 - 17:00,Off-Peak,Autumn,2.0,7,1.0,0.7
Paris,métro,Low Stress,16:00 - 17:00,Off-Peak,Spring,2.6,5,1.6733200530681511,0.5
Paris,métro,Low Stress,16:00 - 17:00,Off-Peak,Summer,2.0,5,0.7071067811865476,0.5
Paris,métro,Low Stress,16:00 - 17:00,Off-Peak,Winter,2.6666666666666665,3,1.5275252316519465,0.3
Paris,métro,Low Stress,17:00 - 18:00,Peak,Autumn,3.1666666666666665,6,0.752772652709081,0.6
Paris,métro,Low Stress,17:00 - 18:00,Peak,Spring,2.6,5,0.8944271909999159,0.5
Paris,métro,Low Stress,17:00 - 18:00,Peak,Summer,2.5714285714285716,7,1.2724180205607034,0.7
Paris,métro,Low Stress,17:00 - 18:00,Peak,Winter,2.3333333333333335,3,1.5275252316519468,0.3
Paris,métro,Low Stress,18:00 - 19:00,Peak,Autumn,2.5,2,0.7071067811865476,0.2
Paris,métro,Low Stress,18:00 - 19:00,Peak,Spring,2.0,5,0.7071067811865476,0.5
Paris,métro,Low Stress,18:00 - 19:00,Peak,Summer,2.75,4,0.9574271077563381,0.4
Paris,métro,Low Stress,18:00 - 19:00,Peak,Winter,2.6666666666666665,6,1.0327955589886444,0.6
Paris,métro,Low Stress,19:00 - 20:00,Peak,Autumn,2.8,5,0.8366600265340756,0.5
Paris,métro,Low Stress,19:00 - 20:00,Peak,Spring,3.5,2,0.7071067811865476,0.2
Paris,métro,Low Stress,19:00 - 20:00,Peak,Summer,2.0,3,0.0,0.3
Paris,métro,Low Stress,19:00 - 20:00,Peak,Winter,3.0,7,0.5773502691896257,0.7
Paris,métro,Low Stress,20:00 - 21:00,Night,Autumn,3.0,1,0.0,0.1
Paris,métro,Low Stress,20:00 - 21:00,Night,Spring,2.5,4,1.0,0.4
Paris,métro,Low Stress,20:00 - 21:00,Night,Summer,3.0,3,0.0,0.3
Paris,métro,Low Stress,20:00 - 21:00,Night,Winter,2.8,5,0.8366600265340756,0.5
Paris,métro,Low Stress,21:00 - 22:00,Night,Autumn,2.75,8,1.0350983390135313,0.8
Paris,métro,Low Stress,21:00 - 22:00,Night,Spring,2.8333333333333335,6,0.752772652709081,0.6
Paris,métro,Low Stress,21:00 - 22:00,Night,Summer,3.0,1,0.0,0.1
Paris,métro,Low Stress,21:00 - 22:00,Night,Winter,3.0,2,0.0,0.2
Paris,métro,Low Stress,22:00 - 23:00,Night,Autumn,3.0,5,0.0,0.5
Paris,métro,Low Stress,22:00 - 23:00,Night,Spring,2.5,4,0.5773502691896257,0.4
Paris,métro,Low Stress,22:00 - 23:00,Night,Summer,4.5,2,0.7071067811865476,0.2
Paris,métro,Low Stress,22:00 - 23:00,Night,Winter,3.111111111111111,9,1.0540925533894596,0.9
Paris,métro,Low Stress,23:00 - 24:00,Night,Autumn,2.2857142857142856,7,0.9511897312113419,0.7
Paris,métro,Low Stress,23:00 - 24:00,Night,Spring,3.0,3,0.0,0.3
Paris,métro,Low Stress,23:00 - 24:00,Night,Summer,2.1,10,0.875595035770913,1.0
Paris,métro,Low Stress,23:00 - 24:00,Night,Winter,3.0,1,0.0,0.1
Paris,tram,High Stress,00:00 - 01:00,Night,Autumn,,0,0.0,0.0
Paris,tram,High Stress,00:00 - 01:00,Night,Spring,2.0,1,0.0,0.1
Paris,tram,High Stress,00:00 - 01:00,Night,Summer,2.0,1,0.0,0.1
Paris,tram,High Stress,01:00 - 02:00,Night,Autumn,1.0,1,0.0,0.1
Paris,tram,High Stress,01:00 - 02:00,Night,Spring,2.0,1,0.0,0.1
Paris,tram,High Stress,01:00 - 02:00,Night,Winter,2.0,2,0.0,0.2
Paris,tram,High Stress,02:00 - 03:00,Night,Autumn,2.0,1,0.0,0.1
Paris,tram,High Stress,02:00 - 03:00,Night,Summer,4.0,1,0.0,0.1
Paris,tram,High Stress,03:00 - 04:00,Night,Autumn,3.0,2,0.0,0.2
Paris,tram,High Stress,03:00 - 04:00,Night,Spring,1.0,1,0.0,0.1
Paris,tram,High Stress,03:00 - 04:00,Night,Summer,2.0,2,1.4142135623730951,0.2
Paris,tram,High Stress,03:00 - 04:00,Night,Winter,3.0,1,0.0,0.1
Paris,tram,High Stress,04:00 - 05:00,Night,Summer,3.0,2,1.4142135623730951,0.2
Paris,tram,High Stress,06:00 - 07:00,Night,Autumn,2.3333333333333335,3,0.5773502691896257,0.3
Paris,tram,High Stress,07:00 - 08:00,Peak,Summer,2.0,2,0.0,0.2
Paris,tram,High Stress,08:00 - 09:00,Peak,Summer,3.0,1,0.0,0.1
Paris,tram,High Stress,08:00 - 09:00,Peak,Winter,3.0,2,0.0,0.2
Paris,tram,High Stress,09:00 - 10:00,Peak,Spring,2.0,1,0.0,0.1
Paris,tram,High Stress,09:00 - 10:00,Peak,Summer,3.0,1,0.0,0.1
Paris,tram,High Stress,10:00 - 11:00,Off-Peak,Summer,3.0,1,0.0,0.1
Paris,tram,High Stress,11:00 - 12:00,Off-Peak,Autumn,2.0,1,0.0,0.1
Paris,tram,High Stress,11:00 - 12:00,Off-Peak,Spring,3.0,1,0.0,0.1
Paris,tram,High Stress,12:00 - 13:00,Off-Peak,Autumn,2.5,2,0.7071067811865476,0.2
Paris,tram,High Stress,12:00 - 13:00,Off-Peak,Summer,3.0,1,0.0,0.1
Paris,tram,High Stress,13:00 - 14:00,Off-Peak,Autumn,2.0,1,0.0,0.1
Paris,tram,High Stress,13:00 - 14:00,Off-Peak,Winter,2.0,2,0.0,0.2
Paris,tram,High Stress,14:00 - 15:00,Off-Peak,Autumn,2.5,2,0.7071067811865476,0.2
Paris,tram,High Stress,14:00 - 15:00,Off-Peak,Summer,2.0,2,1.4142135623730951,0.2
Paris,tram,High Stress,16:00 - 17:00,Off-Peak,Autumn,3.0,1,0.0,0.1
Paris,tram,High Stress,16:00 - 17:00,Off-Peak,Summer,1.5,2,0.7071067811865476,0.2
Paris,tram,High Stress,16:00 - 17:00,Off-Peak,Winter,1.0,1,0.0,0.1
Paris,tram,High Stress,17:00 - 18:00,Peak,Spring,4.0,1,0.0,0.1
Paris,tram,High Stress,18:00 - 19:00,Peak,Spring,3.0,1,0.0,0.1
Paris,tram,High Stress,18:00 - 19:00,Peak,Summer,2.0,2,0.0,0.2
Paris,tram,High Stress,18:00 - 19:00,Peak,Winter,3.0,1,0.0,0.1
Paris,tram,High Stress,19:00 - 20:00,Peak,Autumn,2.5,2,0.7071067811865476,0.2
Paris,tram,High Stress,19:00 - 20:00,Peak,Spring,2.5,2,0.7071067811865476,0.2
Paris,tram,High Stress,19:00 - 20:00,Peak,Winter,3.0,1,0.0,0.1
Paris,tram,High Stress,20:00 - 21:00,Night,Autumn,1.0,1,0.0,0.1
Paris,tram,High Stress,20:00 - 21:00,Night,Spring,2.0,1,0.0,0.1
Paris,tram,High Stress,20:00 - 21:00,Night,Summer,2.0,2,1.4142135623730951,0.2
Paris,tram,High Stress,21:00 - 22:00,Night,Autumn,3.0,2,0.0,0.2
Paris,tram,High Stress,21:00 - 22:00,Night,Winter,2.0,1,0.0,0.1
Paris,tram,High Stress,22:00 - 23:00,Night,Summer,2.0,1,0.0,0.1
Paris,tram,High Stress,23:00 - 24:00,Night,Autumn,3.0,2,0.0,0.2
Paris,tram,High Stress,23:00 - 24:00,Night,Summer,1.0,1,0.0,0.1
Paris,tram,High Stress,23:00 - 24:00,Night,Winter,2.0,2,1.4142135623730951,0.2
Paris,tram,Low Stress,00:00 - 01:00,Night,Autumn,3.25,4,0.5,0.4
Paris,tram,Low Stress,00:00 - 01:00,Night,Spring,3.0,1,0.0,0.1
Paris,tram,Low Stress,00:00 - 01:00,Night,Summer,2.25,4,0.9574271077563381,0.4
Paris,tram,Low Stress,01:00 - 02:00,Night,Autumn,1.5,2,0.7071067811865476,0.2
Paris,tram,Low Stress,01:00 - 02:00,Night,Spring,1.6666666666666667,3,0.5773502691896257,0.3
Paris,tram,Low Stress,01:00 - 02:00,Night,Summer,4.0,1,0.0,0.1
Paris,tram,Low Stress,01:00 - 02:00,Night,Winter,3.0,2,1.4142135623730951,0.2
Paris,tram,Low Stress,02:00 - 03:00,Night,Autumn,2.0,2,0.0,0.2
Paris,tram,Low Stress,02:00 - 03:00,Night,Spring,3.5,2,0.7071067811865476,0.2
Paris,tram,Low Stress,02:00 - 03:00,Night,Summer,2.6666666666666665,3,1.1547005383792515,0.3
Paris,tram,Low Stress,02:00 - 03:00,Night,Winter,2.0,1,0.0,0.1
Paris,tram,Low Stress,03:00 - 04:00,Night,Autumn,1.0,2,0.0,0.2
Paris,tram,Low Stress,03:00 - 04:00,Night,Summer,1.4,5,0.8944271909999159,0.5
Paris,tram,Low Stress,03:00 - 04:00,Night,Winter,2.6666666666666665,3,1.5275252316519468,0.3
Paris,tram,Low Stress,04:00 - 05:00,Night,Autumn,1.8,5,1.3038404810405297,0.5
Paris,tram,Low Stress,04:00 - 05:00,Night,Spring,3.0,3,1.0,0.3
Paris,tram,Low Stress,04:00 - 05:00,Night,Summer,3.0,2,1.4142135623730951,0.2
Paris,tram,Low Stress,04:00 - 05:00,Night,Winter,4.0,3,0.0,0.3
Paris,tram,Low Stress,05:00 - 06:00,Night,Autumn,1.0,2,0.0,0.2
Paris,tram,Low Stress,05:00 - 06:00,Night,Spring,2.0,6,0.6324555320336759,0.6
Paris,tram,Low Stress,05:00 - 06:00,Night,Summer,2.5,4,1.2909944487358054,0.4
Paris,tram,Low Stress,05:00 - 06:00,Night,Winter,2.6666666666666665,3,0.5773502691896257,0.3
Paris,tram,Low Stress,06:00 - 07:00,Night,Autumn,3.0,4,1.1547005383792515,0.4
Paris,tram,Low Stress,06:00 - 07:00,Night,Spring,2.3333333333333335,3,0.5773502691896258,0.3
Paris,tram,Low Stress,06:00 - 07:00,Night,Summer,3.0,3,1.0,0.3
Paris,tram,Low Stress,06:00 - 07:00,Night,Winter,2.6666666666666665,3,0.5773502691896258,0.3
Paris,tram,Low Stress,07:00 - 08:00,Peak,Autumn,2.0,3,1.0,0.3
Paris,tram,Low Stress,07:00 - 08:00,Peak,Spring,2.5714285714285716,7,0.9759000729485331,0.7
Paris,tram,Low Stress,07:00 - 08:00,Peak,Summer,3.0,3,0.0,0.3
Paris,tram,Low Stress,07:00 - 08:00,Peak,Winter,2.6666666666666665,3,0.5773502691896257,0.3
Paris,tram,Low Stress,08:00 - 09:00,Peak,Autumn,2.0,1,0.0,0.1
Paris,tram,Low Stress,08:00 - 09:00,Peak,Spring,2.6666666666666665,3,0.5773502691896258,0.3
Paris,tram,Low Stress,08:00 - 09:00,Peak,Summer,2.25,4,1.2583057392117916,0.4
Paris,tram,Low Stress,08:00 - 09:00,Peak,Winter,2.3333333333333335,3,0.5773502691896257,0.3
Paris,tram,Low Stress,09:00 - 10:00,Peak,Autumn,4.0,1,0.0,0.1
Paris,tram,Low Stress,09:00 - 10:00,Peak,Spring,3.0,2,0.0,0.2
Paris,tram,Low Stress,09:00 - 10:00,Peak,Winter,2.0,2,1.4142135623730951,0.2
Paris,tram,Low Stress,10:00 - 11:00,Off-Peak,Autumn,2.6666666666666665,3,0.5773502691896257,0.3
Paris,tram,Low Stress,10:00 - 11:00,Off-Peak,Spring,2.0,3,1.0,0.3
Paris,tram,Low Stress,10:00 - 11:00,Off-Peak,Winter,2.6,5,0.8944271909999159,0.5
Paris,tram,Low Stress,11:00 - 12:00,Off-Peak,Autumn,2.6666666666666665,3,0.5773502691896257,0.3
Paris,tram,Low Stress,11:00 - 12:00,Off-Peak,Spring,2.5,4,1.2909944487358054,0.4
Paris,tram,Low Stress,11:00 - 12:00,Off-Peak,Summer,2.25,4,1.2583057392117916,0.4
Paris,tram,Low Stress,11:00 - 12:00,Off-Peak,Winter,2.6,5,1.140175425099138,0.5
Paris,tram,Low Stress,12:00 - 13:00,Off-Peak,Autumn,3.5,2,0.7071067811865476,0.2
Paris,tram,Low Stress,12:00 - 13:00,Off-Peak,Spring,2.4,5,0.5477225575051662,0.5
Paris,tram,Low Stress,12:00 - 13:00,Off-Peak,Summer,2.3333333333333335,3,0.5773502691896257,0.3
Paris,tram,Low Stress,12:00 - 13:00,Off-Peak,Winter,2.3333333333333335,3,1.1547005383792517,0.3
Paris,tram,Low Stress,13:00 - 14:00,Off-Peak,Autumn,3.0,1,0.0,0.1
Paris,tram,Low Stress,13:00 - 14:00,Off-Peak,Spring,3.0,1,0.0,0.1
Paris,tram,Low Stress,13:00 - 14:00,Off-Peak,Summer,3.5,2,0.7071067811865476,0.2
Paris,tram,Low Stress,13:00 - 14:00,Off-Peak,Winter,2.142857142857143,7,1.0690449676496976,0.7
Paris,tram,Low Stress,14:00 - 15:00,Off-Peak,Autumn,4.0,1,0.0,0.1
Paris,tram,Low Stress,14:00 - 15:00,Off-Peak,Spring,4.0,1,0.0,0.1
Paris,tram,Low Stress,14:00 - 15:00,Off-Peak,Summer,2.3333333333333335,3,1.5275252316519468,0.3
Paris,tram,Low Stress,14:00 - 15:00,Off-Peak,Winter,2.3333333333333335,3,0.5773502691896258,0.3
Paris,tram,Low Stress,15:00 - 16:00,Off-Peak,Autumn,2.6666666666666665,3,0.5773502691896257,0.3
Paris,tram,Low Stress,15:00 - 16:00,Off-Peak,Spring,3.0,1,0.0,0.1
Paris,tram,Low Stress,15:00 - 16:00,Off-Peak,Summer,2.4,5,0.5477225575051662,0.5
Paris,tram,Low Stress,16:00 - 17:00,Off-Peak,Spring,2.6666666666666665,3,1.5275252316519468,0.3
Paris,tram,Low Stress,16:00 - 17:00,Off-Peak,Summer,2.8333333333333335,6,1.1690451944500122,0.6
Paris,tram,Low Stress,16:00 - 17:00,Off-Peak,Winter,2.0,1,0.0,0.1
Paris,tram,Low Stress,17:00 - 18:00,Peak,Autumn,2.3333333333333335,3,0.5773502691896258,0.3
Paris,tram,Low Stress,17:00 - 18:00,Peak,Spring,2.3333333333333335,3,0.5773502691896258,0.3
Paris,tram,Low Stress,17:00 - 18:00,Peak,Summer,4.0,2,0.0,0.2
Paris,tram,Low Stress,17:00 - 18:00,Peak,Winter,2.6666666666666665,3,1.1547005383792515,0.3
Paris,tram,Low Stress,18:00 - 19:00,Peak,Autumn,3.3333333333333335,3,0.5773502691896257,0.3
Paris,tram,Low Stress,18:00 - 19:00,Peak,Summer,1.0,1,0.0,0.1
Paris,tram,Low Stress,18:00 - 19:00,Peak,Winter,2.0,1,0.0,0.1
Paris,tram,Low Stress,19:00 - 20:00,Peak,Autumn,4.0,1,0.0,0.1
Paris,tram,Low Stress,19:00 - 20:00,Peak,Spring,1.6666666666666667,3,1.1547005383792517,0.3
Paris,tram,Low Stress,19:00 - 20:00,Peak,Summer,2.25,4,0.9574271077563381,0.4
Paris,tram,Low Stress,19:00 - 20:00,Peak,Winter,2.0,3,1.0,0.3
Paris,tram,Low Stress,20:00 - 21:00,Night,Autumn,2.5,2,0.7071067811865476,0.2
Paris,tram,Low Stress,20:00 - 21:00,Night,Spring,2.0,4,1.1547005383792515,0.4
Paris,tram,Low Stress,20:00 - 21:00,Night,Summer,2.5,2,0.7071067811865476,0.2
Paris,tram,Low Stress,20:00 - 21:00,Night,Winter,3.75,4,0.9574271077563381,0.4
Paris,tram,Low Stress,21:00 - 22:00,Night,Autumn,2.75,4,0.5,0.4
Paris,tram,Low Stress,21:00 - 22:00,Night,Spring,2.3333333333333335,3,0.5773502691896258,0.3
Paris,tram,Low Stress,21:00 - 22:00,Night,Summer,3.0,2,1.4142135623730951,0.2
Paris,tram,Low Stress,21:00 - 22:00,Night,Winter,2.25,4,0.9574271077563381,0.4
Paris,tram,Low Stress,22:00 - 23:00,Night,Autumn,2.0,4,1.1547005383792515,0.4
Paris,tram,Low Stress,22:00 - 23:00,Night,Spring,2.0,6,1.0954451150103321,0.6
Paris,tram,Low Stress,22:00 - 23:00,Night,Summer,3.0,2,1.4142135623730951,0.2
Paris,tram,Low Stress,22:00 - 23:00,Night,Winter,2.75,4,0.9574271077563381,0.4
Paris,tram,Low Stress,23:00 - 24:00,Night,Autumn,2.0,3,1.0,0.3
Paris,tram,Low Stress,23:00 - 24:00,Night,Spring,3.6666666666666665,3,1.1547005383792515,0.3
Paris,tram,Low Stress,23:00 - 24:00,Night,Summer,2.25,4,0.5,0.4
Paris,tram,Low Stress,23:00 - 24:00,Night,Winter,2.0,1,0.0,0.1
Paris,voiture,High Stress,00:00 - 01:00,Night,Autumn,2.3333333333333335,3,0.5773502691896258,0.3
Paris,voiture,High Stress,00:00 - 01:00,Night,Summer,,0,0.0,0.0
Paris,voiture,High Stress,00:00 - 01:00,Night,Winter,1.3333333333333333,3,0.5773502691896257,0.3
Paris,voiture,High Stress,01:00 - 02:00,Night,Summer,2.0,2,1.4142135623730951,0.2
Paris,voiture,High Stress,01:00 - 02:00,Night,Winter,2.3333333333333335,3,1.1547005383792515,0.3
Paris,voiture,High Stress,02:00 - 03:00,Night,Autumn,3.0,1,0.0,0.1
Paris,voiture,High Stress,02:00 - 03:00,Night,Winter,2.6666666666666665,3,0.5773502691896257,0.3
Paris,voiture,High Stress,03:00 - 04:00,Night,Winter,1.0,1,0.0,0.1
Paris,voiture,High Stress,04:00 - 05:00,Night,Winter,3.0,1,0.0,0.1
Paris,voiture,High Stress,05:00 - 06:00,Night,Spring,2.0,1,0.0,0.1
Paris,voiture,High Stress,06:00 - 07:00,Night,Autumn,2.0,1,0.0,0.1
Paris,voiture,High Stress,06:00 - 07:00,Night,Spring,2.0,1,0.0,0.1
Paris,voiture,High Stress,06:00 - 07:00,Night,Summer,3.0,1,0.0,0.1
Paris,voiture,High Stress,07:00 - 08:00,Peak,Spring,3.0,1,0.0,0.1
Paris,voiture,High Stress,07:00 - 08:00,Peak,Summer,3.0,1,0.0,0.1
Paris,voiture,High Stress,07:00 - 08:00,Peak,Winter,3.0,1,0.0,0.1
Paris,voiture,High Stress,08:00 - 09:00,Peak,Spring,2.0,1,0.0,0.1
Paris,voiture,High Stress,08:00 - 09:00,Peak,Winter,2.0,3,1.0,0.3
Paris,voiture,High Stress,09:00 - 10:00,Peak,Autumn,3.0,1,0.0,0.1
Paris,voiture,High Stress,09:00 - 10:00,Peak,Summer,3.0,1,0.0,0.1
Paris,voiture,High Stress,09:00 - 10:00,Peak,Winter,3.0,1,0.0,0.1
Paris,voiture,High Stress,10:00 - 11:00,Off-Peak,Autumn,3.0,1,0.0,0.1
Paris,voiture,High Stress,10:00 - 11:00,Off-Peak,Winter,1.0,1,0.0,0.1
Paris,voiture,High Stress,11:00 - 12:00,Off-Peak,Autumn,3.0,1,0.0,0.1
Paris,voiture,High Stress,11:00 - 12:00,Off-Peak,Spring,3.5,2,0.7071067811865476,0.2
Paris,voiture,High Stress,11:00 - 12:00,Off-Peak,Summer,2.0,1,0.0,0.1
Paris,voiture,High Stress,12:00 - 13:00,Off-Peak,Autumn,1.5,2,0.7071067811865476,0.2
Paris,voiture,High Stress,12:00 - 13:00,Off-Peak,Summer,2.0,1,0.0,0.1
Paris,voiture,High Stress,13:00 - 14:00,Off-Peak,Winter,2.3333333333333335,3,1.1547005383792515,0.3
Paris,voiture,High Stress,14:00 - 15:00,Off-Peak,Spring,3.0,1,0.0,0.1
Paris,voiture,High Stress,15:00 - 16:00,Off-Peak,Autumn,2.0,2,1.4142135623730951,0.2
Paris,voiture,High Stress,16:00 - 17:00,Off-Peak,Autumn,2.5,2,0.7071067811865476,0.2
Paris,voiture,High Stress,16:00 - 17:00,Off-Peak,Spring,3.0,1,0.0,0.1
Paris,voiture,High Stress,16:00 - 17:00,Off-Peak,Summer,1.0,1,0.0,0.1
Paris,voiture,High Stress,16:00 - 17:00,Off-Peak,Winter,3.0,1,0.0,0.1
Paris,voiture,High Stress,17:00 - 18:00,Peak,Autumn,1.0,1,0.0,0.1
Paris,voiture,High Stress,17:00 - 18:00,Peak,Spring,4.0,1,0.0,0.1
Paris,voiture,High Stress,17:00 - 18:00,Peak,Summer,1.0,1,0.0,0.1
Paris,voiture,High Stress,17:00 - 18:00,Peak,Winter,3.0,1,0.0,0.1
Paris,voiture,High Stress,18:00 - 19:00,Peak,Spring,4.0,1,0.0,0.1
Paris,voiture,High Stress,18:00 - 19:00,Peak,Summer,4.0,1,0.0,0.1
Paris,voiture,High Stress,18:00 - 19:00,Peak,Winter,1.0,1,0.0,0.1
Paris,voiture,High Stress,20:00 - 21:00,Night,Autumn,2.5,2,0.7071067811865476,0.2
Paris,voiture,High Stress,20:00 - 21:00,Night,Spring,5.0,1,0.0,0.1
Paris,voiture,High Stress,20:00 - 21:00,Night,Summer,2.0,1,0.0,0.1
Paris,voiture,High Stress,20:00 - 21:00,Night,Winter,2.0,3,1.0,0.3
Paris,voiture,High Stress,21:00 - 22:00,Night,Autumn,3.5,2,2.1213203435596424,0.2
Paris,voiture,High Stress,21:00 - 22:00,Night,Spring,1.0,1,0.0,0.1
Paris,voiture,High Stress,21:00 - 22:00,Night,Winter,4.0,1,0.0,0.1
Paris,voiture,High Stress,22:00 - 23:00,Night,Autumn,2.0,1,0.0,0.1
Paris,voiture,High Stress,22:00 - 23:00,Night,Spring,3.0,1,0.0,0.1
Paris,voiture,High Stress,22:00 - 23:00,Night,Winter,2.5,2,2.1213203435596424,0.2
Paris,voiture,High Stress,23:00 - 24:00,Night,Autumn,2.0,2,1.4142135623730951,0.2
Paris,voiture,High Stress,23:00 - 24:00,Night,Spring,1.5,2,0.7071067811865476,0.2
Paris,voiture,High Stress,23:00 - 24:00,Night,Summer,2.5,2,0.7071067811865476,0.2
Paris,voiture,High Stress,23:00 - 24:00,Night,Winter,3.0,1,0.0,0.1
Paris,voiture,Low Stress,00:00 - 01:00,Night,Autumn,3.0,1,0.0,0.1
Paris,voiture,Low Stress,00:00 - 01:00,Night,Spring,2.6666666666666665,6,0.5163977794943223,0.6
Paris,voiture,Low Stress,00:00 - 01:00,Night,Summer,2.4285714285714284,7,1.1338934190276815,0.7
Paris,voiture,Low Stress,00:00 - 01:00,Night,Winter,2.6666666666666665,3,1.5275252316519468,0.3
Paris,voiture,Low Stress,01:00 - 02:00,Night,Autumn,2.0,4,0.816496580927726,0.4
Paris,voiture,Low Stress,01:00 - 02:00,Night,Spring,1.8333333333333333,6,0.752772652709081,0.6
Paris,voiture,Low Stress,01:00 - 02:00,Night,Summer,2.6,10,0.9660917830792959,1.0
Paris,voiture,Low Stress,01:00 - 02:00,Night,Winter,2.75,8,1.164964745021435,0.8
Paris,voiture,Low Stress,02:00 - 03:00,Night,Autumn,2.4,5,1.140175425099138,0.5
Paris,voiture,Low Stress,02:00 - 03:00,Night,Spring,2.0,4,0.816496580927726,0.4
Paris,voiture,Low Stress,02:00 - 03:00,Night,Summer,2.0,10,0.9428090415820634,1.0
Paris,voiture,Low Stress,02:00 - 03:00,Night,Winter,3.3333333333333335,3,1.5275252316519465,0.3
Paris,voiture,Low Stress,03:00 - 04:00,Night,Autumn,3.0,3,0.0,0.3
Paris,voiture,Low Stress,03:00 - 04:00,Night,Spring,4.5,2,0.7071067811865476,0.2
Paris,voiture,Low Stress,03:00 - 04:00,Night,Summer,2.5,2,0.7071067811865476,0.2
Paris,voiture,Low Stress,03:00 - 04:00,Night,Winter,2.0,4,0.816496580927726,0.4
Paris,voiture,Low Stress,04:00 - 05:00,Night,Autumn,1.4,5,0.5477225575051661,0.5
Paris,voiture,Low Stress,04:00 - 05:00,Night,Spring,2.0,4,0.816496580927726,0.4
Paris,voiture,Low Stress,04:00 - 05:00,Night,Summer,3.0,1,0.0,0.1
Paris,voiture,Low Stress,04:00 - 05:00,Night,Winter,2.25,4,0.5,0.4
Paris,voiture,Low Stress,05:00 - 06:00,Night,Autumn,2.0,2,1.4142135623730951,0.2
Paris,voiture,Low Stress,05:00 - 06:00,Night,Spring,2.0,4,0.816496580927726,0.4
Paris,voiture,Low Stress,05:00 - 06:00,Night,Summer,3.0,3,0.0,0.3
Paris,voiture,Low Stress,05:00 - 06:00,Night,Winter,2.25,4,0.957427107756338,0.4
Paris,voiture,Low Stress,06:00 - 07:00,Night,Autumn,2.0,2,0.0,0.2
Paris,voiture,Low Stress,06:00 - 07:00,Night,Spring,2.8333333333333335,6,1.169045194450012,0.6
Paris,voiture,Low Stress,06:00 - 07:00,Night,Summer,2.142857142857143,7,0.6900655593423541,0.7
Paris,voiture,Low Stress,06:00 - 07:00,Night,Winter,2.25,8,0.8864052604279183,0.8
Paris,voiture,Low Stress,07:00 - 08:00,Peak,Autumn,3.0,2,0.0,0.2
Paris,voiture,Low Stress,07:00 - 08:00,Peak,Spring,2.25,4,0.5,0.4
Paris,voiture,Low Stress,07:00 - 08:00,Peak,Summer,3.0,3,1.0,0.3
Paris,voiture,Low Stress,07:00 - 08:00,Peak,Winter,2.5,2,0.7071067811865476,0.2
Paris,voiture,Low Stress,08:00 - 09:00,Peak,Spring,3.0,1,0.0,0.1
Paris,voiture,Low Stress,08:00 - 09:00,Peak,Summer,2.5,4,1.2909944487358056,0.4
Paris,voiture,Low Stress,08:00 - 09:00,Peak,Winter,2.8,5,0.4472135954999579,0.5
Paris,voiture,Low Stress,09:00 - 10:00,Peak,Autumn,2.5714285714285716,7,0.7867957924694431,0.7
Paris,voiture,Low Stress,09:00 - 10:00,Peak,Spring,2.8333333333333335,6,0.752772652709081,0.6
Paris,voiture,Low Stress,09:00 - 10:00,Peak,Summer,3.3333333333333335,3,1.1547005383792517,0.3
Paris,voiture,Low Stress,09:00 - 10:00,Peak,Winter,3.0,1,0.0,0.1
Paris,voiture,Low Stress,10:00 - 11:00,Off-Peak,Autumn,2.25,4,0.5,0.4
Paris,voiture,Low Stress,10:00 - 11:00,Off-Peak,Spring,3.6666666666666665,3,1.5275252316519468,0.3
Paris,voiture,Low Stress,10:00 - 11:00,Off-Peak,Summer,1.0,2,0.0,0.2
Paris,voiture,Low Stress,10:00 - 11:00,Off-Peak,Winter,2.0,3,1.0,0.3
Paris,voiture,Low Stress,11:00 - 12:00,Off-Peak,Autumn,2.3333333333333335,3,1.5275252316519468,0.3
Paris,voiture,Low Stress,11:00 - 12:00,Off-Peak,Spring,2.5,4,0.5773502691896257,0.4
Paris,voiture,Low Stress,11:00 - 12:00,Off-Peak,Winter,4.0,1,0.0,0.1
Paris,voiture,Low Stress,12:00 - 13:00,Off-Peak,Autumn,3.6666666666666665,3,1.1547005383792515,0.3
Paris,voiture,Low Stress,12:00 - 13:00,Off-Peak,Spring,2.0,1,0.0,0.1
Paris,voiture,Low Stress,12:00 - 13:00,Off-Peak,Summer,3.0,4,0.816496580927726,0.4
Paris,voiture,Low Stress,12:00 - 13:00,Off-Peak,Winter,2.75,4,0.5,0.4
Paris,voiture,Low Stress,13:00 - 14:00,Off-Peak,Autumn,1.0,1,0.0,0.1
Paris,voiture,Low Stress,13:00 - 14:00,Off-Peak,Spring,1.5,2,0.7071067811865476,0.2
Paris,voiture,Low Stress,13:00 - 14:00,Off-Peak,Summer,3.2,5,1.7888543819998317,0.5
Paris,voiture,Low Stress,13:00 - 14:00,Off-Peak,Winter,2.6,5,0.5477225575051661,0.5
Paris,voiture,Low Stress,14:00 - 15:00,Off-Peak,Autumn,3.142857142857143,7,0.8997354108424372,0.7
Paris,voiture,Low Stress,14:00 - 15:00,Off-Peak,Spring,2.5,4,1.7320508075688772,0.4
Paris,voiture,Low Stress,14:00 - 15:00,Off-Peak,Summer,2.0,2,0.0,0.2
Paris,voiture,Low Stress,14:00 - 15:00,Off-Peak,Winter,2.5,4,0.5773502691896257,0.4
Paris,voiture,Low Stress,15:00 - 16:00,Off-Peak,Autumn,1.0,1,0.0,0.1
Paris,voiture,Low Stress,15:00 - 16:00,Off-Peak,Spring,1.6666666666666667,3,0.5773502691896257,0.3
Paris,voiture,Low Stress,15:00 - 16:00,Off-Peak,Summer,4.0,1,0.0,0.1
Paris,voiture,Low Stress,15:00 - 16:00,Off-Peak,Winter,2.142857142857143,7,1.0690449676496976,0.7
Paris,voiture,Low Stress,16:00 - 17:00,Off-Peak,Autumn,2.0,6,1.2649110640673518,0.6
Paris,voiture,Low Stress,16:00 - 17:00,Off-Peak,Spring,3.0,1,0.0,0.1
Paris,voiture,Low Stress,16:00 - 17:00,Off-Peak,Summer,1.6666666666666667,3,0.5773502691896257,0.3
Paris,voiture,Low Stress,16:00 - 17:00,Off-Peak,Winter,2.5,2,0.7071067811865476,0.2
Paris,voiture,Low Stress,17:00 - 18:00,Peak,Autumn,3.0,1,0.0,0.1
Paris,voiture,Low Stress,17:00 - 18:00,Peak,Spring,2.5,6,1.0488088481701516,0.6
Paris,voiture,Low Stress,17:00 - 18:00,Peak,Summer,2.0,1,0.0,0.1
Paris,voiture,Low Stress,17:00 - 18:00,Peak,Winter,3.0,7,0.5773502691896257,0.7
Paris,voiture,Low Stress,18:00 - 19:00,Peak,Autumn,3.0,1,0.0,0.1
Paris,voiture,Low Stress,18:00 - 19:00,Peak,Spring,3.5,2,0.7071067811865476,0.2
Paris,voiture,Low Stress,18:00 - 19:00,Peak,Summer,3.0,2,1.4142135623730951,0.2
Paris,voiture,Low Stress,18:00 - 19:00,Peak,Winter,2.6,5,1.140175425099138,0.5
Paris,voiture,Low Stress,19:00 - 20:00,Peak,Autumn,2.0,9,1.224744871391589,0.9
Paris,voiture,Low Stress,19:00 - 20:00,Peak,Spring,1.75,4,0.9574271077563382,0.4
Paris,voiture,Low Stress,19:00 - 20:00,Peak,Summer,1.875,8,1.1259916264596033,0.8
Paris,voiture,Low Stress,19:00 - 20:00,Peak,Winter,2.6666666666666665,3,0.5773502691896258,0.3
Paris,voiture,Low Stress,20:00 - 21:00,Night,Autumn,2.25,4,0.9574271077563381,0.4
Paris,voiture,Low Stress,20:00 - 21:00,Night,Spring,2.0,2,1.4142135623730951,0.2
Paris,voiture,Low Stress,20:00 - 21:00,Night,Summer,2.8333333333333335,6,1.1690451944500122,0.6
Paris,voiture,Low Stress,20:00 - 21:00,Night,Winter,3.5,2,0.7071067811865476,0.2
Paris,voiture,Low Stress,21:00 - 22:00,Night,Autumn,2.8,5,0.8366600265340756,0.5
Paris,voiture,Low Stress,21:00 - 22:00,Night,Spring,3.0,3,1.0,0.3
Paris,voiture,Low Stress,21:00 - 22:00,Night,Summer,2.6,5,1.1401754250991378,0.5
Paris,voiture,Low Stress,21:00 - 22:00,Night,Winter,2.6,5,1.3416407864998738,0.5
Paris,voiture,Low Stress,22:00 - 23:00,Night,Autumn,2.5,2,0.7071067811865476,0.2
Paris,voiture,Low Stress,22:00 - 23:00,Night,Spring,2.0,1,0.0,0.1
Paris,voiture,Low Stress,22:00 - 23:00,Night,Summer,2.0,1,0.0,0.1
Paris,voiture,Low Stress,22:00 - 23:00,Night,Winter,3.0,3,1.0,0.3
Paris,voiture,Low Stress,23:00 - 24:00,Night,Autumn,1.3333333333333333,3,0.5773502691896257,0.3
Paris,voiture,Low Stress,23:00 - 24:00,Night,Spring,2.7142857142857144,7,1.2535663410560174,0.7
Paris,voiture,Low Stress,23:00 - 24:00,Night,Summer,3.0,6,0.8944271909999159,0.6
Paris,voiture,Low Stress,23:00 - 24:00,Night,Winter,2.5,6,0.8366600265340757,0.6
Paris,vélo,High Stress,00:00 - 01:00,Night,Spring,1.0,1,0.0,0.1
Paris,vélo,High Stress,00:00 - 01:00,Night,Winter,2.0,2,1.4142135623730951,0.2
Paris,vélo,High Stress,01:00 - 02:00,Night,Spring,2.0,1,0.0,0.1
Paris,vélo,High Stress,01:00 - 02:00,Night,Summer,2.0,1,0.0,0.1
Paris,vélo,High Stress,02:00 - 03:00,Night,Summer,3.0,1,0.0,0.1
Paris,vélo,High Stress,02:00 - 03:00,Night,Winter,1.5,2,0.7071067811865476,0.2
Paris,vélo,High Stress,03:00 - 04:00,Night,Autumn,3.0,2,0.0,0.2
Paris,vélo,High Stress,03:00 - 04:00,Night,Spring,4.0,1,0.0,0.1
Paris,vélo,High Stress,03:00 - 04:00,Night,Summer,3.0,1,0.0,0.1
Paris,vélo,High Stress,05:00 - 06:00,Night,Summer,1.0,1,0.0,0.1
Paris,vélo,High Stress,06:00 - 07:00,Night,Autumn,3.0,1,0.0,0.1
Paris,vélo,High Stress,06:00 - 07:00,Night,Spring,3.0,1,0.0,0.1
Paris,vélo,High Stress,06:00 - 07:00,Night,Summer,,0,0.0,0.0
Paris,vélo,High Stress,07:00 - 08:00,Peak,Autumn,1.0,1,0.0,0.1
Paris,vélo,High Stress,08:00 - 09:00,Peak,Winter,2.0,1,0.0,0.1
Paris,vélo,High Stress,09:00 - 10:00,Peak,Spring,3.0,1,0.0,0.1
Paris,vélo,High Stress,09:00 - 10:00,Peak,Winter,1.0,1,0.0,0.1
Paris,vélo,High Stress,10:00 - 11:00,Off-Peak,Autumn,2.0,1,0.0,0.1
Paris,vélo,High Stress,11:00 - 12:00,Off-Peak,Summer,2.0,1,0.0,0.1
Paris,vélo,High Stress,11:00 - 12:00,Off-Peak,Winter,2.0,1,0.0,0.1
Paris,vélo,High Stress,12:00 - 13:00,Off-Peak,Autumn,2.0,1,0.0,0.1
Paris,vélo,High Stress,12:00 - 13:00,Off-Peak,Summer,1.0,1,0.0,0.1
Paris,vélo,High Stress,13:00 - 14:00,Off-Peak,Autumn,3.0,1,0.0,0.1
Paris,vélo,High Stress,13:00 - 14:00,Off-Peak,Spring,2.0,1,0.0,0.1
Paris,vélo,High Stress,14:00 - 15:00,Off-Peak,Autumn,2.3333333333333335,3,1.5275252316519468,0.3
Paris,vélo,High Stress,14:00 - 15:00,Off-Peak,Summer,2.0,1,0.0,0.1
Paris,vélo,High Stress,15:00 - 16:00,Off-Peak,Summer,1.0,1,0.0,0.1
Paris,vélo,High Stress,16:00 - 17:00,Off-Peak,Summer,4.0,1,0.0,0.1
Paris,vélo,High Stress,16:00 - 17:00,Off-Peak,Winter,2.0,2,0.0,0.2
Paris,vélo,High Stress,17:00 - 18:00,Peak,Spring,1.0,1,0.0,0.1
Paris,vélo,High Stress,17:00 - 18:00,Peak,Summer,3.0,1,0.0,0.1
Paris,vélo,High Stress,17:00 - 18:00,Peak,Winter,4.0,1,0.0,0.1
Paris,vélo,High Stress,18:00 - 19:00,Peak,Autumn,2.0,1,0.0,0.1
Paris,vélo,High Stress,18:00 - 19:00,Peak,Spring,2.0,1,0.0,0.1
Paris,vélo,High Stress,18:00 - 19:00,Peak,Winter,2.0,1,0.0,0.1
Paris,vélo,High Stress,19:00 - 20:00,Peak,Summer,2.0,1,0.0,0.1
Paris,vélo,High Stress,19:00 - 20:00,Peak,Winter,3.0,1,0.0,0.1
Paris,vélo,High Stress,20:00 - 21:00,Night,Autumn,1.0,1,0.0,0.1
Paris,vélo,High Stress,23:00 - 24:00,Night,Summer,1.0,1,0.0,0.1
Paris,vélo,High Stress,23:00 - 24:00,Night,Winter,1.0,1,0.0,0.1
Paris,vélo,Low Stress,00:00 - 01:00,Night,Autumn,2.6666666666666665,3,0.5773502691896258,0.3
Paris,vélo,Low Stress,00:00 - 01:00,Night,Spring,3.5,2,0.7071067811865476,0.2
Paris,vélo,Low Stress,00:00 - 01:00,Night,Summer,3.0,1,0.0,0.1
Paris,vélo,Low Stress,00:00 - 01:00,Night,Winter,1.5,2,0.7071067811865476,0.2
Paris,vélo,Low Stress,01:00 - 02:00,Night,Autumn,2.0,2,1.4142135623730951,0.2
Paris,vélo,Low Stress,01:00 - 02:00,Night,Spring,2.0,1,0.0,0.1
Paris,vélo,Low Stress,01:00 - 02:00,Night,Summer,5.0,1,0.0,0.1
Paris,vélo,Low Stress,01:00 - 02:00,Night,Winter,3.0,1,0.0,0.1
Paris,vélo,Low Stress,02:00 - 03:00,Night,Autumn,2.0,1,0.0,0.1
Paris,vélo,Low Stress,02:00 - 03:00,Night,Spring,4.0,1,0.0,0.1
Paris,vélo,Low Stress,02:00 - 03:00,Night,Summer,3.0,1,0.0,0.1
Paris,vélo,Low Stress,02:00 - 03:00,Night,Winter,3.0,2,0.0,0.2
Paris,vélo,Low Stress,03:00 - 04:00,Night,Autumn,3.0,1,0.0,0.1
Paris,vélo,Low Stress,03:00 - 04:00,Night,Spring,1.0,1,0.0,0.1
Paris,vélo,Low Stress,03:00 - 04:00,Night,Summer,3.3333333333333335,3,0.5773502691896257,0.3
Paris,vélo,Low Stress,03:00 - 04:00,Night,Winter,2.6666666666666665,3,0.5773502691896257,0.3
Paris,vélo,Low Stress,04:00 - 05:00,Night,Autumn,3.0,3,0.0,0.3
Paris,vélo,Low Stress,04:00 - 05:00,Night,Spring,2.0,3,1.0,0.3
Paris,vélo,Low Stress,04:00 - 05:00,Night,Summer,1.0,1,0.0,0.1
Paris,vélo,Low Stress,04:00 - 05:00,Night,Winter,2.75,4,1.4999999999999998,0.4
Paris,vélo,Low Stress,05:00 - 06:00,Night,Autumn,1.0,1,0.0,0.1
Paris,vélo,Low Stress,05:00 - 06:00,Night,Spring,2.6666666666666665,3,0.5773502691896258,0.3
Paris,vélo,Low Stress,05:00 - 06:00,Night,Summer,2.25,4,0.5,0.4
Paris,vélo,Low Stress,05:00 - 06:00,Night,Winter,2.6666666666666665,3,0.5773502691896258,0.3
Paris,vélo,Low Stress,06:00 - 07:00,Night,Autumn,3.0,1,0.0,0.1
Paris,vélo,Low Stress,06:00 - 07:00,Night,Spring,2.8,5,1.3038404810405297,0.5
Paris,vélo,Low Stress,06:00 - 07:00,Night,Summer,3.25,4,1.2583057392117918,0.4
Paris,vélo,Low Stress,06:00 - 07:00,Night,Winter,2.0,1,0.0,0.1
Paris,vélo,Low Stress,07:00 - 08:00,Peak,Autumn,2.5,4,1.2909944487358056,0.4
Paris,vélo,Low Stress,07:00 - 08:00,Peak,Spring,2.6666666666666665,3,1.1547005383792515,0.3
Paris,vélo,Low Stress,07:00 - 08:00,Peak,Summer,2.25,4,0.5,0.4
Paris,vélo,Low Stress,07:00 - 08:00,Peak,Winter,1.0,1,0.0,0.1
Paris,vélo,Low Stress,08:00 - 09:00,Peak,Autumn,2.3333333333333335,3,1.1547005383792515,0.3
Paris,vélo,Low Stress,08:00 - 09:00,Peak,Spring,3.0,2,1.4142135623730951,0.2
Paris,vélo,Low Stress,08:00 - 09:00,Peak,Summer,2.0,2,0.0,0.2
Paris,vélo,Low Stress,08:00 - 09:00,Peak,Winter,3.0,2,1.4142135623730951,0.2
Paris,vélo,Low Stress,09:00 - 10:00,Peak,Autumn,2.3333333333333335,3,1.1547005383792515,0.3
Paris,vélo,Low Stress,09:00 - 10:00,Peak,Spring,2.3333333333333335,3,0.5773502691896257,0.3
Paris,vélo,Low Stress,09:00 - 10:00,Peak,Summer,3.0,1,0.0,0.1
Paris,vélo,Low Stress,10:00 - 11:00,Off-Peak,Spring,2.0,1,0.0,0.1
Paris,vélo,Low Stress,10:00 - 11:00,Off-Peak,Summer,2.5714285714285716,7,0.9759000729485332,0.7
Paris,vélo,Low Stress,10:00 - 11:00,Off-Peak,Winter,3.0,1,0.0,0.1
Paris,vélo,Low Stress,11:00 - 12:00,Off-Peak,Autumn,,0,0.0,0.0
Paris,vélo,Low Stress,11:00 - 12:00,Off-Peak,Spring,2.3333333333333335,3,1.1547005383792517,0.3
Paris,vélo,Low Stress,11:00 - 12:00,Off-Peak,Summer,1.6666666666666667,3,1.1547005383792517,0.3
Paris,vélo,Low Stress,11:00 - 12:00,Off-Peak,Winter,2.0,1,0.0,0.1
Paris,vélo,Low Stress,12:00 - 13:00,Off-Peak,Autumn,3.0,1,0.0,0.1
Paris,vélo,Low Stress,12:00 - 13:00,Off-Peak,Spring,3.0,2,0.0,0.2
Paris,vélo,Low Stress,12:00 - 13:00,Off-Peak,Summer,1.5,2,0.7071067811865476,0.2
Paris,vélo,Low Stress,13:00 - 14:00,Off-Peak,Spring,2.5,2,0.7071067811865476,0.2
Paris,vélo,Low Stress,13:00 - 14:00,Off-Peak,Summer,2.0,1,0.0,0.1
Paris,vélo,Low Stress,13:00 - 14:00,Off-Peak,Winter,2.0,4,0.816496580927726,0.4
Paris,vélo,Low Stress,14:00 - 15:00,Off-Peak,Autumn,3.5,4,0.5773502691896257,0.4
Paris,vélo,Low Stress,14:00 - 15:00,Off-Peak,Spring,2.6666666666666665,3,1.1547005383792517,0.3
Paris,vélo,Low Stress,14:00 - 15:00,Off-Peak,Summer,3.0,1,0.0,0.1
Paris,vélo,Low Stress,15:00 - 16:00,Off-Peak,Autumn,2.0,2,0.0,0.2
Paris,vélo,Low Stress,15:00 - 16:00,Off-Peak,Spring,4.0,2,0.0,0.2
Paris,vélo,Low Stress,15:00 - 16:00,Off-Peak,Summer,3.5,2,0.7071067811865476,0.2
Paris,vélo,Low Stress,16:00 - 17:00,Off-Peak,Spring,2.6666666666666665,3,1.1547005383792515,0.3
Paris,vélo,Low Stress,16:00 - 17:00,Off-Peak,Summer,2.6666666666666665,3,0.5773502691896258,0.3
Paris,vélo,Low Stress,17:00 - 18:00,Peak,Autumn,3.0,1,0.0,0.1
Paris,vélo,Low Stress,17:00 - 18:00,Peak,Spring,2.0,4,1.1547005383792515,0.4
Paris,vélo,Low Stress,17:00 - 18:00,Peak,Summer,2.0,1,0.0,0.1
Paris,vélo,Low Stress,17:00 - 18:00,Peak,Winter,2.3333333333333335,3,1.5275252316519468,0.3
Paris,vélo,Low Stress,18:00 - 19:00,Peak,Autumn,2.6666666666666665,3,0.5773502691896258,0.3
Paris,vélo,Low Stress,18:00 - 19:00,Peak,Spring,2.0,1,0.0,0.1
Paris,vélo,Low Stress,18:00 - 19:00,Peak,Summer,2.0,1,0.0,0.1
Paris,vélo,Low Stress,19:00 - 20:00,Peak,Autumn,3.5,2,0.7071067811865476,0.2
Paris,vélo,Low Stress,19:00 - 20:00,Peak,Spring,2.0,1,0.0,0.1
Paris,vélo,Low Stress,19:00 - 20:00,Peak,Summer,5.0,1,0.0,0.1
Paris,vélo,Low Stress,19:00 - 20:00,Peak,Winter,2.6,5,0.5477225575051661,0.5
Paris,vélo,Low Stress,20:00 - 21:00,Night,Summer,2.0,2,0.0,0.2
Paris,vélo,Low Stress,20:00 - 21:00,Night,Winter,3.0,2,2.8284271247461903,0.2
Paris,vélo,Low Stress,21:00 - 22:00,Night,Autumn,2.0,1,0.0,0.1
Paris,vélo,Low Stress,21:00 - 22:00,Night,Spring,2.75,4,1.2583057392117916,0.4
Paris,vélo,Low Stress,21:00 - 22:00,Night,Summer,3.0,1,0.0,0.1
Paris,vélo,Low Stress,21:00 - 22:00,Night,Winter,3.0,1,0.0,0.1
Paris,vélo,Low Stress,22:00 - 23:00,Night,Autumn,3.0,1,0.0,0.1
Paris,vélo,Low Stress,22:00 - 23:00,Night,Spring,2.5,2,0.7071067811865476,0.2
Paris,vélo,Low Stress,22:00 - 23:00,Night,Summer,3.0,2,0.0,0.2
Paris,vélo,Low Stress,23:00 - 24:00,Night,Autumn,3.0,1,0.0,0.1
Paris,vélo,Low Stress,23:00 - 24:00,Night,Spring,4.0,2,0.0,0.2
Paris,vélo,Low Stress,23:00 - 24:00,Night,Summer,3.0,3,1.0,0.3
Paris,vélo,Low Stress,23:00 - 24:00,Night,Winter,3.0,1,0.0,0.1
Strasbourg,bus,High Stress,00:00 - 01:00,Night,Autumn,2.0,1,0.0,0.1
Strasbourg,bus,High Stress,00:00 - 01:00,Night,Spring,4.0,1,0.0,0.1
Strasbourg,bus,High Stress,00:00 - 01:00,Night,Winter,3.0,1,0.0,0.1
Strasbourg,bus,High Stress,01:00 - 02:00,Night,Spring,3.0,1,0.0,0.1
Strasbourg,bus,High Stress,01:00 - 02:00,Night,Summer,4.0,1,0.0,0.1
Strasbourg,bus,High Stress,01:00 - 02:00,Night,Winter,3.5,2,2.1213203435596424,0.2
Strasbourg,bus,High Stress,02:00 - 03:00,Night,Spring,3.0,1,0.0,0.1
Strasbourg,bus,High Stress,02:00 - 03:00,Night,Summer,3.0,1,0.0,0.1
Strasbourg,bus,High Stress,02:00 - 03:00,Night,Winter,2.0,1,0.0,0.1
Strasbourg,bus,High Stress,03:00 - 04:00,Night,Winter,2.0,1,0.0,0.1
Strasbourg,bus,High Stress,06:00 - 07:00,Night,Summer,2.0,1,0.0,0.1
Strasbourg,bus,High Stress,07:00 - 08:00,Peak,Autumn,2.5,2,0.7071067811865476,0.2
Strasbourg,bus,High Stress,07:00 - 08:00,Peak,Summer,2.0,2,1.4142135623730951,0.2
Strasbourg,bus,High Stress,07:00 - 08:00,Peak,Winter,2.3333333333333335,3,1.5275252316519468,0.3
Strasbourg,bus,High Stress,08:00 - 09:00,Peak,Summer,3.0,1,0.0,0.1
Strasbourg,bus,High Stress,10:00 - 11:00,Off-Peak,Autumn,3.5,2,0.7071067811865476,0.2
Strasbourg,bus,High Stress,10:00 - 11:00,Off-Peak,Spring,4.0,3,1.0,0.3
Strasbourg,bus,High Stress,10:00 - 11:00,Off-Peak,Winter,3.0,2,1.4142135623730951,0.2
Strasbourg,bus,High Stress,11:00 - 12:00,Off-Peak,Spring,2.0,1,0.0,0.1
Strasbourg,bus,High Stress,11:00 - 12:00,Off-Peak,Winter,3.0,1,0.0,0.1
Strasbourg,bus,High Stress,13:00 - 14:00,Off-Peak,Summer,4.0,1,0.0,0.1
Strasbourg,bus,High Stress,14:00 - 15:00,Off-Peak,Winter,2.0,2,1.4142135623730951,0.2
Strasbourg,bus,High Stress,15:00 - 16:00,Off-Peak,Autumn,1.0,1,0.0,0.1
Strasbourg,bus,High Stress,15:00 - 16:00,Off-Peak,Summer,1.0,1,0.0,0.1
Strasbourg,bus,High Stress,15:00 - 16:00,Off-Peak,Winter,5.0,1,0.0,0.1
Strasbourg,bus,High Stress,16:00 - 17:00,Off-Peak,Summer,2.0,1,0.0,0.1
Strasbourg,bus,High Stress,16:00 - 17:00,Off-Peak,Winter,3.0,1,0.0,0.1
Strasbourg,bus,High Stress,17:00 - 18:00,Peak,Spring,3.0,2,1.4142135623730951,0.2
Strasbourg,bus,High Stress,17:00 - 18:00,Peak,Summer,1.0,1,0.0,0.1
Strasbourg,bus,High Stress,18:00 - 19:00,Peak,Spring,3.0,2,1.4142135623730951,0.2
Strasbourg,bus,High Stress,18:00 - 19:00,Peak,Summer,2.5,2,0.7071067811865476,0.2
Strasbourg,bus,High Stress,18:00 - 19:00,Peak,Winter,4.0,1,0.0,0.1
Strasbourg,bus,High Stress,19:00 - 20:00,Peak,Autumn,3.5,2,0.7071067811865476,0.2
Strasbourg,bus,High Stress,19:00 - 20:00,Peak,Spring,5.0,1,0.0,0.1
Strasbourg,bus,High Stress,19:00 - 20:00,Peak,Summer,2.0,1,0.0,0.1
Strasbourg,bus,High Stress,19:00 - 20:00,Peak,Winter,3.0,1,0.0,0.1
Strasbourg,bus,High Stress,20:00 - 21:00,Night,Summer,2.0,1,0.0,0.1
Strasbourg,bus,High Stress,21:00 - 22:00,Night,Summer,3.0,2,0.0,0.2
Strasbourg,bus,High Stress,22:00 - 23:00,Night,Autumn,3.0,1,0.0,0.1
Strasbourg,bus,High Stress,22:00 - 23:00,Night,Winter,3.0,1,0.0,0.1
Strasbourg,bus,High Stress,23:00 - 24:00,Night,Winter,2.6666666666666665,3,1.5275252316519468,0.3
Strasbourg,bus,Low Stress,00:00 - 01:00,Night,Autumn,2.0,3,1.0,0.3
Strasbourg,bus,Low Stress,00:00 - 01:00,Night,Spring,2.0,2,0.0,0.2
Strasbourg,bus,Low Stress,00:00 - 01:00,Night,Summer,2.3333333333333335,3,0.5773502691896258,0.3
Strasbourg,bus,Low Stress,00:00 - 01:00,Night,Winter,2.0,2,0.0,0.2
Strasbourg,bus,Low Stress,01:00 - 02:00,Night,Autumn,2.0,4,1.4142135623730951,0.4
Strasbourg,bus,Low Stress,01:00 - 02:00,Night,Spring,3.0,3,1.7320508075688772,0.3
Strasbourg,bus,Low Stress,01:00 - 02:00,Night,Summer,2.0,5,1.224744871391589,0.5
Strasbourg,bus,Low Stress,01:00 - 02:00,Night,Winter,2.8,5,0.8366600265340756,0.5
Strasbourg,bus,Low Stress,02:00 - 03:00,Night,Autumn,2.5,2,0.7071067811865476,0.2
Strasbourg,bus,Low Stress,02:00 - 03:00,Night,Spring,2.0,1,0.0,0.1
Strasbourg,bus,Low Stress,02:00 - 03:00,Night,Summer,2.5,2,0.7071067811865476,0.2
Strasbourg,bus,Low Stress,02:00 - 03:00,Night,Winter,2.5,2,2.1213203435596424,0.2
Strasbourg,bus,Low Stress,03:00 - 04:00,Night,Autumn,2.0,2,0.0,0.2
Strasbourg,bus,Low Stress,03:00 - 04:00,Night,Summer,2.3333333333333335,3,0.5773502691896257,0.3
Strasbourg,bus,Low Stress,03:00 - 04:00,Night,Winter,3.0,2,0.0,0.2
Strasbourg,bus,Low Stress,04:00 - 05:00,Night,Autumn,3.25,4,1.2583057392117916,0.4
Strasbourg,bus,Low Stress,04:00 - 05:00,Night,Spring,1.5,6,0.8366600265340756,0.6
Strasbourg,bus,Low Stress,04:00 - 05:00,Night,Summer,1.5,2,0.7071067811865476,0.2
Strasbourg,bus,Low Stress,04:00 - 05:00,Night,Winter,3.5,2,2.1213203435596424,0.2
Strasbourg,bus,Low Stress,05:00 - 06:00,Night,Autumn,4.0,2,0.0,0.2
Strasbourg,bus,Low Stress,05:00 - 06:00,Night,Spring,3.0,3,2.0,0.3
Strasbourg,bus,Low Stress,05:00 - 06:00,Night,Summer,2.5,4,1.0,0.4
Strasbourg,bus,Low Stress,05:00 - 06:00,Night,Winter,2.6666666666666665,3,0.5773502691896258,0.3
Strasbourg,bus,Low Stress,06:00 - 07:00,Night,Autumn,3.0,2,0.0,0.2
Strasbourg,bus,Low Stress,06:00 - 07:00,Night,Spring,3.25,4,0.9574271077563381,0.4
Strasbourg,bus,Low Stress,06:00 - 07:00,Night,Summer,2.6666666666666665,3,1.5275252316519465,0.3
Strasbourg,bus,Low Stress,06:00 - 07:00,Night,Winter,2.0,2,1.4142135623730951,0.2
Strasbourg,bus,Low Stress,07:00 - 08:00,Peak,Autumn,2.0,1,0.0,0.1
Strasbourg,bus,Low Stress,07:00 - 08:00,Peak,Spring,3.0,2,0.0,0.2
Strasbourg,bus,Low Stress,07:00 - 08:00,Peak,Summer,2.0,1,0.0,0.1
Strasbourg,bus,Low Stress,07:00 - 08:00,Peak,Winter,2.6666666666666665,3,1.1547005383792515,0.3
Strasbourg,bus,Low Stress,08:00 - 09:00,Peak,Autumn,2.3333333333333335,3,1.5275252316519468,0.3
Strasbourg,bus,Low Stress,08:00 - 09:00,Peak,Spring,4.5,2,0.7071067811865476,0.2
Strasbourg,bus,Low Stress,08:00 - 09:00,Peak,Summer,2.25,4,1.2583057392117916,0.4
Strasbourg,bus,Low Stress,08:00 - 09:00,Peak,Winter,1.0,1,0.0,0.1
Strasbourg,bus,Low Stress,09:00 - 10:00,Peak,Autumn,2.3333333333333335,3,0.5773502691896257,0.3
Strasbourg,bus,Low Stress,09:00 - 10:00,Peak,Spring,2.7142857142857144,7,1.2535663410560174,0.7
Strasbourg,bus,Low Stress,09:00 - 10:00,Peak,Summer,2.0,2,1.4142135623730951,0.2
Strasbourg,bus,Low Stress,09:00 - 10:00,Peak,Winter,2.3333333333333335,3,0.5773502691896257,0.3
Strasbourg,bus,Low Stress,10:00 - 11:00,Off-Peak,Autumn,3.0,3,1.0,0.3
Strasbourg,bus,Low Stress,10:00 - 11:00,Off-Peak,Spring,2.5,2,2.1213203435596424,0.2
Strasbourg,bus,Low Stress,10:00 - 11:00,Off-Peak,Summer,3.0,3,1.7320508075688772,0.3
Strasbourg,bus,Low Stress,10:00 - 11:00,Off-Peak,Winter,3.5,2,0.7071067811865476,0.2
Strasbourg,bus,Low Stress,11:00 - 12:00,Off-Peak,Autumn,5.0,1,0.0,0.1
Strasbourg,bus,Low Stress,11:00 - 12:00,Off-Peak,Spring,1.0,1,0.0,0.1
Strasbourg,bus,Low Stress,11:00 - 12:00,Off-Peak,Summer,2.5,2,0.7071067811865476,0.2
Strasbourg,bus,Low Stress,11:00 - 12:00,Off-Peak,Winter,2.8,5,1.0954451150103321,0.5
Strasbourg,bus,Low Stress,12:00 - 13:00,Off-Peak,Autumn,2.0,1,0.0,0.1
Strasbourg,bus,Low Stress,12:00 - 13:00,Off-Peak,Spring,3.0,1,0.0,0.1
Strasbourg,bus,Low Stress,12:00 - 13:00,Off-Peak,Summer,2.0,2,0.0,0.2
Strasbourg,bus,Low Stress,12:00 - 13:00,Off-Peak,Winter,2.3333333333333335,3,0.5773502691896258,0.3
Strasbourg,bus,Low Stress,13:00 - 14:00,Off-Peak,Autumn,2.6666666666666665,3,0.5773502691896258,0.3
Strasbourg,bus,Low Stress,13:00 - 14:00,Off-Peak,Spring,2.0,2,0.0,0.2
Strasbourg,bus,Low Stress,13:00 - 14:00,Off-Peak,Summer,2.4,5,0.5477225575051662,0.5
Strasbourg,bus,Low Stress,14:00 - 15:00,Off-Peak,Autumn,1.5,2,0.7071067811865476,0.2
Strasbourg,bus,Low Stress,14:00 - 15:00,Off-Peak,Spring,3.0,4,1.1547005383792515,0.4
Strasbourg,bus,Low Stress,14:00 - 15:00,Off-Peak,Summer,2.3333333333333335,3,1.5275252316519465,0.3
Strasbourg,bus,Low Stress,14:00 - 15:00,Off-Peak,Winter,2.75,4,1.2583057392117916,0.4
Strasbourg,bus,Low Stress,15:00 - 16:00,Off-Peak,Autumn,2.0,7,1.1547005383792515,0.7
Strasbourg,bus,Low Stress,15:00 - 16:00,Off-Peak,Spring,1.0,1,0.0,0.1
Strasbourg,bus,Low Stress,15:00 - 16:00,Off-Peak,Summer,2.6666666666666665,3,0.5773502691896257,0.3
Strasbourg,bus,Low Stress,16:00 - 17:00,Off-Peak,Autumn,1.6666666666666667,3,0.5773502691896258,0.3
Strasbourg,bus,Low Stress,16:00 - 17:00,Off-Peak,Spring,2.0,5,1.0,0.5
Strasbourg,bus,Low Stress,16:00 - 17:00,Off-Peak,Summer,2.0,3,0.0,0.3
Strasbourg,bus,Low Stress,16:00 - 17:00,Off-Peak,Winter,2.5,4,1.2909944487358054,0.4
Strasbourg,bus,Low Stress,17:00 - 18:00,Peak,Autumn,3.0,2,1.4142135623730951,0.2
Strasbourg,bus,Low Stress,17:00 - 18:00,Peak,Spring,2.0,1,0.0,0.1
Strasbourg,bus,Low Stress,17:00 - 18:00,Peak,Summer,2.5,2,0.7071067811865476,0.2
Strasbourg,bus,Low Stress,17:00 - 18:00,Peak,Winter,3.0,2,0.0,0.2
Strasbourg,bus,Low Stress,18:00 - 19:00,Peak,Autumn,1.5,2,0.7071067811865476,0.2
Strasbourg,bus,Low Stress,18:00 - 19:00,Peak,Spring,2.5,2,2.1213203435596424,0.2
Strasbourg,bus,Low Stress,18:00 - 19:00,Peak,Summer,3.5,2,0.7071067811865476,0.2
Strasbourg,bus,Low Stress,18:00 - 19:00,Peak,Winter,3.25,4,0.9574271077563381,0.4
Strasbourg,bus,Low Stress,19:00 - 20:00,Peak,Autumn,2.0,1,0.0,0.1
Strasbourg,bus,Low Stress,19:00 - 20:00,Peak,Spring,2.4,5,0.8944271909999159,0.5
Strasbourg,bus,Low Stress,19:00 - 20:00,Peak,Summer,2.75,4,0.9574271077563381,0.4
Strasbourg,bus,Low Stress,19:00 - 20:00,Peak,Winter,3.0,2,0.0,0.2
Strasbourg,bus,Low Stress,20:00 - 21:00,Night,Autumn,2.0,2,0.0,0.2
Strasbourg,bus,Low Stress,20:00 - 21:00,Night,Spring,2.6,5,0.5477225575051662,0.5
Strasbourg,bus,Low Stress,20:00 - 21:00,Night,Summer,2.0,5,0.7071067811865476,0.5
Strasbourg,bus,Low Stress,20:00 - 21:00,Night,Winter,1.5,2,0.7071067811865476,0.2
Strasbourg,bus,Low Stress,21:00 - 22:00,Night,Autumn,2.0,2,1.4142135623730951,0.2
Strasbourg,bus,Low Stress,21:00 - 22:00,Night,Spring,4.0,1,0.0,0.1
Strasbourg,bus,Low Stress,21:00 - 22:00,Night,Summer,2.5,10,1.0801234497346435,1.0
Strasbourg,bus,Low Stress,21:00 - 22:00,Night,Winter,3.0,3,0.0,0.3
Strasbourg,bus,Low Stress,22:00 - 23:00,Night,Autumn,2.6,5,1.140175425099138,0.5
Strasbourg,bus,Low Stress,22:00 - 23:00,Night,Spring,4.0,1,0.0,0.1
Strasbourg,bus,Low Stress,22:00 - 23:00,Night,Summer,3.0,6,1.0954451150103321,0.6
Strasbourg,bus,Low Stress,22:00 - 23:00,Night,Winter,2.75,4,1.2583057392117916,0.4
Strasbourg,bus,Low Stress,23:00 - 24:00,Night,Autumn,1.5,2,0.7071067811865476,0.2
Strasbourg,bus,Low Stress,23:00 - 24:00,Night,Spring,4.0,1,0.0,0.1
Strasbourg,bus,Low Stress,23:00 - 24:00,Night,Summer,3.5,2,0.7071067811865476,0.2
Strasbourg,bus,Low Stress,23:00 - 24:00,Night,Winter,3.0,2,1.4142135623730951,0.2
Strasbourg,métro,High Stress,00:00 - 01:00,Night,Autumn,3.0,2,1.4142135623730951,0.2
Strasbourg,métro,High Stress,00:00 - 01:00,Night,Spring,2.0,1,0.0,0.1
Strasbourg,métro,High Stress,01:00 - 02:00,Night,Autumn,2.0,2,0.0,0.2
Strasbourg,métro,High Stress,01:00 - 02:00,Night,Summer,3.0,1,0.0,0.1
Strasbourg,métro,High Stress,01:00 - 02:00,Night,Winter,1.0,1,0.0,0.1
Strasbourg,métro,High Stress,02:00 - 03:00,Night,Winter,2.0,1,0.0,0.1
Strasbourg,métro,High Stress,03:00 - 04:00,Night,Autumn,2.0,1,0.0,0.1
Strasbourg,métro,High Stress,03:00 - 04:00,Night,Spring,2.5,2,0.7071067811865476,0.2
Strasbourg,métro,High Stress,04:00 - 05:00,Night,Spring,,0,0.0,0.0
Strasbourg,métro,High Stress,04:00 - 05:00,Night,Summer,2.0,2,1.4142135623730951,0.2
Strasbourg,métro,High Stress,05:00 - 06:00,Night,Spring,5.0,1,0.0,0.1
Strasbourg,métro,High Stress,05:00 - 06:00,Night,Winter,2.0,1,0.0,0.1
Strasbourg,métro,High Stress,06:00 - 07:00,Night,Autumn,4.0,1,0.0,0.1
Strasbourg,métro,High Stress,06:00 - 07:00,Night,Spring,2.0,1,0.0,0.1
Strasbourg,métro,High Stress,06:00 - 07:00,Night,Summer,2.0,1,0.0,0.1
Strasbourg,métro,High Stress,07:00 - 08:00,Peak,Spring,3.5,2,0.7071067811865476,0.2
Strasbourg,métro,High Stress,08:00 - 09:00,Peak,Autumn,4.0,1,0.0,0.1
Strasbourg,métro,High Stress,08:00 - 09:00,Peak,Summer,3.5,2,0.7071067811865476,0.2
Strasbourg,métro,High Stress,09:00 - 10:00,Peak,Spring,3.0,1,0.0,0.1
Strasbourg,métro,High Stress,10:00 - 11:00,Off-Peak,Spring,,0,0.0,0.0
Strasbourg,métro,High Stress,11:00 - 12:00,Off-Peak,Summer,2.0,1,0.0,0.1
Strasbourg,métro,High Stress,12:00 - 13:00,Off-Peak,Winter,4.0,1,0.0,0.1
Strasbourg,métro,High Stress,13:00 - 14:00,Off-Peak,Autumn,2.0,1,0.0,0.1
Strasbourg,métro,High Stress,13:00 - 14:00,Off-Peak,Summer,2.0,1,0.0,0.1
Strasbourg,métro,High Stress,14:00 - 15:00,Off-Peak,Autumn,3.0,1,0.0,0.1
Strasbourg,métro,High Stress,15:00 - 16:00,Off-Peak,Autumn,3.0,1,0.0,0.1
Strasbourg,métro,High Stress,15:00 - 16:00,Off-Peak,Spring,4.0,1,0.0,0.1
Strasbourg,métro,High Stress,15:00 - 16:00,Off-Peak,Winter,3.0,2,1.4142135623730951,0.2
Strasbourg,métro,High Stress,16:00 - 17:00,Off-Peak,Winter,1.0,1,0.0,0.1
Strasbourg,métro,High Stress,17:00 - 18:00,Peak,Summer,1.0,1,0.0,0.1
Strasbourg,métro,High Stress,18:00 - 19:00,Peak,Autumn,2.0,1,0.0,0.1
Strasbourg,métro,High Stress,18:00 - 19:00,Peak,Spring,3.0,1,0.0,0.1
Strasbourg,métro,High Stress,18:00 - 19:00,Peak,Summer,3.0,1,0.0,0.1
Strasbourg,métro,High Stress,19:00 - 20:00,Peak,Spring,3.0,1,0.0,0.1
Strasbourg,métro,High Stress,19:00 - 20:00,Peak,Winter,3.0,1,0.0,0.1
Strasbourg,métro,High Stress,20:00 - 21:00,Night,Spring,4.0,2,0.0,0.2
Strasbourg,métro,High Stress,20:00 - 21:00,Night,Summer,3.0,1,0.0,0.1
Strasbourg,métro,High Stress,21:00 - 22:00,Night,Autumn,1.0,1,0.0,0.1
Strasbourg,métro,High Stress,21:00 - 22:00,Night,Spring,4.0,1,0.0,0.1
Strasbourg,métro,High Stress,21:00 - 22:00,Night,Summer,3.0,1,0.0,0.1
Strasbourg,métro,High Stress,22:00 - 23:00,Night,Autumn,1.0,1,0.0,0.1
Strasbourg,métro,High Stress,23:00 - 24:00,Night,Autumn,4.0,1,0.0,0.1
Strasbourg,métro,High Stress,23:00 - 24:00,Night,Winter,1.0,1,0.0,0.1
Strasbourg,métro,Low Stress,00:00 - 01:00,Night,Spring,2.6666666666666665,3,1.5275252316519468,0.3
Strasbourg,métro,Low Stress,00:00 - 01:00,Night,Summer,3.0,1,0.0,0.1
Strasbourg,métro,Low Stress,00:00 - 01:00,Night,Winter,3.0,1,0.0,0.1
Strasbourg,métro,Low Stress,01:00 - 02:00,Night,Autumn,2.6666666666666665,3,1.1547005383792515,0.3
Strasbourg,métro,Low Stress,01:00 - 02:00,Night,Spring,3.0,1,0.0,0.1
Strasbourg,métro,Low Stress,01:00 - 02:00,Night,Summer,2.0,1,0.0,0.1
Strasbourg,métro,Low Stress,01:00 - 02:00,Night,Winter,3.0,2,1.4142135623730951,0.2
Strasbourg,métro,Low Stress,02:00 - 03:00,Night,Spring,3.0,1,0.0,0.1
Strasbourg,métro,Low Stress,02:00 - 03:00,Night,Winter,3.0,2,0.0,0.2
Strasbourg,métro,Low Stress,03:00 - 04:00,Night,Autumn,1.0,1,0.0,0.1
Strasbourg,métro,Low Stress,03:00 - 04:00,Night,Spring,2.0,3,0.0,0.3
Strasbourg,métro,Low Stress,03:00 - 04:00,Night,Winter,3.5,2,0.7071067811865476,0.2
Strasbourg,métro,Low Stress,04:00 - 05:00,Night,Autumn,3.0,1,0.0,0.1
Strasbourg,métro,Low Stress,04:00 - 05:00,Night,Spring,3.0,1,0.0,0.1
Strasbourg,métro,Low Stress,04:00 - 05:00,Night,Summer,3.3333333333333335,3,1.1547005383792517,0.3
Strasbourg,métro,Low Stress,04:00 - 05:00,Night,Winter,1.5,2,0.7071067811865476,0.2
Strasbourg,métro,Low Stress,05:00 - 06:00,Night,Autumn,2.75,4,0.9574271077563381,0.4
Strasbourg,métro,Low Stress,05:00 - 06:00,Night,Spring,2.0,1,0.0,0.1
Strasbourg,métro,Low Stress,05:00 - 06:00,Night,Summer,3.5,2,0.7071067811865476,0.2
Strasbourg,métro,Low Stress,05:00 - 06:00,Night,Winter,2.0,1,0.0,0.1
Strasbourg,métro,Low Stress,06:00 - 07:00,Night,Autumn,3.0,3,0.0,0.3
Strasbourg,métro,Low Stress,06:00 - 07:00,Night,Spring,1.5,2,0.7071067811865476,0.2
Strasbourg,métro,Low Stress,06:00 - 07:00,Night,Summer,3.25,4,1.5,0.4
Strasbourg,métro,Low Stress,06:00 - 07:00,Night,Winter,3.0,1,0.0,0.1
Strasbourg,métro,Low Stress,07:00 - 08:00,Peak,Summer,3.0,4,1.4142135623730951,0.4
Strasbourg,métro,Low Stress,07:00 - 08:00,Peak,Winter,2.4,5,0.5477225575051661,0.5
Strasbourg,métro,Low Stress,08:00 - 09:00,Peak,Autumn,2.5,2,0.7071067811865476,0.2
Strasbourg,métro,Low Stress,08:00 - 09:00,Peak,Spring,2.0,3,1.0,0.3
Strasbourg,métro,Low Stress,08:00 - 09:00,Peak,Summer,1.0,1,0.0,0.1
Strasbourg,métro,Low Stress,08:00 - 09:00,Peak,Winter,3.0,1,0.0,0.1
Strasbourg,métro,Low Stress,09:00 - 10:00,Peak,Spring,2.5,2,0.7071067811865476,0.2
Strasbourg,métro,Low Stress,09:00 - 10:00,Peak,Summer,2.0,2,0.0,0.2
Strasbourg,métro,Low Stress,09:00 - 10:00,Peak,Winter,3.3333333333333335,3,0.5773502691896258,0.3
Strasbourg,métro,Low Stress,10:00 - 11:00,Off-Peak,Autumn,2.6666666666666665,3,1.1547005383792515,0.3
Strasbourg,métro,Low Stress,10:00 - 11:00,Off-Peak,Spring,2.0,2,1.4142135623730951,0.2
Strasbourg,métro,Low Stress,10:00 - 11:00,Off-Peak,Summer,2.6666666666666665,3,0.5773502691896258,0.3
Strasbourg,métro,Low Stress,10:00 - 11:00,Off-Peak,Winter,2.5,2,0.7071067811865476,0.2
Strasbourg,métro,Low Stress,11:00 - 12:00,Off-Peak,Autumn,2.8,5,0.447213595499958,0.5
Strasbourg,métro,Low Stress,11:00 - 12:00,Off-Peak,Spring,2.0,1,0.0,0.1
Strasbourg,métro,Low Stress,11:00 - 12:00,Off-Peak,Summer,2.0,1,0.0,0.1
Strasbourg,métro,Low Stress,11:00 - 12:00,Off-Peak,Winter,3.0,1,0.0,0.1
Strasbourg,métro,Low Stress,12:00 - 13:00,Off-Peak,Autumn,2.5,2,0.7071067811865476,0.2
Strasbourg,métro,Low Stress,12:00 - 13:00,Off-Peak,Spring,2.0,3,0.0,0.3
Strasbourg,métro,Low Stress,12:00 - 13:00,Off-Peak,Summer,4.0,1,0.0,0.1
Strasbourg,métro,Low Stress,12:00 - 13:00,Off-Peak,Winter,2.0,2,0.0,0.2
Strasbourg,métro,Low Stress,13:00 - 14:00,Off-Peak,Autumn,3.3333333333333335,3,0.5773502691896257,0.3
Strasbourg,métro,Low Stress,13:00 - 14:00,Off-Peak,Spring,2.2,5,0.8366600265340756,0.5
Strasbourg,métro,Low Stress,13:00 - 14:00,Off-Peak,Summer,3.0,3,1.0,0.3
Strasbourg,métro,Low Stress,13:00 - 14:00,Off-Peak,Winter,2.0,4,0.816496580927726,0.4
Strasbourg,métro,Low Stress,14:00 - 15:00,Off-Peak,Autumn,1.5,2,0.7071067811865476,0.2
Strasbourg,métro,Low Stress,14:00 - 15:00,Off-Peak,Spring,2.0,1,0.0,0.1
Strasbourg,métro,Low Stress,14:00 - 15:00,Off-Peak,Summer,1.5,2,0.7071067811865476,0.2
Strasbourg,métro,Low Stress,14:00 - 15:00,Off-Peak,Winter,2.5,2,2.1213203435596424,0.2
Strasbourg,métro,Low Stress,15:00 - 16:00,Off-Peak,Autumn,2.5,4,0.5773502691896257,0.4
Strasbourg,métro,Low Stress,15:00 - 16:00,Off-Peak,Spring,1.0,1,0.0,0.1
Strasbourg,métro,Low Stress,15:00 - 16:00,Off-Peak,Summer,2.0,1,0.0,0.1
Strasbourg,métro,Low Stress,15:00 - 16:00,Off-Peak,Winter,2.6666666666666665,3,1.1547005383792517,0.3
Strasbourg,métro,Low Stress,16:00 - 17:00,Off-Peak,Autumn,3.1666666666666665,6,0.752772652709081,0.6
Strasbourg,métro,Low Stress,16:00 - 17:00,Off-Peak,Spring,2.6666666666666665,3,0.5773502691896258,0.3
Strasbourg,métro,Low Stress,16:00 - 17:00,Off-Peak,Summer,1.5,2,0.7071067811865476,0.2
Strasbourg,métro,Low Stress,16:00 - 17:00,Off-Peak,Winter,3.5,4,0.5773502691896257,0.4
Strasbourg,métro,Low Stress,17:00 - 18:00,Peak,Autumn,2.2,5,1.0954451150103324,0.5
Strasbourg,métro,Low Stress,17:00 - 18:00,Peak,Spring,2.5,2,0.7071067811865476,0.2
Strasbourg,métro,Low Stress,17:00 - 18:00,Peak,Summer,3.0,1,0.0,0.1
Strasbourg,métro,Low Stress,17:00 - 18:00,Peak,Winter,1.0,1,0.0,0.1
Strasbourg,métro,Low Stress,18:00 - 19:00,Peak,Autumn,2.5,2,2.1213203435596424,0.2
Strasbourg,métro,Low Stress,18:00 - 19:00,Peak,Spring,3.0,3,1.0,0.3
Strasbourg,métro,Low Stress,18:00 - 19:00,Peak,Summer,2.0,1,0.0,0.1
Strasbourg,métro,Low Stress,18:00 - 19:00,Peak,Winter,2.3333333333333335,3,1.5275252316519468,0.3
Strasbourg,métro,Low Stress,19:00 - 20:00,Peak,Autumn,2.0,1,0.0,0.1
Strasbourg,métro,Low Stress,19:00 - 20:00,Peak,Spring,2.0,3,1.0,0.3
Strasbourg,métro,Low Stress,19:00 - 20:00,Peak,Summer,3.0,4,1.4142135623730951,0.4
Strasbourg,métro,Low Stress,19:00 - 20:00,Peak,Winter,5.0,1,0.0,0.1
Strasbourg,métro,Low Stress,20:00 - 21:00,Night,Autumn,3.0,1,0.0,0.1
Strasbourg,métro,Low Stress,20:00 - 21:00,Night,Spring,2.6666666666666665,3,0.5773502691896258,0.3
Strasbourg,métro,Low Stress,20:00 - 21:00,Night,Summer,2.0,2,1.4142135623730951,0.2
Strasbourg,métro,Low Stress,20:00 - 21:00,Night,Winter,2.0,1,0.0,0.1
Strasbourg,métro,Low Stress,21:00 - 22:00,Night,Autumn,3.0,3,1.0,0.3
Strasbourg,métro,Low Stress,21:00 - 22:00,Night,Spring,3.0,4,0.816496580927726,0.4
Strasbourg,métro,Low Stress,21:00 - 22:00,Night,Summer,2.0,5,0.7071067811865476,0.5
Strasbourg,métro,Low Stress,21:00 - 22:00,Night,Winter,2.0,2,0.0,0.2
Strasbourg,métro,Low Stress,22:00 - 23:00,Night,Autumn,2.0,1,0.0,0.1
Strasbourg,métro,Low Stress,22:00 - 23:00,Night,Spring,3.0,4,0.816496580927726,0.4
Strasbourg,métro,Low Stress,22:00 - 23:00,Night,Winter,2.0,1,0.0,0.1
Strasbourg,métro,Low Stress,23:00 - 24:00,Night,Autumn,2.0,2,0.0,0.2
Strasbourg,métro,Low Stress,23:00 - 24:00,Night,Spring,2.0,3,1.0,0.3
Strasbourg,métro,Low Stress,23:00 - 24:00,Night,Summer,3.0,1,0.0,0.1
Strasbourg,métro,Low Stress,23:00 - 24:00,Night,Winter,3.0,1,0.0,0.1
Strasbourg,tram,High Stress,00:00 - 01:00,Night,Spring,4.0,1,0.0,0.1
Strasbourg,tram,High Stress,01:00 - 02:00,Night,Spring,,0,0.0,0.0
Strasbourg,tram,High Stress,01:00 - 02:00,Night,Summer,1.0,1,0.0,0.1
Strasbourg,tram,High Stress,03:00 - 04:00,Night,Autumn,1.0,1,0.0,0.1
Strasbourg,tram,High Stress,04:00 - 05:00,Night,Autumn,1.5,2,0.7071067811865476,0.2
Strasbourg,tram,High Stress,04:00 - 05:00,Night,Summer,2.0,1,0.0,0.1
Strasbourg,tram,High Stress,04:00 - 05:00,Night,Winter,4.0,1,0.0,0.1
Strasbourg,tram,High Stress,05:00 - 06:00,Night,Spring,3.0,1,0.0,0.1
Strasbourg,tram,High Stress,09:00 - 10:00,Peak,Autumn,2.0,1,0.0,0.1
Strasbourg,tram,High Stress,09:00 - 10:00,Peak,Summer,3.0,1,0.0,0.1
Strasbourg,tram,High Stress,10:00 - 11:00,Off-Peak,Autumn,4.0,1,0.0,0.1
Strasbourg,tram,High Stress,11:00 - 12:00,Off-Peak,Autumn,1.0,1,0.0,0.1
Strasbourg,tram,High Stress,12:00 - 13:00,Off-Peak,Spring,2.0,1,0.0,0.1
Strasbourg,tram,High Stress,13:00 - 14:00,Off-Peak,Summer,3.0,1,0.0,0.1
Strasbourg,tram,High Stress,13:00 - 14:00,Off-Peak,Winter,3.0,1,0.0,0.1
Strasbourg,tram,High Stress,14:00 - 15:00,Off-Peak,Autumn,5.0,1,0.0,0.1
Strasbourg,tram,High Stress,15:00 - 16:00,Off-Peak,Spring,3.0,1,0.0,0.1
Strasbourg,tram,High Stress,15:00 - 16:00,Off-Peak,Summer,4.0,1,0.0,0.1
Strasbourg,tram,High Stress,17:00 - 18:00,Peak,Winter,3.0,1,0.0,0.1
Strasbourg,tram,High Stress,18:00 - 19:00,Peak,Spring,3.0,2,0.0,0.2
Strasbourg,tram,High Stress,18:00 - 19:00,Peak,Winter,2.0,1,0.0,0.1
Strasbourg,tram,High Stress,19:00 - 20:00,Peak,Summer,2.3333333333333335,3,0.5773502691896258,0.3
Strasbourg,tram,High Stress,20:00 - 21:00,Night,Spring,2.0,1,0.0,0.1
Strasbourg,tram,High Stress,21:00 - 22:00,Night,Spring,4.0,1,0.0,0.1
Strasbourg,tram,High Stress,23:00 - 24:00,Night,Summer,2.0,2,0.0,0.2
Strasbourg,tram,Low Stress,00:00 - 01:00,Night,Autumn,1.5,2,0.7071067811865476,0.2
Strasbourg,tram,Low Stress,00:00 - 01:00,Night,Spring,2.0,2,1.4142135623730951,0.2
Strasbourg,tram,Low Stress,00:00 - 01:00,Night,Summer,2.0,1,0.0,0.1
Strasbourg,tram,Low Stress,01:00 - 02:00,Night,Autumn,2.75,4,0.49999999999999994,0.4
Strasbourg,tram,Low Stress,01:00 - 02:00,Night,Spring,2.5,2,0.7071067811865476,0.2
Strasbourg,tram,Low Stress,01:00 - 02:00,Night,Winter,3.0,1,0.0,0.1
Strasbourg,tram,Low Stress,02:00 - 03:00,Night,Spring,2.0,3,1.0,0.3
Strasbourg,tram,Low Stress,02:00 - 03:00,Night,Summer,2.5,2,0.7071067811865476,0.2
Strasbourg,tram,Low Stress,02:00 - 03:00,Night,Winter,2.5,4,1.2909944487358056,0.4
Strasbourg,tram,Low Stress,03:00 - 04:00,Night,Autumn,2.0,2,1.4142135623730951,0.2
Strasbourg,tram,Low Stress,03:00 - 04:00,Night,Spring,3.0,1,0.0,0.1
Strasbourg,tram,Low Stress,03:00 - 04:00,Night,Winter,1.5,2,0.7071067811865476,0.2
Strasbourg,tram,Low Stress,04:00 - 05:00,Night,Spring,2.5,2,0.7071067811865476,0.2
Strasbourg,tram,Low Stress,04:00 - 05:00,Night,Winter,2.0,2,0.0,0.2
Strasbourg,tram,Low Stress,05:00 - 06:00,Night,Autumn,2.0,4,1.1547005383792515,0.4
Strasbourg,tram,Low Stress,05:00 - 06:00,Night,Spring,1.75,4,0.9574271077563381,0.4
Strasbourg,tram,Low Stress,05:00 - 06:00,Night,Summer,2.0,1,0.0,0.1
Strasbourg,tram,Low Stress,05:00 - 06:00,Night,Winter,2.6666666666666665,3,0.5773502691896257,0.3
Strasbourg,tram,Low Stress,06:00 - 07:00,Night,Autumn,3.0,3,0.0,0.3
Strasbourg,tram,Low Stress,06:00 - 07:00,Night,Spring,1.5,2,0.7071067811865476,0.2
Strasbourg,tram,Low Stress,06:00 - 07:00,Night,Summer,2.5,2,0.7071067811865476,0.2
Strasbourg,tram,Low Stress,06:00 - 07:00,Night,Winter,2.0,1,0.0,0.1
Strasbourg,tram,Low Stress,07:00 - 08:00,Peak,Autumn,2.0,1,0.0,0.1
Strasbourg,tram,Low Stress,07:00 - 08:00,Peak,Spring,3.0,3,1.0,0.3
Strasbourg,tram,Low Stress,07:00 - 08:00,Peak,Summer,2.6666666666666665,3,1.5275252316519468,0.3
Strasbourg,tram,Low Stress,08:00 - 09:00,Peak,Spring,2.0,3,0.0,0.3
Strasbourg,tram,Low Stress,08:00 - 09:00,Peak,Winter,3.0,2,0.0,0.2
Strasbourg,tram,Low Stress,09:00 - 10:00,Peak,Autumn,2.0,3,1.7320508075688772,0.3
Strasbourg,tram,Low Stress,09:00 - 10:00,Peak,Spring,2.0,1,0.0,0.1
Strasbourg,tram,Low Stress,09:00 - 10:00,Peak,Summer,4.0,1,0.0,0.1
Strasbourg,tram,Low Stress,09:00 - 10:00,Peak,Winter,2.5,2,0.7071067811865476,0.2
Strasbourg,tram,Low Stress,10:00 - 11:00,Off-Peak,Autumn,3.5,2,2.1213203435596424,0.2
Strasbourg,tram,Low Stress,10:00 - 11:00,Off-Peak,Spring,2.5,2,0.7071067811865476,0.2
Strasbourg,tram,Low Stress,10:00 - 11:00,Off-Peak,Summer,3.0,1,0.0,0.1
Strasbourg,tram,Low Stress,10:00 - 11:00,Off-Peak,Winter,2.0,3,1.0,0.3
Strasbourg,tram,Low Stress,11:00 - 12:00,Off-Peak,Autumn,3.5,2,0.7071067811865476,0.2
Strasbourg,tram,Low Stress,11:00 - 12:00,Off-Peak,Spring,2.3333333333333335,3,0.5773502691896258,0.3
Strasbourg,tram,Low Stress,11:00 - 12:00,Off-Peak,Summer,3.0,1,0.0,0.1
Strasbourg,tram,Low Stress,11:00 - 12:00,Off-Peak,Winter,2.0,1,0.0,0.1
Strasbourg,tram,Low Stress,12:00 - 13:00,Off-Peak,Autumn,1.0,1,0.0,0.1
Strasbourg,tram,Low Stress,12:00 - 13:00,Off-Peak,Spring,2.4,5,0.5477225575051662,0.5
Strasbourg,tram,Low Stress,12:00 - 13:00,Off-Peak,Winter,1.5,2,0.7071067811865476,0.2
Strasbourg,tram,Low Stress,13:00 - 14:00,Off-Peak,Autumn,2.0,1,0.0,0.1
Strasbourg,tram,Low Stress,13:00 - 14:00,Off-Peak,Summer,3.0,2,1.4142135623730951,0.2
Strasbourg,tram,Low Stress,13:00 - 14:00,Off-Peak,Winter,1.0,1,0.0,0.1
Strasbourg,tram,Low Stress,14:00 - 15:00,Off-Peak,Autumn,2.5,2,0.7071067811865476,0.2
Strasbourg,tram,Low Stress,14:00 - 15:00,Off-Peak,Spring,2.0,1,0.0,0.1
Strasbourg,tram,Low Stress,14:00 - 15:00,Off-Peak,Summer,2.0,4,0.816496580927726,0.4
Strasbourg,tram,Low Stress,14:00 - 15:00,Off-Peak,Winter,2.5,2,0.7071067811865476,0.2
Strasbourg,tram,Low Stress,15:00 - 16:00,Off-Peak,Autumn,2.0,5,0.7071067811865476,0.5
Strasbourg,tram,Low Stress,15:00 - 16:00,Off-Peak,Spring,2.0,2,0.0,0.2
Strasbourg,tram,Low Stress,16:00 - 17:00,Off-Peak,Autumn,2.5,4,0.5773502691896257,0.4
Strasbourg,tram,Low Stress,16:00 - 17:00,Off-Peak,Spring,3.0,1,0.0,0.1
Strasbourg,tram,Low Stress,16:00 - 17:00,Off-Peak,Summer,3.0,2,1.4142135623730951,0.2
Strasbourg,tram,Low Stress,16:00 - 17:00,Off-Peak,Winter,2.3333333333333335,3,1.1547005383792515,0.3
Strasbourg,tram,Low Stress,17:00 - 18:00,Peak,Autumn,2.0,3,1.0,0.3
Strasbourg,tram,Low Stress,17:00 - 18:00,Peak,Spring,2.0,1,0.0,0.1
Strasbourg,tram,Low Stress,17:00 - 18:00,Peak,Summer,3.5,2,0.7071067811865476,0.2
Strasbourg,tram,Low Stress,17:00 - 18:00,Peak,Winter,1.0,1,0.0,0.1
Strasbourg,tram,Low Stress,18:00 - 19:00,Peak,Autumn,4.0,1,0.0,0.1
Strasbourg,tram,Low Stress,18:00 - 19:00,Peak,Spring,3.0,1,0.0,0.1
Strasbourg,tram,Low Stress,18:00 - 19:00,Peak,Summer,3.0,3,1.0,0.3
Strasbourg,tram,Low Stress,18:00 - 19:00,Peak,Winter,2.0,3,1.0,0.3
Strasbourg,tram,Low Stress,19:00 - 20:00,Peak,Autumn,3.0,3,0.0,0.3
Strasbourg,tram,Low Stress,19:00 - 20:00,Peak,Spring,2.5,2,0.7071067811865476,0.2
Strasbourg,tram,Low Stress,19:00 - 20:00,Peak,Summer,2.3333333333333335,3,0.5773502691896258,0.3
Strasbourg,tram,Low Stress,20:00 - 21:00,Night,Autumn,3.5,2,0.7071067811865476,0.2
Strasbourg,tram,Low Stress,20:00 - 21:00,Night,Winter,2.5,2,0.7071067811865476,0.2
Strasbourg,tram,Low Stress,21:00 - 22:00,Night,Autumn,2.0,1,0.0,0.1
Strasbourg,tram,Low Stress,21:00 - 22:00,Night,Spring,3.0,1,0.0,0.1
Strasbourg,tram,Low Stress,21:00 - 22:00,Night,Summer,2.6666666666666665,3,1.5275252316519468,0.3
Strasbourg,tram,Low Stress,22:00 - 23:00,Night,Spring,2.5,2,0.7071067811865476,0.2
Strasbourg,tram,Low Stress,22:00 - 23:00,Night,Summer,3.0,3,0.0,0.3
Strasbourg,tram,Low Stress,22:00 - 23:00,Night,Winter,2.0,1,0.0,0.1
Strasbourg,tram,Low Stress,23:00 - 24:00,Night,Autumn,2.0,1,0.0,0.1
Strasbourg,tram,Low Stress,23:00 - 24:00,Night,Spring,3.5,2,0.7071067811865476,0.2
Strasbourg,tram,Low Stress,23:00 - 24:00,Night,Summer,1.0,1,0.0,0.1
Strasbourg,voiture,High Stress,00:00 - 01:00,Night,Spring,2.0,1,0.0,0.1
Strasbourg,voiture,High Stress,00:00 - 01:00,Night,Summer,2.0,1,0.0,0.1
Strasbourg,voiture,High Stress,00:00 - 01:00,Night,Winter,3.0,1,0.0,0.1
Strasbourg,voiture,High Stress,01:00 - 02:00,Night,Autumn,3.0,1,0.0,0.1
Strasbourg,voiture,High Stress,02:00 - 03:00,Night,Autumn,2.0,1,0.0,0.1
Strasbourg,voiture,High Stress,02:00 - 03:00,Night,Summer,1.5,2,0.7071067811865476,0.2
Strasbourg,voiture,High Stress,02:00 - 03:00,Night,Winter,2.3333333333333335,3,1.5275252316519465,0.3
Strasbourg,voiture,High Stress,03:00 - 04:00,Night,Autumn,2.0,1,0.0,0.1
Strasbourg,voiture,High Stress,04:00 - 05:00,Night,Spring,1.0,1,0.0,0.1
Strasbourg,voiture,High Stress,06:00 - 07:00,Night,Summer,1.0,1,0.0,0.1
Strasbourg,voiture,High Stress,07:00 - 08:00,Peak,Summer,2.0,1,0.0,0.1
Strasbourg,voiture,High Stress,08:00 - 09:00,Peak,Summer,3.0,1,0.0,0.1
Strasbourg,voiture,High Stress,10:00 - 11:00,Off-Peak,Summer,1.0,1,0.0,0.1
Strasbourg,voiture,High Stress,11:00 - 12:00,Off-Peak,Spring,2.0,1,0.0,0.1
Strasbourg,voiture,High Stress,13:00 - 14:00,Off-Peak,Spring,2.0,1,0.0,0.1
Strasbourg,voiture,High Stress,13:00 - 14:00,Off-Peak,Winter,2.0,1,0.0,0.1
Strasbourg,voiture,High Stress,16:00 - 17:00,Off-Peak,Autumn,3.0,1,0.0,0.1
Strasbourg,voiture,High Stress,16:00 - 17:00,Off-Peak,Summer,2.0,1,0.0,0.1
Strasbourg,voiture,High Stress,16:00 - 17:00,Off-Peak,Winter,3.0,2,0.0,0.2
Strasbourg,voiture,High Stress,17:00 - 18:00,Peak,Autumn,4.0,1,0.0,0.1
Strasbourg,voiture,High Stress,17:00 - 18:00,Peak,Summer,3.0,1,0.0,0.1
Strasbourg,voiture,High Stress,18:00 - 19:00,Peak,Autumn,3.0,1,0.0,0.1
Strasbourg,voiture,High Stress,19:00 - 20:00,Peak,Autumn,1.0,1,0.0,0.1
Strasbourg,voiture,High Stress,20:00 - 21:00,Night,Spring,2.0,1,0.0,0.1
Strasbourg,voiture,High Stress,22:00 - 23:00,Night,Spring,3.0,1,0.0,0.1
Strasbourg,voiture,High Stress,22:00 - 23:00,Night,Winter,3.0,1,0.0,0.1
Strasbourg,voiture,High Stress,23:00 - 24:00,Night,Spring,2.3333333333333335,3,0.5773502691896257,0.3
Strasbourg,voiture,High Stress,23:00 - 24:00,Night,Summer,4.0,1,0.0,0.1
Strasbourg,voiture,Low Stress,00:00 - 01:00,Night,Autumn,3.5,2,0.7071067811865476,0.2
Strasbourg,voiture,Low Stress,00:00 - 01:00,Night,Spring,1.6666666666666667,3,0.5773502691896257,0.3
Strasbourg,voiture,Low Stress,00:00 - 01:00,Night,Summer,2.0,1,0.0,0.1
Strasbourg,voiture,Low Stress,00:00 - 01:00,Night,Winter,2.0,1,0.0,0.1
Strasbourg,voiture,Low Stress,01:00 - 02:00,Night,Autumn,2.6666666666666665,3,1.1547005383792515,0.3
Strasbourg,voiture,Low Stress,01:00 - 02:00,Night,Summer,3.0,1,0.0,0.1
Strasbourg,voiture,Low Stress,01:00 - 02:00,Night,Winter,2.0,3,1.0,0.3
Strasbourg,voiture,Low Stress,02:00 - 03:00,Night,Autumn,4.0,1,0.0,0.1
Strasbourg,voiture,Low Stress,02:00 - 03:00,Night,Spring,2.0,3,1.7320508075688772,0.3
Strasbourg,voiture,Low Stress,02:00 - 03:00,Night,Summer,3.0,4,0.816496580927726,0.4
Strasbourg,voiture,Low Stress,02:00 - 03:00,Night,Winter,3.6666666666666665,3,1.5275252316519468,0.3
Strasbourg,voiture,Low Stress,03:00 - 04:00,Night,Autumn,2.6666666666666665,3,0.5773502691896258,0.3
Strasbourg,voiture,Low Stress,03:00 - 04:00,Night,Spring,2.0,3,1.0,0.3
Strasbourg,voiture,Low Stress,03:00 - 04:00,Night,Summer,1.8,5,0.8366600265340756,0.5
Strasbourg,voiture,Low Stress,04:00 - 05:00,Night,Autumn,1.5,2,0.7071067811865476,0.2
Strasbourg,voiture,Low Stress,04:00 - 05:00,Night,Spring,2.0,3,1.0,0.3
Strasbourg,voiture,Low Stress,04:00 - 05:00,Night,Summer,1.0,2,0.0,0.2
Strasbourg,voiture,Low Stress,04:00 - 05:00,Night,Winter,2.0,2,1.4142135623730951,0.2
Strasbourg,voiture,Low Stress,05:00 - 06:00,Night,Spring,2.5,2,0.7071067811865476,0.2
Strasbourg,voiture,Low Stress,05:00 - 06:00,Night,Summer,1.6666666666666667,3,0.5773502691896257,0.3
Strasbourg,voiture,Low Stress,05:00 - 06:00,Night,Winter,3.0,3,0.0,0.3
Strasbourg,voiture,Low Stress,06:00 - 07:00,Night,Spring,2.0,1,0.0,0.1
Strasbourg,voiture,Low Stress,06:00 - 07:00,Night,Summer,2.0,3,0.0,0.3
Strasbourg,voiture,Low Stress,06:00 - 07:00,Night,Winter,1.0,1,0.0,0.1
Strasbourg,voiture,Low Stress,07:00 - 08:00,Peak,Autumn,2.6666666666666665,3,1.1547005383792515,0.3
Strasbourg,voiture,Low Stress,07:00 - 08:00,Peak,Spring,2.0,1,0.0,0.1
Strasbourg,voiture,Low Stress,07:00 - 08:00,Peak,Summer,3.0,2,0.0,0.2
Strasbourg,voiture,Low Stress,07:00 - 08:00,Peak,Winter,3.142857142857143,7,1.2149857925879117,0.7
Strasbourg,voiture,Low Stress,08:00 - 09:00,Peak,Autumn,2.3333333333333335,3,0.5773502691896257,0.3
Strasbourg,voiture,Low Stress,08:00 - 09:00,Peak,Spring,2.5,4,1.2909944487358056,0.4
Strasbourg,voiture,Low Stress,08:00 - 09:00,Peak,Summer,2.0,1,0.0,0.1
Strasbourg,voiture,Low Stress,08:00 - 09:00,Peak,Winter,1.5,2,0.7071067811865476,0.2
Strasbourg,voiture,Low Stress,09:00 - 10:00,Peak,Spring,2.0,1,0.0,0.1
Strasbourg,voiture,Low Stress,09:00 - 10:00,Peak,Summer,3.0,1,0.0,0.1
Strasbourg,voiture,Low Stress,09:00 - 10:00,Peak,Winter,3.0,2,0.0,0.2
Strasbourg,voiture,Low Stress,10:00 - 11:00,Off-Peak,Autumn,4.0,1,0.0,0.1
Strasbourg,voiture,Low Stress,10:00 - 11:00,Off-Peak,Spring,1.0,2,0.0,0.2
Strasbourg,voiture,Low Stress,10:00 - 11:00,Off-Peak,Winter,1.0,1,0.0,0.1
Strasbourg,voiture,Low Stress,11:00 - 12:00,Off-Peak,Autumn,3.0,1,0.0,0.1
Strasbourg,voiture,Low Stress,11:00 - 12:00,Off-Peak,Spring,4.0,1,0.0,0.1
Strasbourg,voiture,Low Stress,11:00 - 12:00,Off-Peak,Summer,3.0,1,0.0,0.1
Strasbourg,voiture,Low Stress,11:00 - 12:00,Off-Peak,Winter,2.0,1,0.0,0.1
Strasbourg,voiture,Low Stress,12:00 - 13:00,Off-Peak,Autumn,2.5,2,0.7071067811865476,0.2
Strasbourg,voiture,Low Stress,12:00 - 13:00,Off-Peak,Spring,2.0,1,0.0,0.1
Strasbourg,voiture,Low Stress,12:00 - 13:00,Off-Peak,Summer,2.0,2,0.0,0.2
Strasbourg,voiture,Low Stress,12:00 - 13:00,Off-Peak,Winter,1.6666666666666667,3,0.5773502691896257,0.3
Strasbourg,voiture,Low Stress,13:00 - 14:00,Off-Peak,Autumn,4.0,1,0.0,0.1
Strasbourg,voiture,Low Stress,13:00 - 14:00,Off-Peak,Spring,2.5,4,1.0,0.4
Strasbourg,voiture,Low Stress,13:00 - 14:00,Off-Peak,Summer,1.0,1,0.0,0.1
Strasbourg,voiture,Low Stress,13:00 - 14:00,Off-Peak,Winter,2.0,1,0.0,0.1
Strasbourg,voiture,Low Stress,14:00 - 15:00,Off-Peak,Autumn,2.0,3,0.0,0.3
Strasbourg,voiture,Low Stress,14:00 - 15:00,Off-Peak,Spring,1.6666666666666667,3,0.5773502691896257,0.3
Strasbourg,voiture,Low Stress,14:00 - 15:00,Off-Peak,Summer,3.0,1,0.0,0.1
Strasbourg,voiture,Low Stress,14:00 - 15:00,Off-Peak,Winter,2.5,2,0.7071067811865476,0.2
Strasbourg,voiture,Low Stress,15:00 - 16:00,Off-Peak,Autumn,2.0,2,1.4142135623730951,0.2
Strasbourg,voiture,Low Stress,15:00 - 16:00,Off-Peak,Spring,2.8,5,0.8366600265340756,0.5
Strasbourg,voiture,Low Stress,15:00 - 16:00,Off-Peak,Summer,2.0,2,0.0,0.2
Strasbourg,voiture,Low Stress,15:00 - 16:00,Off-Peak,Winter,2.0,1,0.0,0.1
Strasbourg,voiture,Low Stress,16:00 - 17:00,Off-Peak,Autumn,2.0,1,0.0,0.1
Strasbourg,voiture,Low Stress,16:00 - 17:00,Off-Peak,Spring,2.75,4,1.2583057392117916,0.4
Strasbourg,voiture,Low Stress,16:00 - 17:00,Off-Peak,Summer,1.0,1,0.0,0.1
Strasbourg,voiture,Low Stress,16:00 - 17:00,Off-Peak,Winter,2.0,1,0.0,0.1
Strasbourg,voiture,Low Stress,17:00 - 18:00,Peak,Autumn,2.5,4,0.5773502691896257,0.4
Strasbourg,voiture,Low Stress,17:00 - 18:00,Peak,Spring,2.0,1,0.0,0.1
Strasbourg,voiture,Low Stress,17:00 - 18:00,Peak,Winter,4.0,1,0.0,0.1
Strasbourg,voiture,Low Stress,18:00 - 19:00,Peak,Autumn,3.5,2,2.1213203435596424,0.2
Strasbourg,voiture,Low Stress,18:00 - 19:00,Peak,Spring,2.0,2,1.4142135623730951,0.2
Strasbourg,voiture,Low Stress,18:00 - 19:00,Peak,Winter,3.5,2,0.7071067811865476,0.2
Strasbourg,voiture,Low Stress,19:00 - 20:00,Peak,Spring,2.0,2,1.4142135623730951,0.2
Strasbourg,voiture,Low Stress,19:00 - 20:00,Peak,Summer,3.0,2,1.4142135623730951,0.2
Strasbourg,voiture,Low Stress,20:00 - 21:00,Night,Autumn,3.2,5,0.44721359549995787,0.5
Strasbourg,voiture,Low Stress,20:00 - 21:00,Night,Spring,4.0,1,0.0,0.1
Strasbourg,voiture,Low Stress,20:00 - 21:00,Night,Summer,2.3333333333333335,3,1.1547005383792517,0.3
Strasbourg,voiture,Low Stress,20:00 - 21:00,Night,Winter,2.75,4,1.5,0.4
Strasbourg,voiture,Low Stress,21:00 - 22:00,Night,Autumn,2.0,1,0.0,0.1
Strasbourg,voiture,Low Stress,21:00 - 22:00,Night,Spring,3.0,1,0.0,0.1
Strasbourg,voiture,Low Stress,21:00 - 22:00,Night,Winter,4.0,2,1.4142135623730951,0.2
Strasbourg,voiture,Low Stress,22:00 - 23:00,Night,Autumn,2.0,1,0.0,0.1
Strasbourg,voiture,Low Stress,22:00 - 23:00,Night,Spring,2.6666666666666665,3,0.5773502691896258,0.3
Strasbourg,voiture,Low Stress,22:00 - 23:00,Night,Summer,3.0,2,1.4142135623730951,0.2
Strasbourg,voiture,Low Stress,22:00 - 23:00,Night,Winter,2.0,2,1.4142135623730951,0.2
Strasbourg,voiture,Low Stress,23:00 - 24:00,Night,Autumn,4.0,1,0.0,0.1
Strasbourg,voiture,Low Stress,23:00 - 24:00,Night,Spring,3.0,2,1.4142135623730951,0.2
Strasbourg,voiture,Low Stress,23:00 - 24:00,Night,Summer,,0,0.0,0.0
Strasbourg,voiture,Low Stress,23:00 - 24:00,Night,Winter,2.5,2,2.1213203435596424,0.2
Strasbourg,vélo,High Stress,00:00 - 01:00,Night,Summer,3.0,1,0.0,0.1
Strasbourg,vélo,High Stress,02:00 - 03:00,Night,Summer,2.0,1,0.0,0.1
Strasbourg,vélo,High Stress,04:00 - 05:00,Night,Summer,3.0,1,0.0,0.1
Strasbourg,vélo,High Stress,06:00 - 07:00,Night,Autumn,4.0,1,0.0,0.1
Strasbourg,vélo,High Stress,09:00 - 10:00,Peak,Spring,5.0,1,0.0,0.1
Strasbourg,vélo,High Stress,10:00 - 11:00,Off-Peak,Autumn,2.0,1,0.0,0.1
Strasbourg,vélo,High Stress,10:00 - 11:00,Off-Peak,Spring,1.0,1,0.0,0.1
Strasbourg,vélo,High Stress,10:00 - 11:00,Off-Peak,Summer,4.0,1,0.0,0.1
Strasbourg,vélo,High Stress,11:00 - 12:00,Off-Peak,Autumn,2.0,1,0.0,0.1
Strasbourg,vélo,High Stress,14:00 - 15:00,Off-Peak,Summer,1.0,1,0.0,0.1
Strasbourg,vélo,High Stress,15:00 - 16:00,Off-Peak,Winter,3.0,1,0.0,0.1
Strasbourg,vélo,High Stress,17:00 - 18:00,Peak,Winter,1.0,1,0.0,0.1
Strasbourg,vélo,High Stress,18:00 - 19:00,Peak,Spring,2.0,1,0.0,0.1
Strasbourg,vélo,High Stress,19:00 - 20:00,Peak,Summer,2.0,1,0.0,0.1
Strasbourg,vélo,High Stress,20:00 - 21:00,Night,Spring,1.0,1,0.0,0.1
Strasbourg,vélo,Low Stress,00:00 - 01:00,Night,Spring,1.0,1,0.0,0.1
Strasbourg,vélo,Low Stress,00:00 - 01:00,Night,Winter,2.0,2,0.0,0.2
Strasbourg,vélo,Low Stress,01:00 - 02:00,Night,Spring,3.0,1,0.0,0.1
Strasbourg,vélo,Low Stress,01:00 - 02:00,Night,Summer,3.0,1,0.0,0.1
Strasbourg,vélo,Low Stress,01:00 - 02:00,Night,Winter,2.0,1,0.0,0.1
Strasbourg,vélo,Low Stress,02:00 - 03:00,Night,Autumn,,0,0.0,0.0
Strasbourg,vélo,Low Stress,02:00 - 03:00,Night,Spring,2.0,1,0.0,0.1
Strasbourg,vélo,Low Stress,02:00 - 03:00,Night,Winter,2.0,1,0.0,0.1
Strasbourg,vélo,Low Stress,03:00 - 04:00,Night,Autumn,3.0,1,0.0,0.1
Strasbourg,vélo,Low Stress,04:00 - 05:00,Night,Winter,1.6666666666666667,3,0.5773502691896258,0.3
Strasbourg,vélo,Low Stress,05:00 - 06:00,Night,Spring,4.0,1,0.0,0.1
Strasbourg,vélo,Low Stress,06:00 - 07:00,Night,Autumn,3.5,2,0.7071067811865476,0.2
Strasbourg,vélo,Low Stress,06:00 - 07:00,Night,Winter,2.0,4,0.816496580927726,0.4
Strasbourg,vélo,Low Stress,07:00 - 08:00,Peak,Spring,2.0,1,0.0,0.1
Strasbourg,vélo,Low Stress,07:00 - 08:00,Peak,Summer,3.0,1,0.0,0.1
Strasbourg,vélo,Low Stress,07:00 - 08:00,Peak,Winter,3.0,1,0.0,0.1
Strasbourg,vélo,Low Stress,08:00 - 09:00,Peak,Autumn,4.0,1,0.0,0.1
Strasbourg,vélo,Low Stress,08:00 - 09:00,Peak,Spring,2.0,1,0.0,0.1
Strasbourg,vélo,Low Stress,09:00 - 10:00,Peak,Autumn,2.0,1,0.0,0.1
Strasbourg,vélo,Low Stress,09:00 - 10:00,Peak,Spring,3.0,1,0.0,0.1
Strasbourg,vélo,Low Stress,10:00 - 11:00,Off-Peak,Autumn,2.5,2,0.7071067811865476,0.2
Strasbourg,vélo,Low Stress,10:00 - 11:00,Off-Peak,Summer,1.0,1,0.0,0.1
Strasbourg,vélo,Low Stress,10:00 - 11:00,Off-Peak,Winter,2.25,4,0.9574271077563381,0.4
Strasbourg,vélo,Low Stress,11:00 - 12:00,Off-Peak,Autumn,2.0,2,1.4142135623730951,0.2
Strasbourg,vélo,Low Stress,11:00 - 12:00,Off-Peak,Winter,3.0,1,0.0,0.1
Strasbourg,vélo,Low Stress,12:00 - 13:00,Off-Peak,Autumn,3.0,2,2.8284271247461903,0.2
Strasbourg,vélo,Low Stress,12:00 - 13:00,Off-Peak,Spring,3.0,1,0.0,0.1
Strasbourg,vélo,Low Stress,12:00 - 13:00,Off-Peak,Summer,2.0,1,0.0,0.1
Strasbourg,vélo,Low Stress,13:00 - 14:00,Off-Peak,Autumn,1.0,1,0.0,0.1
Strasbourg,vélo,Low Stress,13:00 - 14:00,Off-Peak,Spring,4.0,1,0.0,0.1
Strasbourg,vélo,Low Stress,13:00 - 14:00,Off-Peak,Winter,3.0,1,0.0,0.1
Strasbourg,vélo,Low Stress,14:00 - 15:00,Off-Peak,Autumn,3.0,1,0.0,0.1
Strasbourg,vélo,Low Stress,14:00 - 15:00,Off-Peak,Spring,1.5,2,0.7071067811865476,0.2
Strasbourg,vélo,Low Stress,14:00 - 15:00,Off-Peak,Winter,4.0,1,0.0,0.1
Strasbourg,vélo,Low Stress,15:00 - 16:00,Off-Peak,Spring,4.0,1,0.0,0.1
Strasbourg,vélo,Low Stress,15:00 - 16:00,Off-Peak,Summer,3.0,2,0.0,0.2
Strasbourg,vélo,Low Stress,15:00 - 16:00,Off-Peak,Winter,3.0,1,0.0,0.1
Strasbourg,vélo,Low Stress,16:00 - 17:00,Off-Peak,Autumn,,0,0.0,0.0
Strasbourg,vélo,Low Stress,16:00 - 17:00,Off-Peak,Spring,2.0,2,1.4142135623730951,0.2
Strasbourg,vélo,Low Stress,17:00 - 18:00,Peak,Autumn,1.5,2,0.7071067811865476,0.2
Strasbourg,vélo,Low Stress,17:00 - 18:00,Peak,Spring,2.5,2,0.7071067811865476,0.2
Strasbourg,vélo,Low Stress,17:00 - 18:00,Peak,Summer,2.0,1,0.0,0.1
Strasbourg,vélo,Low Stress,18:00 - 19:00,Peak,Autumn,2.0,1,0.0,0.1
Strasbourg,vélo,Low Stress,18:00 - 19:00,Peak,Spring,3.0,1,0.0,0.1
Strasbourg,vélo,Low Stress,19:00 - 20:00,Peak,Autumn,,0,0.0,0.0
Strasbourg,vélo,Low Stress,19:00 - 20:00,Peak,Summer,3.0,1,0.0,0.1
Strasbourg,vélo,Low Stress,19:00 - 20:00,Peak,Winter,1.5,2,0.7071067811865476,0.2
Strasbourg,vélo,Low Stress,21:00 - 22:00,Night,Summer,2.3333333333333335,3,0.5773502691896258,0.3
Strasbourg,vélo,Low Stress,21:00 - 22:00,Night,Winter,2.0,1,0.0,0.1
Strasbourg,vélo,Low Stress,22:00 - 23:00,Night,Autumn,4.0,1,0.0,0.1
Strasbourg,vélo,Low Stress,22:00 - 23:00,Night,Spring,1.0,1,0.0,0.1
Strasbourg,vélo,Low Stress,23:00 - 24:00,Night,Autumn,4.0,1,0.0,0.1
Strasbourg,vélo,Low Stress,23:00 - 24:00,Night,Summer,3.0,1,0.0,0.1
lyon,bus,High Stress,00:00 - 01:00,Night,Autumn,1.0,1,0.0,0.1
lyon,bus,High Stress,00:00 - 01:00,Night,Spring,2.0,1,0.0,0.1
lyon,bus,High Stress,00:00 - 01:00,Night,Winter,3.0,1,0.0,0.1
lyon,bus,High Stress,01:00 - 02:00,Night,Spring,3.0,1,0.0,0.1
lyon,bus,High Stress,01:00 - 02:00,Night,Summer,3.0,1,0.0,0.1
lyon,bus,High Stress,02:00 - 03:00,Night,Spring,4.0,1,0.0,0.1
lyon,bus,High Stress,02:00 - 03:00,Night,Summer,3.25,4,1.2583057392117916,0.4
lyon,bus,High Stress,02:00 - 03:00,Night,Winter,3.0,1,0.0,0.1
lyon,bus,High Stress,03:00 - 04:00,Night,Spring,3.0,1,0.0,0.1
lyon,bus,High Stress,03:00 - 04:00,Night,Summer,1.0,1,0.0,0.1
lyon,bus,High Stress,03:00 - 04:00,Night,Winter,4.0,1,0.0,0.1
lyon,bus,High Stress,04:00 - 05:00,Night,Autumn,4.0,1,0.0,0.1
lyon,bus,High Stress,04:00 - 05:00,Night,Summer,3.0,1,0.0,0.1
lyon,bus,High Stress,05:00 - 06:00,Night,Winter,3.0,1,0.0,0.1
lyon,bus,High Stress,06:00 - 07:00,Night,Spring,2.5,2,0.7071067811865476,0.2
lyon,bus,High Stress,06:00 - 07:00,Night,Summer,3.0,1,0.0,0.1
lyon,bus,High Stress,07:00 - 08:00,Peak,Spring,2.0,1,0.0,0.1
lyon,bus,High Stress,09:00 - 10:00,Peak,Spring,3.0,1,0.0,0.1
lyon,bus,High Stress,09:00 - 10:00,Peak,Winter,3.3333333333333335,3,0.5773502691896258,0.3
lyon,bus,High Stress,10:00 - 11:00,Off-Peak,Autumn,2.0,2,0.0,0.2
lyon,bus,High Stress,10:00 - 11:00,Off-Peak,Spring,2.0,1,0.0,0.1
lyon,bus,High Stress,11:00 - 12:00,Off-Peak,Spring,2.5,2,0.7071067811865476,0.2
lyon,bus,High Stress,11:00 - 12:00,Off-Peak,Winter,3.0,1,0.0,0.1
lyon,bus,High Stress,12:00 - 13:00,Off-Peak,Autumn,2.25,4,0.9574271077563381,0.4
lyon,bus,High Stress,12:00 - 13:00,Off-Peak,Spring,2.0,1,0.0,0.1
lyon,bus,High Stress,12:00 - 13:00,Off-Peak,Winter,1.0,1,0.0,0.1
lyon,bus,High Stress,13:00 - 14:00,Off-Peak,Spring,4.0,1,0.0,0.1
lyon,bus,High Stress,14:00 - 15:00,Off-Peak,Spring,2.5,2,0.7071067811865476,0.2
lyon,bus,High Stress,15:00 - 16:00,Off-Peak,Spring,2.5,2,2.1213203435596424,0.2
lyon,bus,High Stress,15:00 - 16:00,Off-Peak,Summer,3.0,1,0.0,0.1
lyon,bus,High Stress,15:00 - 16:00,Off-Peak,Winter,3.0,1,0.0,0.1
lyon,bus,High Stress,16:00 - 17:00,Off-Peak,Autumn,2.0,1,0.0,0.1
lyon,bus,High Stress,17:00 - 18:00,Peak,Autumn,2.0,1,0.0,0.1
lyon,bus,High Stress,17:00 - 18:00,Peak,Summer,2.0,1,0.0,0.1
lyon,bus,High Stress,17:00 - 18:00,Peak,Winter,1.0,1,0.0,0.1
lyon,bus,High Stress,18:00 - 19:00,Peak,Autumn,4.0,1,0.0,0.1
lyon,bus,High Stress,18:00 - 19:00,Peak,Winter,1.0,1,0.0,0.1
lyon,bus,High Stress,19:00 - 20:00,Peak,Spring,2.0,1,0.0,0.1
lyon,bus,High Stress,19:00 - 20:00,Peak,Winter,1.0,1,0.0,0.1
lyon,bus,High Stress,21:00 - 22:00,Night,Autumn,3.0,1,0.0,0.1
lyon,bus,High Stress,21:00 - 22:00,Night,Spring,1.0,1,0.0,0.1
lyon,bus,High Stress,22:00 - 23:00,Night,Spring,2.0,2,1.4142135623730951,0.2
lyon,bus,High Stress,22:00 - 23:00,Night,Summer,3.0,1,0.0,0.1
lyon,bus,High Stress,22:00 - 23:00,Night,Winter,2.0,2,0.0,0.2
lyon,bus,High Stress,23:00 - 24:00,Night,Winter,2.5,2,0.7071067811865476,0.2
lyon,bus,Low Stress,00:00 - 01:00,Night,Autumn,1.5,4,0.5773502691896257,0.4
lyon,bus,Low Stress,00:00 - 01:00,Night,Spring,2.0,2,1.4142135623730951,0.2
lyon,bus,Low Stress,00:00 - 01:00,Night,Summer,3.0,5,0.7071067811865476,0.5
lyon,bus,Low Stress,00:00 - 01:00,Night,Winter,3.6666666666666665,3,0.5773502691896257,0.3
lyon,bus,Low Stress,01:00 - 02:00,Night,Autumn,3.0,1,0.0,0.1
lyon,bus,Low Stress,01:00 - 02:00,Night,Spring,3.25,4,0.5,0.4
lyon,bus,Low Stress,01:00 - 02:00,Night,Summer,3.0,1,0.0,0.1
lyon,bus,Low Stress,01:00 - 02:00,Night,Winter,2.25,4,0.9574271077563381,0.4
lyon,bus,Low Stress,02:00 - 03:00,Night,Autumn,2.0,2,1.4142135623730951,0.2
lyon,bus,Low Stress,02:00 - 03:00,Night,Spring,2.0,2,1.4142135623730951,0.2
lyon,bus,Low Stress,02:00 - 03:00,Night,Summer,2.8333333333333335,6,1.1690451944500122,0.6
lyon,bus,Low Stress,02:00 - 03:00,Night,Winter,1.0,1,0.0,0.1
lyon,bus,Low Stress,03:00 - 04:00,Night,Autumn,2.0,1,0.0,0.1
lyon,bus,Low Stress,03:00 - 04:00,Night,Spring,2.1666666666666665,6,1.3291601358251257,0.6
lyon,bus,Low Stress,03:00 - 04:00,Night,Summer,2.0,2,1.4142135623730951,0.2
lyon,bus,Low Stress,03:00 - 04:00,Night,Winter,2.6666666666666665,3,1.5275252316519468,0.3
lyon,bus,Low Stress,04:00 - 05:00,Night,Autumn,3.0,2,1.4142135623730951,0.2
lyon,bus,Low Stress,04:00 - 05:00,Night,Spring,3.75,4,1.2583057392117916,0.4
lyon,bus,Low Stress,04:00 - 05:00,Night,Summer,2.0,1,0.0,0.1
lyon,bus,Low Stress,04:00 - 05:00,Night,Winter,1.6666666666666667,3,0.5773502691896258,0.3
lyon,bus,Low Stress,05:00 - 06:00,Night,Autumn,2.4,5,1.140175425099138,0.5
lyon,bus,Low Stress,05:00 - 06:00,Night,Spring,1.75,4,0.5,0.4
lyon,bus,Low Stress,05:00 - 06:00,Night,Summer,1.5,2,0.7071067811865476,0.2
lyon,bus,Low Stress,05:00 - 06:00,Night,Winter,3.75,4,1.2583057392117916,0.4
lyon,bus,Low Stress,06:00 - 07:00,Night,Autumn,2.0,2,1.4142135623730951,0.2
lyon,bus,Low Stress,06:00 - 07:00,Night,Spring,2.5,4,1.0,0.4
lyon,bus,Low Stress,06:00 - 07:00,Night,Summer,2.3333333333333335,3,0.5773502691896257,0.3
lyon,bus,Low Stress,06:00 - 07:00,Night,Winter,3.0,4,0.816496580927726,0.4
lyon,bus,Low Stress,07:00 - 08:00,Peak,Autumn,2.6,5,0.5477225575051661,0.5
lyon,bus,Low Stress,07:00 - 08:00,Peak,Spring,2.5,2,0.7071067811865476,0.2
lyon,bus,Low Stress,07:00 - 08:00,Peak,Summer,2.0,1,0.0,0.1
lyon,bus,Low Stress,07:00 - 08:00,Peak,Winter,2.4,5,0.5477225575051662,0.5
lyon,bus,Low Stress,08:00 - 09:00,Peak,Autumn,1.0,1,0.0,0.1
lyon,bus,Low Stress,08:00 - 09:00,Peak,Spring,3.0,1,0.0,0.1
lyon,bus,Low Stress,08:00 - 09:00,Peak,Summer,2.8333333333333335,6,1.1690451944500122,0.6
lyon,bus,Low Stress,08:00 - 09:00,Peak,Winter,2.25,4,0.5,0.4
lyon,bus,Low Stress,09:00 - 10:00,Peak,Autumn,3.0,1,0.0,0.1
lyon,bus,Low Stress,09:00 - 10:00,Peak,Spring,2.0,3,1.0,0.3
lyon,bus,Low Stress,09:00 - 10:00,Peak,Summer,1.6666666666666667,3,0.5773502691896258,0.3
lyon,bus,Low Stress,10:00 - 11:00,Off-Peak,Autumn,3.5,2,2.1213203435596424,0.2
lyon,bus,Low Stress,10:00 - 11:00,Off-Peak,Spring,3.0,2,1.4142135623730951,0.2
lyon,bus,Low Stress,10:00 - 11:00,Off-Peak,Summer,2.0,2,0.0,0.2
lyon,bus,Low Stress,10:00 - 11:00,Off-Peak,Winter,2.3333333333333335,3,0.5773502691896258,0.3
lyon,bus,Low Stress,11:00 - 12:00,Off-Peak,Autumn,2.6666666666666665,3,1.1547005383792515,0.3
lyon,bus,Low Stress,11:00 - 12:00,Off-Peak,Spring,3.0,1,0.0,0.1
lyon,bus,Low Stress,11:00 - 12:00,Off-Peak,Summer,2.0,1,0.0,0.1
lyon,bus,Low Stress,11:00 - 12:00,Off-Peak,Winter,3.5,2,2.1213203435596424,0.2
lyon,bus,Low Stress,12:00 - 13:00,Off-Peak,Autumn,2.5,2,0.7071067811865476,0.2
lyon,bus,Low Stress,12:00 - 13:00,Off-Peak,Spring,2.0,3,1.0,0.3
lyon,bus,Low Stress,12:00 - 13:00,Off-Peak,Summer,3.5,2,0.7071067811865476,0.2
lyon,bus,Low Stress,12:00 - 13:00,Off-Peak,Winter,2.2,5,0.8366600265340756,0.5
lyon,bus,Low Stress,13:00 - 14:00,Off-Peak,Autumn,3.0,2,0.0,0.2
lyon,bus,Low Stress,13:00 - 14:00,Off-Peak,Spring,2.0,2,1.4142135623730951,0.2
lyon,bus,Low Stress,13:00 - 14:00,Off-Peak,Summer,2.5,4,1.0,0.4
lyon,bus,Low Stress,13:00 - 14:00,Off-Peak,Winter,2.0,1,0.0,0.1
lyon,bus,Low Stress,14:00 - 15:00,Off-Peak,Autumn,2.0,5,1.224744871391589,0.5
lyon,bus,Low Stress,14:00 - 15:00,Off-Peak,Spring,2.5,2,0.7071067811865476,0.2
lyon,bus,Low Stress,14:00 - 15:00,Off-Peak,Summer,1.6666666666666667,3,1.1547005383792517,0.3
lyon,bus,Low Stress,14:00 - 15:00,Off-Peak,Winter,2.5,2,0.7071067811865476,0.2
lyon,bus,Low Stress,15:00 - 16:00,Off-Peak,Spring,2.5,2,2.1213203435596424,0.2
lyon,bus,Low Stress,15:00 - 16:00,Off-Peak,Summer,1.75,4,0.9574271077563381,0.4
lyon,bus,Low Stress,15:00 - 16:00,Off-Peak,Winter,2.1666666666666665,6,1.1690451944500122,0.6
lyon,bus,Low Stress,16:00 - 17:00,Off-Peak,Autumn,3.2,5,0.8366600265340756,0.5
lyon,bus,Low Stress,16:00 - 17:00,Off-Peak,Spring,2.2857142857142856,7,0.9511897312113418,0.7
lyon,bus,Low Stress,16:00 - 17:00,Off-Peak,Summer,2.6,5,0.5477225575051661,0.5
lyon,bus,Low Stress,16:00 - 17:00,Off-Peak,Winter,2.6666666666666665,3,0.5773502691896258,0.3
lyon,bus,Low Stress,17:00 - 18:00,Peak,Autumn,2.5,2,0.7071067811865476,0.2
lyon,bus,Low Stress,17:00 - 18:00,Peak,Spring,3.0,2,0.0,0.2
lyon,bus,Low Stress,17:00 - 18:00,Peak,Summer,2.3333333333333335,3,0.5773502691896257,0.3
lyon,bus,Low Stress,17:00 - 18:00,Peak,Winter,2.5,4,1.7320508075688772,0.4
lyon,bus,Low Stress,18:00 - 19:00,Peak,Autumn,3.3333333333333335,3,1.5275252316519465,0.3
lyon,bus,Low Stress,18:00 - 19:00,Peak,Spring,2.2,5,0.8366600265340756,0.5
lyon,bus,Low Stress,18:00 - 19:00,Peak,Summer,3.0,4,0.816496580927726,0.4
lyon,bus,Low Stress,18:00 - 19:00,Peak,Winter,2.6666666666666665,3,0.5773502691896258,0.3
lyon,bus,Low Stress,19:00 - 20:00,Peak,Autumn,2.5,4,0.5773502691896257,0.4
lyon,bus,Low Stress,19:00 - 20:00,Peak,Spring,2.5,2,0.7071067811865476,0.2
lyon,bus,Low Stress,19:00 - 20:00,Peak,Summer,2.6666666666666665,3,1.1547005383792515,0.3
lyon,bus,Low Stress,19:00 - 20:00,Peak,Winter,4.0,1,0.0,0.1
lyon,bus,Low Stress,20:00 - 21:00,Night,Autumn,3.0,2,0.0,0.2
lyon,bus,Low Stress,20:00 - 21:00,Night,Spring,2.0,1,0.0,0.1
lyon,bus,Low Stress,20:00 - 21:00,Night,Winter,3.25,4,1.2583057392117916,0.4
lyon,bus,Low Stress,21:00 - 22:00,Night,Autumn,3.0,1,0.0,0.1
lyon,bus,Low Stress,21:00 - 22:00,Night,Spring,2.4,5,1.1401754250991378,0.5
lyon,bus,Low Stress,21:00 - 22:00,Night,Summer,2.0,2,0.0,0.2
lyon,bus,Low Stress,21:00 - 22:00,Night,Winter,3.3333333333333335,3,1.5275252316519468,0.3
lyon,bus,Low Stress,22:00 - 23:00,Night,Autumn,3.5,2,2.1213203435596424,0.2
lyon,bus,Low Stress,22:00 - 23:00,Night,Spring,2.6666666666666665,3,1.5275252316519468,0.3
lyon,bus,Low Stress,22:00 - 23:00,Night,Summer,2.0,2,1.4142135623730951,0.2
lyon,bus,Low Stress,22:00 - 23:00,Night,Winter,3.0,1,0.0,0.1
lyon,bus,Low Stress,23:00 - 24:00,Night,Autumn,2.0,3,1.0,0.3
lyon,bus,Low Stress,23:00 - 24:00,Night,Spring,2.0,2,1.4142135623730951,0.2
lyon,bus,Low Stress,23:00 - 24:00,Night,Summer,2.3333333333333335,3,0.5773502691896258,0.3
lyon,bus,Low Stress,23:00 - 24:00,Night,Winter,2.3333333333333335,3,0.5773502691896258,0.3
lyon,métro,High Stress,00:00 - 01:00,Night,Spring,3.0,1,0.0,0.1
lyon,métro,High Stress,01:00 - 02:00,Night,Spring,3.5,2,0.7071067811865476,0.2
lyon,métro,High Stress,02:00 - 03:00,Night,Autumn,3.0,1,0.0,0.1
lyon,métro,High Stress,03:00 - 04:00,Night,Spring,4.0,1,0.0,0.1
lyon,métro,High Stress,03:00 - 04:00,Night,Summer,2.0,1,0.0,0.1
lyon,métro,High Stress,03:00 - 04:00,Night,Winter,2.0,1,0.0,0.1
lyon,métro,High Stress,04:00 - 05:00,Night,Spring,3.0,1,0.0,0.1
lyon,métro,High Stress,04:00 - 05:00,Night,Winter,1.5,2,0.7071067811865476,0.2
lyon,métro,High Stress,06:00 - 07:00,Night,Autumn,2.0,1,0.0,0.1
lyon,métro,High Stress,06:00 - 07:00,Night,Spring,2.0,1,0.0,0.1
lyon,métro,High Stress,06:00 - 07:00,Night,Winter,4.0,1,0.0,0.1
lyon,métro,High Stress,07:00 - 08:00,Peak,Autumn,3.5,2,0.7071067811865476,0.2
lyon,métro,High Stress,08:00 - 09:00,Peak,Spring,1.0,1,0.0,0.1
lyon,métro,High Stress,09:00 - 10:00,Peak,Winter,2.5,2,0.7071067811865476,0.2
lyon,métro,High Stress,10:00 - 11:00,Off-Peak,Autumn,3.0,1,0.0,0.1
lyon,métro,High Stress,10:00 - 11:00,Off-Peak,Summer,3.0,1,0.0,0.1
lyon,métro,High Stress,11:00 - 12:00,Off-Peak,Spring,1.0,1,0.0,0.1
lyon,métro,High Stress,11:00 - 12:00,Off-Peak,Winter,1.0,1,0.0,0.1
lyon,métro,High Stress,12:00 - 13:00,Off-Peak,Autumn,2.0,1,0.0,0.1
lyon,métro,High Stress,12:00 - 13:00,Off-Peak,Summer,2.0,1,0.0,0.1
lyon,métro,High Stress,13:00 - 14:00,Off-Peak,Autumn,1.0,1,0.0,0.1
lyon,métro,High Stress,13:00 - 14:00,Off-Peak,Winter,3.0,1,0.0,0.1
lyon,métro,High Stress,14:00 - 15:00,Off-Peak,Autumn,4.0,1,0.0,0.1
lyon,métro,High Stress,14:00 - 15:00,Off-Peak,Winter,1.0,1,0.0,0.1
lyon,métro,High Stress,15:00 - 16:00,Off-Peak,Autumn,3.0,1,0.0,0.1
lyon,métro,High Stress,15:00 - 16:00,Off-Peak,Winter,2.0,1,0.0,0.1
lyon,métro,High Stress,16:00 - 17:00,Off-Peak,Spring,2.0,1,0.0,0.1
lyon,métro,High Stress,17:00 - 18:00,Peak,Spring,3.0,1,0.0,0.1
lyon,métro,High Stress,17:00 - 18:00,Peak,Winter,4.0,1,0.0,0.1
lyon,métro,High Stress,18:00 - 19:00,Peak,Spring,3.0,2,1.4142135623730951,0.2
lyon,métro,High Stress,18:00 - 19:00,Peak,Winter,3.0,2,1.4142135623730951,0.2
lyon,métro,High Stress,20:00 - 21:00,Night,Spring,2.0,1,0.0,0.1
lyon,métro,High Stress,20:00 - 21:00,Night,Winter,3.0,1,0.0,0.1
lyon,métro,High Stress,21:00 - 22:00,Night,Spring,3.0,1,0.0,0.1
lyon,métro,High Stress,23:00 - 24:00,Night,Autumn,2.6666666666666665,3,0.5773502691896258,0.3
lyon,métro,High Stress,23:00 - 24:00,Night,Winter,1.0,1,0.0,0.1
lyon,métro,Low Stress,00:00 - 01:00,Night,Autumn,2.3333333333333335,3,0.5773502691896258,0.3
lyon,métro,Low Stress,00:00 - 01:00,Night,Spring,3.0,2,1.4142135623730951,0.2
lyon,métro,Low Stress,00:00 - 01:00,Night,Winter,1.5,2,0.7071067811865476,0.2
lyon,métro,Low Stress,01:00 - 02:00,Night,Autumn,3.0,1,0.0,0.1
lyon,métro,Low Stress,01:00 - 02:00,Night,Summer,2.6666666666666665,3,1.5275252316519468,0.3
lyon,métro,Low Stress,01:00 - 02:00,Night,Winter,2.0,3,1.7320508075688772,0.3
lyon,métro,Low Stress,02:00 - 03:00,Night,Autumn,2.0,1,0.0,0.1
lyon,métro,Low Stress,02:00 - 03:00,Night,Summer,2.5,2,0.7071067811865476,0.2
lyon,métro,Low Stress,02:00 - 03:00,Night,Winter,1.6666666666666667,3,0.5773502691896257,0.3
lyon,métro,Low Stress,03:00 - 04:00,Night,Autumn,2.2,5,0.447213595499958,0.5
lyon,métro,Low Stress,03:00 - 04:00,Night,Spring,2.3333333333333335,3,1.1547005383792515,0.3
lyon,métro,Low Stress,03:00 - 04:00,Night,Summer,2.75,4,0.9574271077563381,0.4
lyon,métro,Low Stress,03:00 - 04:00,Night,Winter,3.1666666666666665,6,1.1690451944500122,0.6
lyon,métro,Low Stress,04:00 - 05:00,Night,Autumn,1.6666666666666667,3,0.5773502691896257,0.3
lyon,métro,Low Stress,04:00 - 05:00,Night,Spring,1.0,1,0.0,0.1
lyon,métro,Low Stress,04:00 - 05:00,Night,Summer,1.5,2,0.7071067811865476,0.2
lyon,métro,Low Stress,04:00 - 05:00,Night,Winter,1.6666666666666667,3,1.1547005383792517,0.3
lyon,métro,Low Stress,05:00 - 06:00,Night,Autumn,2.3333333333333335,6,0.816496580927726,0.6
lyon,métro,Low Stress,05:00 - 06:00,Night,Spring,2.3333333333333335,3,1.1547005383792515,0.3
lyon,métro,Low Stress,05:00 - 06:00,Night,Summer,2.0,2,1.4142135623730951,0.2
lyon,métro,Low Stress,05:00 - 06:00,Night,Winter,2.0,3,1.0,0.3
lyon,métro,Low Stress,06:00 - 07:00,Night,Autumn,2.5,2,0.7071067811865476,0.2
lyon,métro,Low Stress,06:00 - 07:00,Night,Spring,1.6,5,0.5477225575051662,0.5
lyon,métro,Low Stress,06:00 - 07:00,Night,Winter,3.0,3,1.7320508075688772,0.3
lyon,métro,Low Stress,07:00 - 08:00,Peak,Autumn,2.5714285714285716,7,0.7867957924694431,0.7
lyon,métro,Low Stress,07:00 - 08:00,Peak,Spring,1.3333333333333333,3,0.5773502691896258,0.3
lyon,métro,Low Stress,07:00 - 08:00,Peak,Summer,1.6,5,0.8944271909999159,0.5
lyon,métro,Low Stress,07:00 - 08:00,Peak,Winter,3.0,1,0.0,0.1
lyon,métro,Low Stress,08:00 - 09:00,Peak,Autumn,3.0,5,1.0,0.5
lyon,métro,Low Stress,08:00 - 09:00,Peak,Spring,2.5,2,0.7071067811865476,0.2
lyon,métro,Low Stress,08:00 - 09:00,Peak,Summer,2.0,4,0.0,0.4
lyon,métro,Low Stress,08:00 - 09:00,Peak,Winter,1.6666666666666667,3,1.1547005383792517,0.3
lyon,métro,Low Stress,09:00 - 10:00,Peak,Autumn,1.6666666666666667,3,0.5773502691896258,0.3
lyon,métro,Low Stress,09:00 - 10:00,Peak,Spring,2.3333333333333335,3,0.5773502691896257,0.3
lyon,métro,Low Stress,09:00 - 10:00,Peak,Summer,1.6666666666666667,3,0.5773502691896257,0.3
lyon,métro,Low Stress,09:00 - 10:00,Peak,Winter,3.0,2,0.0,0.2
lyon,métro,Low Stress,10:00 - 11:00,Off-Peak,Autumn,2.4285714285714284,7,0.7867957924694432,0.7
lyon,métro,Low Stress,10:00 - 11:00,Off-Peak,Spring,3.0,2,0.0,0.2
lyon,métro,Low Stress,10:00 - 11:00,Off-Peak,Summer,2.25,4,1.2583057392117916,0.4
lyon,métro,Low Stress,10:00 - 11:00,Off-Peak,Winter,3.5,4,1.2909944487358056,0.4
lyon,métro,Low Stress,11:00 - 12:00,Off-Peak,Spring,1.0,1,0.0,0.1
lyon,métro,Low Stress,11:00 - 12:00,Off-Peak,Summer,2.5,2,2.1213203435596424,0.2
lyon,métro,Low Stress,11:00 - 12:00,Off-Peak,Winter,3.0,3,1.0,0.3
lyon,métro,Low Stress,12:00 - 13:00,Off-Peak,Autumn,2.5,4,0.5773502691896257,0.4
lyon,métro,Low Stress,12:00 - 13:00,Off-Peak,Spring,1.0,2,0.0,0.2
lyon,métro,Low Stress,12:00 - 13:00,Off-Peak,Summer,2.0,2,1.4142135623730951,0.2
lyon,métro,Low Stress,12:00 - 13:00,Off-Peak,Winter,3.0,1,0.0,0.1
lyon,métro,Low Stress,13:00 - 14:00,Off-Peak,Autumn,3.0,3,1.0,0.3
lyon,métro,Low Stress,13:00 - 14:00,Off-Peak,Spring,2.2857142857142856,7,0.7559289460184544,0.7
lyon,métro,Low Stress,13:00 - 14:00,Off-Peak,Summer,3.0,1,0.0,0.1
lyon,métro,Low Stress,13:00 - 14:00,Off-Peak,Winter,3.0,2,1.4142135623730951,0.2
lyon,métro,Low Stress,14:00 - 15:00,Off-Peak,Autumn,4.5,2,0.7071067811865476,0.2
lyon,métro,Low Stress,14:00 - 15:00,Off-Peak,Spring,2.0,1,0.0,0.1
lyon,métro,Low Stress,14:00 - 15:00,Off-Peak,Summer,2.0,2,0.0,0.2
lyon,métro,Low Stress,14:00 - 15:00,Off-Peak,Winter,2.4,5,0.5477225575051661,0.5
lyon,métro,Low Stress,15:00 - 16:00,Off-Peak,Autumn,2.5,2,2.1213203435596424,0.2
lyon,métro,Low Stress,15:00 - 16:00,Off-Peak,Spring,4.0,1,0.0,0.1
lyon,métro,Low Stress,15:00 - 16:00,Off-Peak,Summer,1.0,1,0.0,0.1
lyon,métro,Low Stress,15:00 - 16:00,Off-Peak,Winter,2.0,2,0.0,0.2
lyon,métro,Low Stress,16:00 - 17:00,Off-Peak,Autumn,2.0,1,0.0,0.1
lyon,métro,Low Stress,16:00 - 17:00,Off-Peak,Spring,3.0,2,0.0,0.2
lyon,métro,Low Stress,16:00 - 17:00,Off-Peak,Summer,1.5,2,0.7071067811865476,0.2
lyon,métro,Low Stress,16:00 - 17:00,Off-Peak,Winter,3.0,1,0.0,0.1
lyon,métro,Low Stress,17:00 - 18:00,Peak,Autumn,2.0,2,0.0,0.2
lyon,métro,Low Stress,17:00 - 18:00,Peak,Spring,2.5,2,0.7071067811865476,0.2
lyon,métro,Low Stress,17:00 - 18:00,Peak,Summer,2.25,4,0.9574271077563381,0.4
lyon,métro,Low Stress,17:00 - 18:00,Peak,Winter,3.75,4,1.2583057392117916,0.4
lyon,métro,Low Stress,18:00 - 19:00,Peak,Autumn,3.0,1,0.0,0.1
lyon,métro,Low Stress,18:00 - 19:00,Peak,Spring,2.5,4,0.5773502691896257,0.4
lyon,métro,Low Stress,18:00 - 19:00,Peak,Summer,2.5,2,0.7071067811865476,0.2
lyon,métro,Low Stress,18:00 - 19:00,Peak,Winter,2.0,2,0.0,0.2
lyon,métro,Low Stress,19:00 - 20:00,Peak,Autumn,2.6666666666666665,3,1.1547005383792517,0.3
lyon,métro,Low Stress,19:00 - 20:00,Peak,Summer,2.5,2,0.7071067811865476,0.2
lyon,métro,Low Stress,19:00 - 20:00,Peak,Winter,3.0,1,0.0,0.1
lyon,métro,Low Stress,20:00 - 21:00,Night,Autumn,2.5,2,0.7071067811865476,0.2
lyon,métro,Low Stress,20:00 - 21:00,Night,Spring,2.6666666666666665,6,0.816496580927726,0.6
lyon,métro,Low Stress,20:00 - 21:00,Night,Summer,2.0,4,0.816496580927726,0.4
lyon,métro,Low Stress,20:00 - 21:00,Night,Winter,3.0,1,0.0,0.1
lyon,métro,Low Stress,21:00 - 22:00,Night,Autumn,1.0,1,0.0,0.1
lyon,métro,Low Stress,21:00 - 22:00,Night,Spring,2.0,3,1.0,0.3
lyon,métro,Low Stress,21:00 - 22:00,Night,Summer,3.3333333333333335,3,1.5275252316519465,0.3
lyon,métro,Low Stress,21:00 - 22:00,Night,Winter,4.0,1,0.0,0.1
lyon,métro,Low Stress,22:00 - 23:00,Night,Autumn,2.4,5,1.140175425099138,0.5
lyon,métro,Low Stress,22:00 - 23:00,Night,Spring,4.0,1,0.0,0.1
lyon,métro,Low Stress,22:00 - 23:00,Night,Summer,3.0,1,0.0,0.1
lyon,métro,Low Stress,22:00 - 23:00,Night,Winter,3.0,1,0.0,0.1
lyon,métro,Low Stress,23:00 - 24:00,Night,Spring,4.0,2,0.0,0.2
lyon,métro,Low Stress,23:00 - 24:00,Night,Winter,2.5,4,1.7320508075688772,0.4
lyon,tram,High Stress,00:00 - 01:00,Night,Autumn,3.0,1,0.0,0.1
lyon,tram,High Stress,01:00 - 02:00,Night,Winter,3.0,1,0.0,0.1
lyon,tram,High Stress,02:00 - 03:00,Night,Autumn,2.0,1,0.0,0.1
lyon,tram,High Stress,03:00 - 04:00,Night,Winter,4.0,1,0.0,0.1
lyon,tram,High Stress,06:00 - 07:00,Night,Summer,2.0,1,0.0,0.1
lyon,tram,High Stress,06:00 - 07:00,Night,Winter,,0,0.0,0.0
lyon,tram,High Stress,07:00 - 08:00,Peak,Spring,2.0,1,0.0,0.1
lyon,tram,High Stress,07:00 - 08:00,Peak,Winter,2.0,1,0.0,0.1
lyon,tram,High Stress,08:00 - 09:00,Peak,Spring,3.0,1,0.0,0.1
lyon,tram,High Stress,09:00 - 10:00,Peak,Autumn,2.0,1,0.0,0.1
lyon,tram,High Stress,09:00 - 10:00,Peak,Summer,1.0,1,0.0,0.1
lyon,tram,High Stress,09:00 - 10:00,Peak,Winter,1.0,1,0.0,0.1
lyon,tram,High Stress,11:00 - 12:00,Off-Peak,Summer,2.0,1,0.0,0.1
lyon,tram,High Stress,12:00 - 13:00,Off-Peak,Summer,3.0,1,0.0,0.1
lyon,tram,High Stress,14:00 - 15:00,Off-Peak,Autumn,4.0,1,0.0,0.1
lyon,tram,High Stress,14:00 - 15:00,Off-Peak,Spring,4.0,1,0.0,0.1
lyon,tram,High Stress,16:00 - 17:00,Off-Peak,Spring,2.5,2,0.7071067811865476,0.2
lyon,tram,High Stress,17:00 - 18:00,Peak,Spring,3.0,2,0.0,0.2
lyon,tram,High Stress,18:00 - 19:00,Peak,Summer,3.0,2,1.4142135623730951,0.2
lyon,tram,High Stress,19:00 - 20:00,Peak,Autumn,3.0,1,0.0,0.1
lyon,tram,High Stress,19:00 - 20:00,Peak,Spring,1.0,1,0.0,0.1
lyon,tram,High Stress,21:00 - 22:00,Night,Spring,2.0,1,0.0,0.1
lyon,tram,High Stress,21:00 - 22:00,Night,Summer,2.0,1,0.0,0.1
lyon,tram,High Stress,22:00 - 23:00,Night,Autumn,3.0,2,0.0,0.2
lyon,tram,High Stress,23:00 - 24:00,Night,Winter,3.0,1,0.0,0.1
lyon,tram,Low Stress,00:00 - 01:00,Night,Spring,3.0,1,0.0,0.1
lyon,tram,Low Stress,00:00 - 01:00,Night,Winter,4.0,1,0.0,0.1
lyon,tram,Low Stress,01:00 - 02:00,Night,Autumn,2.0,1,0.0,0.1
lyon,tram,Low Stress,01:00 - 02:00,Night,Spring,3.5,2,0.7071067811865476,0.2
lyon,tram,Low Stress,01:00 - 02:00,Night,Summer,3.0,1,0.0,0.1
lyon,tram,Low Stress,01:00 - 02:00,Night,Winter,4.0,1,0.0,0.1
lyon,tram,Low Stress,02:00 - 03:00,Night,Autumn,3.3333333333333335,3,1.5275252316519465,0.3
lyon,tram,Low Stress,02:00 - 03:00,Night,Spring,3.0,2,0.0,0.2
lyon,tram,Low Stress,02:00 - 03:00,Night,Summer,3.0,2,1.4142135623730951,0.2
lyon,tram,Low Stress,02:00 - 03:00,Night,Winter,1.0,2,0.0,0.2
lyon,tram,Low Stress,03:00 - 04:00,Night,Spring,2.5,2,0.7071067811865476,0.2
lyon,tram,Low Stress,03:00 - 04:00,Night,Summer,2.6666666666666665,3,2.0816659994661326,0.3
lyon,tram,Low Stress,03:00 - 04:00,Night,Winter,3.0,2,0.0,0.2
lyon,tram,Low Stress,04:00 - 05:00,Night,Autumn,2.0,2,1.4142135623730951,0.2
lyon,tram,Low Stress,04:00 - 05:00,Night,Spring,2.0,2,0.0,0.2
lyon,tram,Low Stress,04:00 - 05:00,Night,Summer,1.0,1,0.0,0.1
lyon,tram,Low Stress,04:00 - 05:00,Night,Winter,1.0,1,0.0,0.1
lyon,tram,Low Stress,05:00 - 06:00,Night,Autumn,2.0,1,0.0,0.1
lyon,tram,Low Stress,05:00 - 06:00,Night,Spring,2.0,1,0.0,0.1
lyon,tram,Low Stress,05:00 - 06:00,Night,Summer,2.5,2,2.1213203435596424,0.2
lyon,tram,Low Stress,06:00 - 07:00,Night,Autumn,1.0,1,0.0,0.1
lyon,tram,Low Stress,06:00 - 07:00,Night,Spring,3.0,2,0.0,0.2
lyon,tram,Low Stress,06:00 - 07:00,Night,Summer,2.5,4,1.2909944487358056,0.4
lyon,tram,Low Stress,06:00 - 07:00,Night,Winter,3.0,2,0.0,0.2
lyon,tram,Low Stress,07:00 - 08:00,Peak,Autumn,2.6666666666666665,3,1.5275252316519465,0.3
lyon,tram,Low Stress,07:00 - 08:00,Peak,Spring,2.0,2,1.4142135623730951,0.2
lyon,tram,Low Stress,07:00 - 08:00,Peak,Summer,3.4,5,1.140175425099138,0.5
lyon,tram,Low Stress,07:00 - 08:00,Peak,Winter,1.0,1,0.0,0.1
lyon,tram,Low Stress,08:00 - 09:00,Peak,Autumn,1.0,1,0.0,0.1
lyon,tram,Low Stress,08:00 - 09:00,Peak,Spring,2.5,2,0.7071067811865476,0.2
lyon,tram,Low Stress,08:00 - 09:00,Peak,Summer,2.5,2,0.7071067811865476,0.2
lyon,tram,Low Stress,08:00 - 09:00,Peak,Winter,2.3333333333333335,3,0.5773502691896257,0.3
lyon,tram,Low Stress,09:00 - 10:00,Peak,Autumn,1.5,2,0.7071067811865476,0.2
lyon,tram,Low Stress,09:00 - 10:00,Peak,Spring,3.0,1,0.0,0.1
lyon,tram,Low Stress,09:00 - 10:00,Peak,Summer,1.0,2,0.0,0.2
lyon,tram,Low Stress,09:00 - 10:00,Peak,Winter,,0,0.0,0.0
lyon,tram,Low Stress,10:00 - 11:00,Off-Peak,Autumn,3.0,1,0.0,0.1
lyon,tram,Low Stress,10:00 - 11:00,Off-Peak,Spring,2.5,2,0.7071067811865476,0.2
lyon,tram,Low Stress,10:00 - 11:00,Off-Peak,Winter,3.0,2,0.0,0.2
lyon,tram,Low Stress,11:00 - 12:00,Off-Peak,Autumn,3.0,1,0.0,0.1
lyon,tram,Low Stress,11:00 - 12:00,Off-Peak,Summer,3.0,2,1.4142135623730951,0.2
lyon,tram,Low Stress,12:00 - 13:00,Off-Peak,Autumn,3.0,2,0.0,0.2
lyon,tram,Low Stress,12:00 - 13:00,Off-Peak,Spring,2.6666666666666665,3,1.5275252316519465,0.3
lyon,tram,Low Stress,12:00 - 13:00,Off-Peak,Summer,3.0,2,0.0,0.2
lyon,tram,Low Stress,13:00 - 14:00,Off-Peak,Autumn,3.0,1,0.0,0.1
lyon,tram,Low Stress,13:00 - 14:00,Off-Peak,Spring,2.0,1,0.0,0.1
lyon,tram,Low Stress,13:00 - 14:00,Off-Peak,Summer,3.0,3,1.0,0.3
lyon,tram,Low Stress,13:00 - 14:00,Off-Peak,Winter,2.5,2,2.1213203435596424,0.2
lyon,tram,Low Stress,14:00 - 15:00,Off-Peak,Autumn,1.0,1,0.0,0.1
lyon,tram,Low Stress,14:00 - 15:00,Off-Peak,Spring,2.0,1,0.0,0.1
lyon,tram,Low Stress,14:00 - 15:00,Off-Peak,Summer,2.6666666666666665,3,0.5773502691896258,0.3
lyon,tram,Low Stress,14:00 - 15:00,Off-Peak,Winter,1.0,1,0.0,0.1
lyon,tram,Low Stress,15:00 - 16:00,Off-Peak,Autumn,1.0,1,0.0,0.1
lyon,tram,Low Stress,15:00 - 16:00,Off-Peak,Spring,3.0,2,0.0,0.2
lyon,tram,Low Stress,15:00 - 16:00,Off-Peak,Summer,1.0,1,0.0,0.1
lyon,tram,Low Stress,15:00 - 16:00,Off-Peak,Winter,3.6666666666666665,3,0.5773502691896257,0.3
lyon,tram,Low Stress,16:00 - 17:00,Off-Peak,Autumn,2.0,1,0.0,0.1
lyon,tram,Low Stress,16:00 - 17:00,Off-Peak,Spring,3.0,1,0.0,0.1
lyon,tram,Low Stress,17:00 - 18:00,Peak,Spring,2.0,3,1.0,0.3
lyon,tram,Low Stress,17:00 - 18:00,Peak,Summer,1.5,2,0.7071067811865476,0.2
lyon,tram,Low Stress,17:00 - 18:00,Peak,Winter,2.0,2,0.0,0.2
lyon,tram,Low Stress,18:00 - 19:00,Peak,Autumn,3.0,2,0.0,0.2
lyon,tram,Low Stress,18:00 - 19:00,Peak,Spring,3.5,2,0.7071067811865476,0.2
lyon,tram,Low Stress,18:00 - 19:00,Peak,Summer,2.6666666666666665,3,0.5773502691896258,0.3
lyon,tram,Low Stress,18:00 - 19:00,Peak,Winter,4.0,2,1.4142135623730951,0.2
lyon,tram,Low Stress,19:00 - 20:00,Peak,Autumn,3.0,2,0.0,0.2
lyon,tram,Low Stress,19:00 - 20:00,Peak,Summer,3.0,3,1.7320508075688772,0.3
lyon,tram,Low Stress,19:00 - 20:00,Peak,Winter,1.5,2,0.7071067811865476,0.2
lyon,tram,Low Stress,20:00 - 21:00,Night,Autumn,1.0,2,0.0,0.2
lyon,tram,Low Stress,20:00 - 21:00,Night,Spring,3.0,3,1.0,0.3
lyon,tram,Low Stress,20:00 - 21:00,Night,Summer,2.0,1,0.0,0.1
lyon,tram,Low Stress,20:00 - 21:00,Night,Winter,1.0,1,0.0,0.1
lyon,tram,Low Stress,21:00 - 22:00,Night,Autumn,3.0,2,2.8284271247461903,0.2
lyon,tram,Low Stress,21:00 - 22:00,Night,Spring,3.0,2,1.4142135623730951,0.2
lyon,tram,Low Stress,21:00 - 22:00,Night,Summer,2.5,2,0.7071067811865476,0.2
lyon,tram,Low Stress,22:00 - 23:00,Night,Autumn,4.0,1,0.0,0.1
lyon,tram,Low Stress,22:00 - 23:00,Night,Spring,2.3333333333333335,3,1.5275252316519468,0.3
lyon,tram,Low Stress,22:00 - 23:00,Night,Summer,3.5,2,0.7071067811865476,0.2
lyon,tram,Low Stress,22:00 - 23:00,Night,Winter,2.5,2,0.7071067811865476,0.2
lyon,tram,Low Stress,23:00 - 24:00,Night,Autumn,3.0,1,0.0,0.1
lyon,tram,Low Stress,23:00 - 24:00,Night,Spring,2.0,2,0.0,0.2
lyon,tram,Low Stress,23:00 - 24:00,Night,Winter,3.0,2,0.0,0.2
lyon,voiture,High Stress,01:00 - 02:00,Night,Autumn,2.5,2,0.7071067811865476,0.2
lyon,voiture,High Stress,01:00 - 02:00,Night,Spring,4.0,1,0.0,0.1
lyon,voiture,High Stress,01:00 - 02:00,Night,Summer,2.0,1,0.0,0.1
lyon,voiture,High Stress,02:00 - 03:00,Night,Winter,3.0,1,0.0,0.1
lyon,voiture,High Stress,03:00 - 04:00,Night,Autumn,3.0,1,0.0,0.1
lyon,voiture,High Stress,03:00 - 04:00,Night,Spring,3.0,1,0.0,0.1
lyon,voiture,High Stress,03:00 - 04:00,Night,Summer,2.0,1,0.0,0.1
lyon,voiture,High Stress,04:00 - 05:00,Night,Autumn,3.0,1,0.0,0.1
lyon,voiture,High Stress,04:00 - 05:00,Night,Spring,1.5,2,0.7071067811865476,0.2
lyon,voiture,High Stress,06:00 - 07:00,Night,Autumn,2.3333333333333335,3,1.5275252316519468,0.3
lyon,voiture,High Stress,06:00 - 07:00,Night,Winter,1.0,1,0.0,0.1
lyon,voiture,High Stress,07:00 - 08:00,Peak,Autumn,2.0,1,0.0,0.1
lyon,voiture,High Stress,08:00 - 09:00,Peak,Summer,4.0,1,0.0,0.1
lyon,voiture,High Stress,09:00 - 10:00,Peak,Summer,2.0,1,0.0,0.1
lyon,voiture,High Stress,10:00 - 11:00,Off-Peak,Summer,1.0,1,0.0,0.1
lyon,voiture,High Stress,11:00 - 12:00,Off-Peak,Spring,2.5,2,0.7071067811865476,0.2
lyon,voiture,High Stress,12:00 - 13:00,Off-Peak,Spring,2.0,1,0.0,0.1
lyon,voiture,High Stress,12:00 - 13:00,Off-Peak,Winter,2.5,2,0.7071067811865476,0.2
lyon,voiture,High Stress,13:00 - 14:00,Off-Peak,Autumn,2.0,1,0.0,0.1
lyon,voiture,High Stress,13:00 - 14:00,Off-Peak,Winter,2.0,1,0.0,0.1
lyon,voiture,High Stress,14:00 - 15:00,Off-Peak,Spring,2.0,1,0.0,0.1
lyon,voiture,High Stress,15:00 - 16:00,Off-Peak,Autumn,3.0,1,0.0,0.1
lyon,voiture,High Stress,15:00 - 16:00,Off-Peak,Winter,5.0,1,0.0,0.1
lyon,voiture,High Stress,16:00 - 17:00,Off-Peak,Autumn,3.0,1,0.0,0.1
lyon,voiture,High Stress,16:00 - 17:00,Off-Peak,Summer,4.0,1,0.0,0.1
lyon,voiture,High Stress,16:00 - 17:00,Off-Peak,Winter,2.0,1,0.0,0.1
lyon,voiture,High Stress,17:00 - 18:00,Peak,Summer,3.0,1,0.0,0.1
lyon,voiture,High Stress,18:00 - 19:00,Peak,Autumn,2.0,1,0.0,0.1
lyon,voiture,High Stress,18:00 - 19:00,Peak,Spring,2.0,1,0.0,0.1
lyon,voiture,High Stress,18:00 - 19:00,Peak,Winter,4.0,1,0.0,0.1
lyon,voiture,High Stress,22:00 - 23:00,Night,Autumn,1.5,2,0.7071067811865476,0.2
lyon,voiture,High Stress,22:00 - 23:00,Night,Spring,2.0,1,0.0,0.1
lyon,voiture,High Stress,22:00 - 23:00,Night,Winter,2.0,1,0.0,0.1
lyon,voiture,High Stress,23:00 - 24:00,Night,Winter,3.0,1,0.0,0.1
lyon,voiture,Low Stress,00:00 - 01:00,Night,Autumn,3.5,2,2.1213203435596424,0.2
lyon,voiture,Low Stress,00:00 - 01:00,Night,Spring,3.0,3,1.0,0.3
lyon,voiture,Low Stress,00:00 - 01:00,Night,Summer,2.5,4,0.5773502691896257,0.4
lyon,voiture,Low Stress,00:00 - 01:00,Night,Winter,2.0,4,0.816496580927726,0.4
lyon,voiture,Low Stress,01:00 - 02:00,Night,Autumn,3.0,1,0.0,0.1
lyon,voiture,Low Stress,01:00 - 02:00,Night,Summer,2.0,1,0.0,0.1
lyon,voiture,Low Stress,01:00 - 02:00,Night,Winter,1.0,1,0.0,0.1
lyon,voiture,Low Stress,02:00 - 03:00,Night,Autumn,2.6666666666666665,3,0.5773502691896257,0.3
lyon,voiture,Low Stress,02:00 - 03:00,Night,Spring,2.0,1,0.0,0.1
lyon,voiture,Low Stress,02:00 - 03:00,Night,Summer,2.0,1,0.0,0.1
lyon,voiture,Low Stress,02:00 - 03:00,Night,Winter,2.0,1,0.0,0.1
lyon,voiture,Low Stress,03:00 - 04:00,Night,Autumn,2.0,1,0.0,0.1
lyon,voiture,Low Stress,03:00 - 04:00,Night,Spring,1.0,1,0.0,0.1
lyon,voiture,Low Stress,03:00 - 04:00,Night,Summer,2.5,4,0.5773502691896257,0.4
lyon,voiture,Low Stress,03:00 - 04:00,Night,Winter,1.0,1,0.0,0.1
lyon,voiture,Low Stress,04:00 - 05:00,Night,Autumn,2.5,4,1.2909944487358054,0.4
lyon,voiture,Low Stress,04:00 - 05:00,Night,Spring,2.5,4,0.5773502691896257,0.4
lyon,voiture,Low Stress,04:00 - 05:00,Night,Summer,2.3333333333333335,3,1.1547005383792515,0.3
lyon,voiture,Low Stress,04:00 - 05:00,Night,Winter,2.25,4,0.9574271077563381,0.4
lyon,voiture,Low Stress,05:00 - 06:00,Night,Autumn,2.25,4,1.2583057392117916,0.4
lyon,voiture,Low Stress,05:00 - 06:00,Night,Spring,2.0,1,0.0,0.1
lyon,voiture,Low Stress,05:00 - 06:00,Night,Summer,2.0,2,1.4142135623730951,0.2
lyon,voiture,Low Stress,05:00 - 06:00,Night,Winter,2.0,2,1.4142135623730951,0.2
lyon,voiture,Low Stress,06:00 - 07:00,Night,Spring,2.0,1,0.0,0.1
lyon,voiture,Low Stress,06:00 - 07:00,Night,Summer,1.0,1,0.0,0.1
lyon,voiture,Low Stress,06:00 - 07:00,Night,Winter,3.0,1,0.0,0.1
lyon,voiture,Low Stress,07:00 - 08:00,Peak,Spring,1.0,1,0.0,0.1
lyon,voiture,Low Stress,07:00 - 08:00,Peak,Winter,2.0,2,0.0,0.2
lyon,voiture,Low Stress,08:00 - 09:00,Peak,Autumn,3.0,1,0.0,0.1
lyon,voiture,Low Stress,08:00 - 09:00,Peak,Spring,2.2,5,0.44721359549995787,0.5
lyon,voiture,Low Stress,08:00 - 09:00,Peak,Summer,3.0,1,0.0,0.1
lyon,voiture,Low Stress,09:00 - 10:00,Peak,Autumn,1.5,2,0.7071067811865476,0.2
lyon,voiture,Low Stress,09:00 - 10:00,Peak,Spring,2.0,3,1.0,0.3
lyon,voiture,Low Stress,09:00 - 10:00,Peak,Winter,1.0,1,0.0,0.1
lyon,voiture,Low Stress,10:00 - 11:00,Off-Peak,Autumn,3.0,1,0.0,0.1
lyon,voiture,Low Stress,10:00 - 11:00,Off-Peak,Spring,2.0,2,1.4142135623730951,0.2
lyon,voiture,Low Stress,10:00 - 11:00,Off-Peak,Summer,3.5,2,0.7071067811865476,0.2
lyon,voiture,Low Stress,11:00 - 12:00,Off-Peak,Autumn,3.0,4,1.632993161855452,0.4
lyon,voiture,Low Stress,11:00 - 12:00,Off-Peak,Summer,1.5,2,0.7071067811865476,0.2
lyon,voiture,Low Stress,11:00 - 12:00,Off-Peak,Winter,2.0,2,1.4142135623730951,0.2
lyon,voiture,Low Stress,12:00 - 13:00,Off-Peak,Autumn,2.5,2,0.7071067811865476,0.2
lyon,voiture,Low Stress,12:00 - 13:00,Off-Peak,Spring,2.0,1,0.0,0.1
lyon,voiture,Low Stress,12:00 - 13:00,Off-Peak,Winter,3.0,1,0.0,0.1
lyon,voiture,Low Stress,13:00 - 14:00,Off-Peak,Autumn,2.0,2,1.4142135623730951,0.2
lyon,voiture,Low Stress,13:00 - 14:00,Off-Peak,Spring,3.0,1,0.0,0.1
lyon,voiture,Low Stress,13:00 - 14:00,Off-Peak,Summer,3.3333333333333335,3,0.5773502691896258,0.3
lyon,voiture,Low Stress,13:00 - 14:00,Off-Peak,Winter,2.5,2,0.7071067811865476,0.2
lyon,voiture,Low Stress,14:00 - 15:00,Off-Peak,Autumn,1.0,1,0.0,0.1
lyon,voiture,Low Stress,14:00 - 15:00,Off-Peak,Spring,2.5,2,0.7071067811865476,0.2
lyon,voiture,Low Stress,14:00 - 15:00,Off-Peak,Winter,3.0,1,0.0,0.1
lyon,voiture,Low Stress,15:00 - 16:00,Off-Peak,Autumn,2.3333333333333335,3,1.1547005383792515,0.3
lyon,voiture,Low Stress,15:00 - 16:00,Off-Peak,Summer,1.0,1,0.0,0.1
lyon,voiture,Low Stress,15:00 - 16:00,Off-Peak,Winter,3.0,2,0.0,0.2
lyon,voiture,Low Stress,16:00 - 17:00,Off-Peak,Autumn,2.5,2,0.7071067811865476,0.2
lyon,voiture,Low Stress,16:00 - 17:00,Off-Peak,Spring,4.0,1,0.0,0.1
lyon,voiture,Low Stress,16:00 - 17:00,Off-Peak,Summer,1.0,1,0.0,0.1
lyon,voiture,Low Stress,16:00 - 17:00,Off-Peak,Winter,1.0,1,0.0,0.1
lyon,voiture,Low Stress,17:00 - 18:00,Peak,Autumn,2.0,1,0.0,0.1
lyon,voiture,Low Stress,17:00 - 18:00,Peak,Spring,2.0,1,0.0,0.1
lyon,voiture,Low Stress,17:00 - 18:00,Peak,Summer,3.25,4,0.9574271077563381,0.4
lyon,voiture,Low Stress,17:00 - 18:00,Peak,Winter,2.5,2,0.7071067811865476,0.2
lyon,voiture,Low Stress,18:00 - 19:00,Peak,Autumn,2.0,2,1.4142135623730951,0.2
lyon,voiture,Low Stress,18:00 - 19:00,Peak,Spring,2.5,2,0.7071067811865476,0.2
lyon,voiture,Low Stress,18:00 - 19:00,Peak,Summer,3.5,2,0.7071067811865476,0.2
lyon,voiture,Low Stress,18:00 - 19:00,Peak,Winter,2.2,5,0.8366600265340756,0.5
lyon,voiture,Low Stress,19:00 - 20:00,Peak,Autumn,4.0,2,1.4142135623730951,0.2
lyon,voiture,Low Stress,19:00 - 20:00,Peak,Spring,3.0,2,0.0,0.2
lyon,voiture,Low Stress,19:00 - 20:00,Peak,Summer,2.6,5,0.5477225575051661,0.5
lyon,voiture,Low Stress,19:00 - 20:00,Peak,Winter,2.3333333333333335,3,0.5773502691896257,0.3
lyon,voiture,Low Stress,20:00 - 21:00,Night,Spring,2.0,2,1.4142135623730951,0.2
lyon,voiture,Low Stress,20:00 - 21:00,Night,Summer,2.6,5,1.51657508881031,0.5
lyon,voiture,Low Stress,20:00 - 21:00,Night,Winter,2.5,2,2.1213203435596424,0.2
lyon,voiture,Low Stress,21:00 - 22:00,Night,Spring,2.0,1,0.0,0.1
lyon,voiture,Low Stress,21:00 - 22:00,Night,Winter,3.0,3,2.0,0.3
lyon,voiture,Low Stress,22:00 - 23:00,Night,Autumn,3.3333333333333335,3,1.5275252316519465,0.3
lyon,voiture,Low Stress,22:00 - 23:00,Night,Spring,1.0,1,0.0,0.1
lyon,voiture,Low Stress,22:00 - 23:00,Night,Summer,2.5,2,0.7071067811865476,0.2
lyon,voiture,Low Stress,22:00 - 23:00,Night,Winter,1.5,2,0.7071067811865476,0.2
lyon,voiture,Low Stress,23:00 - 24:00,Night,Autumn,1.0,1,0.0,0.1
lyon,voiture,Low Stress,23:00 - 24:00,Night,Winter,3.0,1,0.0,0.1
lyon,vélo,High Stress,00:00 - 01:00,Night,Spring,2.0,1,0.0,0.1
lyon,vélo,High Stress,01:00 - 02:00,Night,Autumn,2.0,1,0.0,0.1
lyon,vélo,High Stress,02:00 - 03:00,Night,Summer,2.0,1,0.0,0.1
lyon,vélo,High Stress,03:00 - 04:00,Night,Spring,1.0,1,0.0,0.1
lyon,vélo,High Stress,04:00 - 05:00,Night,Summer,1.0,1,0.0,0.1
lyon,vélo,High Stress,05:00 - 06:00,Night,Summer,2.0,1,0.0,0.1
lyon,vélo,High Stress,05:00 - 06:00,Night,Winter,4.0,1,0.0,0.1
lyon,vélo,High Stress,08:00 - 09:00,Peak,Autumn,3.0,1,0.0,0.1
lyon,vélo,High Stress,08:00 - 09:00,Peak,Spring,3.0,1,0.0,0.1
lyon,vélo,High Stress,10:00 - 11:00,Off-Peak,Autumn,2.5,2,0.7071067811865476,0.2
lyon,vélo,High Stress,11:00 - 12:00,Off-Peak,Autumn,2.0,1,0.0,0.1
lyon,vélo,High Stress,12:00 - 13:00,Off-Peak,Autumn,1.0,1,0.0,0.1
lyon,vélo,High Stress,13:00 - 14:00,Off-Peak,Winter,1.0,1,0.0,0.1
lyon,vélo,High Stress,17:00 - 18:00,Peak,Autumn,4.0,1,0.0,0.1
lyon,vélo,High Stress,17:00 - 18:00,Peak,Spring,2.0,1,0.0,0.1
lyon,vélo,High Stress,17:00 - 18:00,Peak,Summer,3.0,1,0.0,0.1
lyon,vélo,High Stress,18:00 - 19:00,Peak,Spring,1.0,1,0.0,0.1
lyon,vélo,High Stress,20:00 - 21:00,Night,Autumn,3.0,1,0.0,0.1
lyon,vélo,High Stress,20:00 - 21:00,Night,Summer,1.0,1,0.0,0.1
lyon,vélo,High Stress,22:00 - 23:00,Night,Spring,1.0,1,0.0,0.1
lyon,vélo,High Stress,23:00 - 24:00,Night,Autumn,4.0,1,0.0,0.1
lyon,vélo,Low Stress,00:00 - 01:00,Night,Autumn,3.3333333333333335,3,0.5773502691896258,0.3
lyon,vélo,Low Stress,00:00 - 01:00,Night,Winter,2.0,1,0.0,0.1
lyon,vélo,Low Stress,01:00 - 02:00,Night,Autumn,3.0,1,0.0,0.1
lyon,vélo,Low Stress,01:00 - 02:00,Night,Winter,2.5,2,0.7071067811865476,0.2
lyon,vélo,Low Stress,02:00 - 03:00,Night,Autumn,3.0,1,0.0,0.1
lyon,vélo,Low Stress,02:00 - 03:00,Night,Spring,3.0,1,0.0,0.1
lyon,vélo,Low Stress,02:00 - 03:00,Night,Summer,3.0,1,0.0,0.1
lyon,vélo,Low Stress,02:00 - 03:00,Night,Winter,2.3333333333333335,3,0.5773502691896258,0.3
lyon,vélo,Low Stress,03:00 - 04:00,Night,Autumn,4.0,1,0.0,0.1
lyon,vélo,Low Stress,03:00 - 04:00,Night,Winter,2.6666666666666665,3,2.0816659994661326,0.3
lyon,vélo,Low Stress,04:00 - 05:00,Night,Autumn,2.5,2,0.7071067811865476,0.2
lyon,vélo,Low Stress,04:00 - 05:00,Night,Summer,3.0,1,0.0,0.1
lyon,vélo,Low Stress,04:00 - 05:00,Night,Winter,3.0,2,1.4142135623730951,0.2
lyon,vélo,Low Stress,05:00 - 06:00,Night,Autumn,1.0,1,0.0,0.1
lyon,vélo,Low Stress,05:00 - 06:00,Night,Spring,4.0,1,0.0,0.1
lyon,vélo,Low Stress,05:00 - 06:00,Night,Winter,2.0,3,1.0,0.3
lyon,vélo,Low Stress,06:00 - 07:00,Night,Summer,2.0,1,0.0,0.1
lyon,vélo,Low Stress,07:00 - 08:00,Peak,Spring,3.0,1,0.0,0.1
lyon,vélo,Low Stress,07:00 - 08:00,Peak,Summer,2.0,1,0.0,0.1
lyon,vélo,Low Stress,07:00 - 08:00,Peak,Winter,3.5,2,0.7071067811865476,0.2
lyon,vélo,Low Stress,08:00 - 09:00,Peak,Autumn,4.0,1,0.0,0.1
lyon,vélo,Low Stress,08:00 - 09:00,Peak,Spring,2.0,1,0.0,0.1
lyon,vélo,Low Stress,08:00 - 09:00,Peak,Summer,3.0,2,0.0,0.2
lyon,vélo,Low Stress,08:00 - 09:00,Peak,Winter,2.6666666666666665,3,1.5275252316519468,0.3
lyon,vélo,Low Stress,09:00 - 10:00,Peak,Autumn,4.0,1,0.0,0.1
lyon,vélo,Low Stress,09:00 - 10:00,Peak,Spring,3.0,1,0.0,0.1
lyon,vélo,Low Stress,10:00 - 11:00,Off-Peak,Autumn,3.0,3,1.0,0.3
lyon,vélo,Low Stress,10:00 - 11:00,Off-Peak,Spring,3.0,1,0.0,0.1
lyon,vélo,Low Stress,10:00 - 11:00,Off-Peak,Winter,2.0,3,1.0,0.3
lyon,vélo,Low Stress,11:00 - 12:00,Off-Peak,Autumn,1.0,1,0.0,0.1
lyon,vélo,Low Stress,11:00 - 12:00,Off-Peak,Spring,1.5,2,0.7071067811865476,0.2
lyon,vélo,Low Stress,11:00 - 12:00,Off-Peak,Summer,3.0,2,1.4142135623730951,0.2
lyon,vélo,Low Stress,12:00 - 13:00,Off-Peak,Autumn,2.0,2,1.4142135623730951,0.2
lyon,vélo,Low Stress,12:00 - 13:00,Off-Peak,Summer,3.3333333333333335,3,0.5773502691896257,0.3
lyon,vélo,Low Stress,13:00 - 14:00,Off-Peak,Autumn,1.0,1,0.0,0.1
lyon,vélo,Low Stress,13:00 - 14:00,Off-Peak,Summer,5.0,1,0.0,0.1
lyon,vélo,Low Stress,13:00 - 14:00,Off-Peak,Winter,2.0,1,0.0,0.1
lyon,vélo,Low Stress,14:00 - 15:00,Off-Peak,Spring,3.0,2,0.0,0.2
lyon,vélo,Low Stress,14:00 - 15:00,Off-Peak,Winter,2.0,1,0.0,0.1
lyon,vélo,Low Stress,15:00 - 16:00,Off-Peak,Autumn,1.5,2,0.7071067811865476,0.2
lyon,vélo,Low Stress,15:00 - 16:00,Off-Peak,Summer,2.5,2,0.7071067811865476,0.2
lyon,vélo,Low Stress,15:00 - 16:00,Off-Peak,Winter,4.0,1,0.0,0.1
lyon,vélo,Low Stress,16:00 - 17:00,Off-Peak,Autumn,2.0,1,0.0,0.1
lyon,vélo,Low Stress,16:00 - 17:00,Off-Peak,Spring,2.0,1,0.0,0.1
lyon,vélo,Low Stress,16:00 - 17:00,Off-Peak,Summer,1.0,1,0.0,0.1
lyon,vélo,Low Stress,16:00 - 17:00,Off-Peak,Winter,3.0,1,0.0,0.1
lyon,vélo,Low Stress,17:00 - 18:00,Peak,Spring,3.0,1,0.0,0.1
lyon,vélo,Low Stress,17:00 - 18:00,Peak,Summer,3.0,1,0.0,0.1
lyon,vélo,Low Stress,18:00 - 19:00,Peak,Autumn,1.5,2,0.7071067811865476,0.2
lyon,vélo,Low Stress,18:00 - 19:00,Peak,Spring,1.0,1,0.0,0.1
lyon,vélo,Low Stress,18:00 - 19:00,Peak,Summer,2.5,2,0.7071067811865476,0.2
lyon,vélo,Low Stress,19:00 - 20:00,Peak,Autumn,3.0,2,0.0,0.2
lyon,vélo,Low Stress,19:00 - 20:00,Peak,Summer,,0,0.0,0.0
lyon,vélo,Low Stress,21:00 - 22:00,Night,Autumn,3.0,1,0.0,0.1
lyon,vélo,Low Stress,21:00 - 22:00,Night,Winter,2.0,2,1.4142135623730951,0.2
lyon,vélo,Low Stress,22:00 - 23:00,Night,Autumn,4.0,1,0.0,0.1
lyon,vélo,Low Stress,22:00 - 23:00,Night,Spring,3.5,2,0.7071067811865476,0.2
lyon,vélo,Low Stress,22:00 - 23:00,Night,Winter,2.6666666666666665,3,1.1547005383792515,0.3
lyon,vélo,Low Stress,23:00 - 24:00,Night,Autumn,3.0,2,0.0,0.2
lyon,vélo,Low Stress,23:00 - 24:00,Night,Summer,1.0,1,0.0,0.1
